nivel,imagen,fila_borde_estimada,revisar
0,0.jpg,94,False
0,1.jpg,102,False
0,2.jpg,94,False
0,3.jpg,103,False
0,4.jpg,93,False
0,5.jpg,102,False
0,6.jpg,89,False
0,7.jpg,100,False
0,8.jpg,84,True
0,9.jpg,98,False
0,10.jpg,90,False
0,11.jpg,98,False
0,12.jpg,93,False
0,13.jpg,102,False
0,14.jpg,100,False
0,15.jpg,102,False
0,16.jpg,94,False
0,17.jpg,103,False
0,18.jpg,98,False
0,19.jpg,104,False
0,20.jpg,90,False
0,21.jpg,98,False
0,22.jpg,95,False
0,23.jpg,100,False
0,24.jpg,93,False
0,25.jpg,103,False
0,26.jpg,94,False
0,27.jpg,103,False
0,28.jpg,94,False
0,29.jpg,104,False
0,30.jpg,97,False
0,31.jpg,103,False
0,32.jpg,93,False
0,33.jpg,108,False
0,34.jpg,95,False
0,35.jpg,102,False
0,36.jpg,89,False
0,37.jpg,100,False
0,38.jpg,95,False
0,39.jpg,102,False
0,40.jpg,98,False
0,41.jpg,100,False
0,42.jpg,93,False
0,43.jpg,103,False
0,44.jpg,95,False
0,45.jpg,104,False
0,46.jpg,97,False
0,47.jpg,103,False
0,48.jpg,92,False
0,49.jpg,103,False
0,50.jpg,97,False
0,51.jpg,102,False
0,52.jpg,94,False
0,53.jpg,102,False
0,54.jpg,93,False
0,55.jpg,103,False
0,56.jpg,96,False
0,57.jpg,103,False
0,58.jpg,93,False
0,59.jpg,102,False
0,60.jpg,101,False
0,61.jpg,102,False
0,62.jpg,92,False
0,63.jpg,103,False
0,64.jpg,92,False
0,65.jpg,103,False
0,66.jpg,96,False
0,67.jpg,103,False
0,68.jpg,98,False
0,69.jpg,102,False
0,70.jpg,92,False
0,71.jpg,106,False
0,72.jpg,92,False
0,73.jpg,104,False
0,74.jpg,94,False
0,75.jpg,103,False
0,76.jpg,97,False
0,77.jpg,102,False
0,78.jpg,101,False
0,79.jpg,102,False
0,80.jpg,95,False
0,81.jpg,102,False
0,82.jpg,93,False
0,83.jpg,102,False
0,84.jpg,98,False
0,85.jpg,103,False
0,86.jpg,84,True
0,87.jpg,99,False
0,88.jpg,94,False
0,89.jpg,102,False
0,90.jpg,94,False
0,91.jpg,102,False
0,92.jpg,92,False
0,93.jpg,103,False
0,94.jpg,94,False
0,95.jpg,103,False
0,96.jpg,94,False
0,97.jpg,105,False
0,98.jpg,89,False
0,99.jpg,100,False
0,100.jpg,85,True
0,101.jpg,100,False
0,102.jpg,92,False
0,103.jpg,98,False
0,104.jpg,95,False
0,105.jpg,102,False
0,106.jpg,86,False
0,107.jpg,100,False
0,108.jpg,97,False
0,109.jpg,104,False
0,110.jpg,94,False
0,111.jpg,102,False
0,112.jpg,85,True
0,113.jpg,98,False
0,114.jpg,94,False
0,115.jpg,102,False
0,116.jpg,93,False
0,117.jpg,102,False
0,118.jpg,94,False
0,119.jpg,103,False
0,120.jpg,94,False
0,121.jpg,103,False
0,122.jpg,92,False
0,123.jpg,102,False
0,124.jpg,96,False
0,125.jpg,105,False
0,126.jpg,90,False
0,127.jpg,100,False
0,128.jpg,97,False
0,129.jpg,103,False
0,130.jpg,98,False
0,131.jpg,103,False
0,132.jpg,93,False
0,133.jpg,103,False
0,134.jpg,97,False
0,135.jpg,102,False
0,136.jpg,92,False
0,137.jpg,105,False
0,138.jpg,100,False
0,139.jpg,102,False
0,140.jpg,86,False
0,141.jpg,98,False
0,142.jpg,95,False
0,143.jpg,103,False
0,144.jpg,95,False
0,145.jpg,102,False
0,146.jpg,93,False
0,147.jpg,106,False
0,148.jpg,92,False
0,149.jpg,106,False
0,150.jpg,97,False
0,151.jpg,102,False
0,152.jpg,93,False
0,153.jpg,102,False
0,154.jpg,94,False
0,155.jpg,100,False
0,156.jpg,94,False
0,157.jpg,102,False
0,158.jpg,93,False
0,159.jpg,103,False
0,160.jpg,93,False
0,161.jpg,103,False
0,162.jpg,92,False
0,163.jpg,103,False
0,164.jpg,94,False
0,165.jpg,103,False
0,166.jpg,92,False
0,167.jpg,102,False
0,168.jpg,93,False
0,169.jpg,100,False
0,170.jpg,94,False
0,171.jpg,102,False
0,172.jpg,84,True
0,173.jpg,98,False
0,174.jpg,94,False
0,175.jpg,103,False
0,176.jpg,92,False
0,177.jpg,102,False
0,178.jpg,93,False
0,179.jpg,103,False
0,180.jpg,86,False
0,181.jpg,100,False
0,182.jpg,94,False
0,183.jpg,104,False
0,184.jpg,94,False
0,185.jpg,102,False
0,186.jpg,98,False
0,187.jpg,102,False
0,188.jpg,95,False
0,189.jpg,105,False
0,190.jpg,95,False
0,191.jpg,103,False
0,192.jpg,93,False
0,193.jpg,102,False
0,194.jpg,94,False
0,195.jpg,100,False
0,196.jpg,93,False
0,197.jpg,102,False
0,198.jpg,92,False
0,199.jpg,100,False
0,200.jpg,94,False
0,201.jpg,108,False
0,202.jpg,90,False
0,203.jpg,105,False
0,204.jpg,94,False
0,205.jpg,102,False
0,206.jpg,97,False
0,207.jpg,102,False
0,208.jpg,85,True
0,209.jpg,94,False
0,210.jpg,93,False
0,211.jpg,98,False
0,212.jpg,88,False
0,213.jpg,98,False
0,214.jpg,94,False
0,215.jpg,102,False
0,216.jpg,94,False
0,217.jpg,103,False
0,218.jpg,94,False
0,219.jpg,103,False
0,220.jpg,86,False
0,221.jpg,98,False
0,222.jpg,98,False
0,223.jpg,103,False
0,224.jpg,89,False
0,225.jpg,98,False
0,226.jpg,84,True
0,227.jpg,98,False
0,228.jpg,94,False
0,229.jpg,102,False
0,230.jpg,96,False
0,231.jpg,105,False
0,232.jpg,93,False
0,233.jpg,103,False
0,234.jpg,94,False
0,235.jpg,102,False
0,236.jpg,92,False
0,237.jpg,102,False
0,238.jpg,100,False
0,239.jpg,102,False
0,240.jpg,97,False
0,241.jpg,103,False
0,242.jpg,95,False
0,243.jpg,104,False
0,244.jpg,90,False
0,245.jpg,98,False
0,246.jpg,84,True
0,247.jpg,100,False
0,248.jpg,88,False
0,249.jpg,98,False
0,250.jpg,97,False
0,251.jpg,102,False
0,252.jpg,94,False
0,253.jpg,102,False
0,254.jpg,92,False
0,255.jpg,106,False
0,256.jpg,92,False
0,257.jpg,103,False
0,258.jpg,96,False
0,259.jpg,102,False
0,260.jpg,97,False
0,261.jpg,103,False
0,262.jpg,94,False
0,263.jpg,102,False
0,264.jpg,94,False
0,265.jpg,102,False
0,266.jpg,92,False
0,267.jpg,102,False
0,268.jpg,92,False
0,269.jpg,105,False
0,270.jpg,90,False
0,271.jpg,98,False
0,272.jpg,92,False
0,273.jpg,102,False
0,274.jpg,94,False
0,275.jpg,102,False
0,276.jpg,93,False
0,277.jpg,102,False
0,278.jpg,97,False
0,279.jpg,102,False
0,280.jpg,92,False
0,281.jpg,106,False
0,282.jpg,92,False
0,283.jpg,100,False
0,284.jpg,97,False
0,285.jpg,102,False
0,286.jpg,92,False
0,287.jpg,102,False
0,288.jpg,93,False
0,289.jpg,106,False
0,290.jpg,95,False
0,291.jpg,103,False
0,292.jpg,96,False
0,293.jpg,102,False
0,294.jpg,93,False
0,295.jpg,103,False
0,296.jpg,97,False
0,297.jpg,104,False
0,298.jpg,88,False
0,299.jpg,98,False
0,300.jpg,95,False
0,301.jpg,105,False
0,302.jpg,93,False
0,303.jpg,105,False
0,304.jpg,93,False
0,305.jpg,102,False
0,306.jpg,92,False
0,307.jpg,102,False
0,308.jpg,92,False
0,309.jpg,102,False
0,310.jpg,94,False
0,311.jpg,103,False
0,312.jpg,94,False
0,313.jpg,102,False
0,314.jpg,93,False
0,315.jpg,103,False
0,316.jpg,89,False
0,317.jpg,97,False
0,318.jpg,92,False
0,319.jpg,102,False
0,320.jpg,97,False
0,321.jpg,102,False
0,322.jpg,97,False
0,323.jpg,103,False
0,324.jpg,93,False
0,325.jpg,103,False
0,326.jpg,94,False
0,327.jpg,103,False
0,328.jpg,94,False
0,329.jpg,106,False
0,330.jpg,95,False
0,331.jpg,104,False
0,332.jpg,92,False
0,333.jpg,105,False
0,334.jpg,93,False
0,335.jpg,103,False
0,336.jpg,84,True
0,337.jpg,98,False
0,338.jpg,97,False
0,339.jpg,102,False
0,340.jpg,98,False
0,341.jpg,102,False
0,342.jpg,92,False
0,343.jpg,105,False
0,344.jpg,95,False
0,345.jpg,106,False
0,346.jpg,94,False
0,347.jpg,102,False
0,348.jpg,93,False
0,349.jpg,103,False
0,350.jpg,94,False
0,351.jpg,102,False
0,352.jpg,92,False
0,353.jpg,103,False
0,354.jpg,90,False
0,355.jpg,100,False
0,356.jpg,92,False
0,357.jpg,103,False
0,358.jpg,92,False
0,359.jpg,98,False
0,360.jpg,94,False
0,361.jpg,105,False
0,362.jpg,90,False
0,363.jpg,100,False
0,364.jpg,92,False
0,365.jpg,104,False
0,366.jpg,90,False
0,367.jpg,100,False
0,368.jpg,97,False
0,369.jpg,103,False
0,370.jpg,89,False
0,371.jpg,100,False
0,372.jpg,93,False
0,373.jpg,100,False
0,374.jpg,87,False
0,375.jpg,100,False
0,376.jpg,95,False
0,377.jpg,103,False
0,378.jpg,94,False
0,379.jpg,102,False
0,380.jpg,97,False
0,381.jpg,100,False
0,382.jpg,85,True
0,383.jpg,98,False
0,384.jpg,96,False
0,385.jpg,102,False
0,386.jpg,86,False
0,387.jpg,100,False
0,388.jpg,92,False
0,389.jpg,102,False
0,390.jpg,94,False
0,391.jpg,103,False
0,392.jpg,92,False
0,393.jpg,102,False
0,394.jpg,92,False
0,395.jpg,103,False
0,396.jpg,94,False
0,397.jpg,100,False
0,398.jpg,93,False
0,399.jpg,104,False
0,400.jpg,92,False
0,401.jpg,103,False
0,402.jpg,95,False
0,403.jpg,106,False
0,404.jpg,89,False
0,405.jpg,95,False
0,406.jpg,92,False
0,407.jpg,102,False
0,408.jpg,92,False
0,409.jpg,100,False
0,410.jpg,94,False
0,411.jpg,105,False
0,412.jpg,94,False
0,413.jpg,102,False
0,414.jpg,94,False
0,415.jpg,108,False
0,416.jpg,94,False
0,417.jpg,102,False
0,418.jpg,94,False
0,419.jpg,102,False
0,420.jpg,93,False
0,421.jpg,102,False
0,422.jpg,94,False
0,423.jpg,102,False
0,424.jpg,94,False
0,425.jpg,103,False
0,426.jpg,93,False
0,427.jpg,102,False
0,428.jpg,89,False
0,429.jpg,95,False
0,430.jpg,86,False
0,431.jpg,98,False
0,432.jpg,89,False
0,433.jpg,100,False
0,434.jpg,97,False
0,435.jpg,103,False
0,436.jpg,85,True
0,437.jpg,98,False
0,438.jpg,98,False
0,439.jpg,103,False
0,440.jpg,93,False
0,441.jpg,102,False
0,442.jpg,98,False
0,443.jpg,104,False
0,444.jpg,95,False
0,445.jpg,106,False
0,446.jpg,84,True
0,447.jpg,98,False
0,448.jpg,96,False
0,449.jpg,102,False
0,450.jpg,92,False
0,451.jpg,103,False
0,452.jpg,98,False
0,453.jpg,102,False
0,454.jpg,84,True
0,455.jpg,98,False
0,456.jpg,89,False
0,457.jpg,100,False
0,458.jpg,89,False
0,459.jpg,102,False
0,460.jpg,94,False
0,461.jpg,102,False
0,462.jpg,86,False
0,463.jpg,98,False
0,464.jpg,97,False
0,465.jpg,102,False
0,466.jpg,86,False
0,467.jpg,98,False
0,468.jpg,92,False
0,469.jpg,102,False
0,470.jpg,94,False
0,471.jpg,102,False
0,472.jpg,94,False
0,473.jpg,103,False
0,474.jpg,92,False
0,475.jpg,102,False
0,476.jpg,90,False
0,477.jpg,100,False
0,478.jpg,94,False
0,479.jpg,103,False
0,480.jpg,92,False
0,481.jpg,102,False
0,482.jpg,95,False
0,483.jpg,103,False
0,484.jpg,86,False
0,485.jpg,95,False
0,486.jpg,94,False
0,487.jpg,100,False
0,488.jpg,92,False
0,489.jpg,102,False
0,490.jpg,97,False
0,491.jpg,103,False
0,492.jpg,98,False
0,493.jpg,103,False
0,494.jpg,98,False
0,495.jpg,98,False
0,496.jpg,97,False
0,497.jpg,102,False
0,498.jpg,94,False
0,499.jpg,102,False
0,500.jpg,94,False
0,501.jpg,102,False
0,502.jpg,94,False
0,503.jpg,103,False
0,504.jpg,89,False
0,505.jpg,100,False
0,506.jpg,88,False
0,507.jpg,98,False
0,508.jpg,94,False
0,509.jpg,100,False
0,510.jpg,94,False
0,511.jpg,102,False
0,512.jpg,94,False
0,513.jpg,103,False
0,514.jpg,93,False
0,515.jpg,102,False
0,516.jpg,93,False
0,517.jpg,103,False
0,518.jpg,94,False
0,519.jpg,103,False
0,520.jpg,93,False
0,521.jpg,100,False
0,522.jpg,92,False
0,523.jpg,103,False
0,524.jpg,94,False
0,525.jpg,102,False
0,526.jpg,93,False
0,527.jpg,100,False
0,528.jpg,86,False
0,529.jpg,98,False
0,530.jpg,94,False
0,531.jpg,102,False
0,532.jpg,97,False
0,533.jpg,102,False
0,534.jpg,95,False
0,535.jpg,108,False
0,536.jpg,86,False
0,537.jpg,100,False
0,538.jpg,94,False
0,539.jpg,102,False
0,540.jpg,89,False
0,541.jpg,100,False
0,542.jpg,96,False
0,543.jpg,103,False
0,544.jpg,97,False
0,545.jpg,102,False
0,546.jpg,84,True
0,547.jpg,100,False
0,548.jpg,97,False
0,549.jpg,103,False
0,550.jpg,90,False
0,551.jpg,98,False
0,552.jpg,92,False
0,553.jpg,100,False
0,554.jpg,98,False
0,555.jpg,103,False
0,556.jpg,86,False
0,557.jpg,95,False
0,558.jpg,94,False
0,559.jpg,103,False
0,560.jpg,92,False
0,561.jpg,104,False
0,562.jpg,93,False
0,563.jpg,103,False
0,564.jpg,92,False
0,565.jpg,103,False
0,566.jpg,94,False
0,567.jpg,106,False
0,568.jpg,98,False
0,569.jpg,103,False
0,570.jpg,96,False
0,571.jpg,103,False
0,572.jpg,95,False
0,573.jpg,102,False
0,574.jpg,94,False
0,575.jpg,102,False
0,576.jpg,92,False
0,577.jpg,102,False
0,578.jpg,95,False
0,579.jpg,102,False
0,580.jpg,94,False
0,581.jpg,102,False
0,582.jpg,94,False
0,583.jpg,102,False
0,584.jpg,88,False
0,585.jpg,98,False
0,586.jpg,97,False
0,587.jpg,103,False
0,588.jpg,92,False
0,589.jpg,103,False
0,590.jpg,92,False
0,591.jpg,103,False
0,592.jpg,96,False
0,593.jpg,102,False
0,594.jpg,94,False
0,595.jpg,104,False
0,596.jpg,86,False
0,597.jpg,98,False
0,598.jpg,97,False
0,599.jpg,103,False
0,600.jpg,92,False
0,601.jpg,106,False
0,602.jpg,96,False
0,603.jpg,102,False
0,604.jpg,94,False
0,605.jpg,103,False
0,606.jpg,92,False
0,607.jpg,104,False
0,608.jpg,95,False
0,609.jpg,103,False
0,610.jpg,93,False
0,611.jpg,103,False
0,612.jpg,89,False
0,613.jpg,98,False
0,614.jpg,95,False
0,615.jpg,102,False
0,616.jpg,94,False
0,617.jpg,103,False
0,618.jpg,94,False
0,619.jpg,103,False
0,620.jpg,90,False
0,621.jpg,98,False
0,622.jpg,94,False
0,623.jpg,103,False
0,624.jpg,89,False
0,625.jpg,98,False
0,626.jpg,95,False
0,627.jpg,106,False
0,628.jpg,94,False
0,629.jpg,103,False
0,630.jpg,101,False
0,631.jpg,102,False
0,632.jpg,94,False
0,633.jpg,103,False
0,634.jpg,97,False
0,635.jpg,102,False
0,636.jpg,89,False
0,637.jpg,98,False
0,638.jpg,92,False
0,639.jpg,102,False
0,640.jpg,87,False
0,641.jpg,98,False
0,642.jpg,92,False
0,643.jpg,105,False
0,644.jpg,94,False
0,645.jpg,103,False
0,646.jpg,90,False
0,647.jpg,98,False
0,648.jpg,94,False
0,649.jpg,102,False
0,650.jpg,92,False
0,651.jpg,103,False
0,652.jpg,87,False
0,653.jpg,96,False
0,654.jpg,94,False
0,655.jpg,105,False
0,656.jpg,94,False
0,657.jpg,103,False
0,658.jpg,94,False
0,659.jpg,102,False
0,660.jpg,96,False
0,661.jpg,102,False
0,662.jpg,94,False
0,663.jpg,102,False
0,664.jpg,89,False
0,665.jpg,102,False
0,666.jpg,96,False
0,667.jpg,103,False
0,668.jpg,94,False
0,669.jpg,103,False
0,670.jpg,95,False
0,671.jpg,103,False
0,672.jpg,89,False
0,673.jpg,98,False
0,674.jpg,95,False
0,675.jpg,102,False
0,676.jpg,94,False
0,677.jpg,106,False
0,678.jpg,94,False
0,679.jpg,103,False
0,680.jpg,89,False
0,681.jpg,106,False
0,682.jpg,97,False
0,683.jpg,102,False
0,684.jpg,92,False
0,685.jpg,102,False
0,686.jpg,94,False
0,687.jpg,102,False
0,688.jpg,97,False
0,689.jpg,103,False
0,690.jpg,94,False
0,691.jpg,100,False
0,692.jpg,88,False
0,693.jpg,98,False
0,694.jpg,90,False
0,695.jpg,100,False
0,696.jpg,87,False
0,697.jpg,98,False
0,698.jpg,94,False
0,699.jpg,102,False
0,700.jpg,94,False
0,701.jpg,102,False
0,702.jpg,96,False
0,703.jpg,100,False
0,704.jpg,94,False
0,705.jpg,102,False
0,706.jpg,94,False
0,707.jpg,103,False
0,708.jpg,95,False
0,709.jpg,103,False
0,710.jpg,92,False
0,711.jpg,103,False
0,712.jpg,98,False
0,713.jpg,103,False
0,714.jpg,94,False
0,715.jpg,103,False
0,716.jpg,94,False
0,717.jpg,102,False
0,718.jpg,92,False
0,719.jpg,108,False
0,720.jpg,94,False
0,721.jpg,100,False
0,722.jpg,92,False
0,723.jpg,102,False
0,724.jpg,95,False
0,725.jpg,102,False
0,726.jpg,86,False
0,727.jpg,100,False
0,728.jpg,93,False
0,729.jpg,103,False
0,730.jpg,94,False
0,731.jpg,103,False
0,732.jpg,98,False
0,733.jpg,102,False
0,734.jpg,98,False
0,735.jpg,102,False
0,736.jpg,93,False
0,737.jpg,103,False
0,738.jpg,92,False
0,739.jpg,106,False
0,740.jpg,86,False
0,741.jpg,100,False
0,742.jpg,94,False
0,743.jpg,102,False
0,744.jpg,89,False
0,745.jpg,98,False
0,746.jpg,94,False
0,747.jpg,104,False
0,748.jpg,92,False
0,749.jpg,103,False
0,750.jpg,93,False
0,751.jpg,102,False
0,752.jpg,95,False
0,753.jpg,100,False
0,754.jpg,92,False
0,755.jpg,106,False
0,756.jpg,96,False
0,757.jpg,102,False
0,758.jpg,94,False
0,759.jpg,102,False
0,760.jpg,92,False
0,761.jpg,102,False
0,762.jpg,84,True
0,763.jpg,100,False
0,764.jpg,97,False
0,765.jpg,102,False
0,766.jpg,95,False
0,767.jpg,102,False
0,768.jpg,86,False
0,769.jpg,100,False
0,770.jpg,95,False
0,771.jpg,106,False
0,772.jpg,93,False
0,773.jpg,100,False
0,774.jpg,90,False
0,775.jpg,95,False
0,776.jpg,92,False
0,777.jpg,102,False
0,778.jpg,94,False
0,779.jpg,102,False
0,780.jpg,94,False
0,781.jpg,102,False
0,782.jpg,94,False
0,783.jpg,103,False
0,784.jpg,94,False
0,785.jpg,103,False
0,786.jpg,94,False
0,787.jpg,103,False
0,788.jpg,94,False
0,789.jpg,106,False
0,790.jpg,87,False
0,791.jpg,98,False
0,792.jpg,98,False
0,793.jpg,102,False
0,794.jpg,94,False
0,795.jpg,100,False
0,796.jpg,86,False
0,797.jpg,94,False
0,798.jpg,94,False
0,799.jpg,104,False
0,800.jpg,93,False
0,801.jpg,102,False
0,802.jpg,89,False
0,803.jpg,98,False
0,804.jpg,94,False
0,805.jpg,102,False
0,806.jpg,95,False
0,807.jpg,102,False
0,808.jpg,96,False
0,809.jpg,103,False
0,810.jpg,92,False
0,811.jpg,102,False
0,812.jpg,95,False
0,813.jpg,102,False
0,814.jpg,93,False
0,815.jpg,103,False
0,816.jpg,93,False
0,817.jpg,102,False
0,818.jpg,90,False
0,819.jpg,98,False
0,820.jpg,85,True
0,821.jpg,100,False
0,822.jpg,96,False
0,823.jpg,104,False
0,824.jpg,86,False
0,825.jpg,98,False
0,826.jpg,92,False
0,827.jpg,98,False
0,828.jpg,94,False
0,829.jpg,105,False
0,830.jpg,86,False
0,831.jpg,98,False
0,832.jpg,95,False
0,833.jpg,105,False
0,834.jpg,94,False
0,835.jpg,103,False
0,836.jpg,92,False
0,837.jpg,103,False
0,838.jpg,98,False
0,839.jpg,102,False
0,840.jpg,92,False
0,841.jpg,102,False
0,842.jpg,94,False
0,843.jpg,103,False
0,844.jpg,95,False
0,845.jpg,102,False
0,846.jpg,96,False
0,847.jpg,103,False
0,848.jpg,84,True
0,849.jpg,98,False
0,850.jpg,85,True
0,851.jpg,98,False
0,852.jpg,92,False
0,853.jpg,102,False
0,854.jpg,93,False
0,855.jpg,104,False
0,856.jpg,94,False
0,857.jpg,103,False
0,858.jpg,94,False
0,859.jpg,100,False
0,860.jpg,93,False
0,861.jpg,102,False
0,862.jpg,84,True
0,863.jpg,100,False
0,864.jpg,95,False
0,865.jpg,102,False
0,866.jpg,85,True
0,867.jpg,85,True
0,868.jpg,94,False
0,869.jpg,103,False
0,870.jpg,92,False
0,871.jpg,106,False
0,872.jpg,97,False
0,873.jpg,102,False
0,874.jpg,95,False
0,875.jpg,106,False
0,876.jpg,101,False
0,877.jpg,102,False
0,878.jpg,86,False
0,879.jpg,98,False
0,880.jpg,95,False
0,881.jpg,98,False
0,882.jpg,92,False
0,883.jpg,100,False
0,884.jpg,96,False
0,885.jpg,103,False
0,886.jpg,89,False
0,887.jpg,100,False
0,888.jpg,94,False
0,889.jpg,103,False
0,890.jpg,92,False
0,891.jpg,102,False
0,892.jpg,94,False
0,893.jpg,100,False
0,894.jpg,85,True
0,895.jpg,100,False
0,896.jpg,94,False
0,897.jpg,103,False
0,898.jpg,94,False
0,899.jpg,102,False
0,900.jpg,95,False
0,901.jpg,106,False
0,902.jpg,92,False
0,903.jpg,102,False
0,904.jpg,92,False
0,905.jpg,106,False
0,906.jpg,88,False
0,907.jpg,98,False
0,908.jpg,96,False
0,909.jpg,106,False
0,910.jpg,95,False
0,911.jpg,105,False
0,912.jpg,94,False
0,913.jpg,103,False
0,914.jpg,94,False
0,915.jpg,100,False
0,916.jpg,92,False
0,917.jpg,106,False
0,918.jpg,94,False
0,919.jpg,102,False
0,920.jpg,97,False
0,921.jpg,102,False
0,922.jpg,85,True
0,923.jpg,94,False
0,924.jpg,95,False
0,925.jpg,105,False
0,926.jpg,94,False
0,927.jpg,102,False
0,928.jpg,92,False
0,929.jpg,105,False
0,930.jpg,95,False
0,931.jpg,102,False
0,932.jpg,86,False
0,933.jpg,100,False
0,934.jpg,94,False
0,935.jpg,103,False
0,936.jpg,92,False
0,937.jpg,106,False
0,938.jpg,93,False
0,939.jpg,98,False
0,940.jpg,94,False
0,941.jpg,103,False
0,942.jpg,93,False
0,943.jpg,102,False
0,944.jpg,92,False
0,945.jpg,103,False
0,946.jpg,92,False
0,947.jpg,102,False
0,948.jpg,89,False
0,949.jpg,98,False
0,950.jpg,93,False
0,951.jpg,106,False
0,952.jpg,91,False
0,953.jpg,105,False
0,954.jpg,94,False
0,955.jpg,103,False
0,956.jpg,94,False
0,957.jpg,104,False
0,958.jpg,92,False
0,959.jpg,102,False
0,960.jpg,97,False
0,961.jpg,103,False
0,962.jpg,90,False
0,963.jpg,98,False
0,964.jpg,94,False
0,965.jpg,104,False
0,966.jpg,95,False
0,967.jpg,102,False
0,968.jpg,94,False
0,969.jpg,103,False
0,970.jpg,92,False
0,971.jpg,106,False
0,972.jpg,97,False
0,973.jpg,102,False
0,974.jpg,84,True
0,975.jpg,98,False
0,976.jpg,96,False
0,977.jpg,103,False
0,978.jpg,94,False
0,979.jpg,102,False
0,980.jpg,92,False
0,981.jpg,102,False
0,982.jpg,92,False
0,983.jpg,105,False
0,984.jpg,94,False
0,985.jpg,102,False
0,986.jpg,94,False
0,987.jpg,102,False
0,988.jpg,98,False
0,989.jpg,102,False
0,990.jpg,94,False
0,991.jpg,103,False
0,992.jpg,90,False
0,993.jpg,99,False
0,994.jpg,98,False
0,995.jpg,103,False
0,996.jpg,89,False
0,997.jpg,100,False
0,998.jpg,89,False
0,999.jpg,98,False
0,1000.jpg,96,False
0,1001.jpg,103,False
0,1002.jpg,80,True
0,1003.jpg,78,True
0,1004.jpg,98,False
0,1005.jpg,102,False
0,1006.jpg,84,True
0,1007.jpg,100,False
0,1008.jpg,96,False
0,1009.jpg,102,False
0,1010.jpg,95,False
0,1011.jpg,102,False
0,1012.jpg,94,False
0,1013.jpg,102,False
0,1014.jpg,94,False
0,1015.jpg,100,False
0,1016.jpg,96,False
0,1017.jpg,102,False
0,1018.jpg,93,False
0,1019.jpg,98,False
0,1020.jpg,93,False
0,1021.jpg,103,False
0,1022.jpg,92,False
0,1023.jpg,103,False
0,1024.jpg,94,False
0,1025.jpg,102,False
0,1026.jpg,86,False
0,1027.jpg,100,False
0,1028.jpg,92,False
0,1029.jpg,105,False
0,1030.jpg,92,False
0,1031.jpg,103,False
0,1032.jpg,90,False
0,1033.jpg,98,False
0,1034.jpg,92,False
0,1035.jpg,102,False
0,1036.jpg,84,True
0,1037.jpg,94,False
0,1038.jpg,93,False
0,1039.jpg,102,False
0,1040.jpg,86,False
0,1041.jpg,95,False
0,1042.jpg,93,False
0,1043.jpg,102,False
0,1044.jpg,92,False
0,1045.jpg,103,False
0,1046.jpg,93,False
0,1047.jpg,102,False
0,1048.jpg,94,False
0,1049.jpg,103,False
0,1050.jpg,92,False
0,1051.jpg,103,False
0,1052.jpg,97,False
0,1053.jpg,106,False
0,1054.jpg,100,False
0,1055.jpg,100,False
0,1056.jpg,92,False
0,1057.jpg,105,False
0,1058.jpg,90,False
0,1059.jpg,100,False
0,1060.jpg,95,False
0,1061.jpg,102,False
0,1062.jpg,93,False
0,1063.jpg,103,False
0,1064.jpg,93,False
0,1065.jpg,103,False
0,1066.jpg,95,False
0,1067.jpg,102,False
0,1068.jpg,90,False
0,1069.jpg,100,False
0,1070.jpg,94,False
0,1071.jpg,102,False
0,1072.jpg,95,False
0,1073.jpg,105,False
0,1074.jpg,94,False
0,1075.jpg,105,False
0,1076.jpg,97,False
0,1077.jpg,103,False
0,1078.jpg,96,False
0,1079.jpg,102,False
0,1080.jpg,97,False
0,1081.jpg,102,False
0,1082.jpg,90,False
0,1083.jpg,98,False
0,1084.jpg,93,False
0,1085.jpg,102,False
0,1086.jpg,96,False
0,1087.jpg,102,False
0,1088.jpg,94,False
0,1089.jpg,103,False
0,1090.jpg,95,False
0,1091.jpg,100,False
0,1092.jpg,94,False
0,1093.jpg,103,False
0,1094.jpg,98,False
0,1095.jpg,103,False
0,1096.jpg,88,False
0,1097.jpg,98,False
0,1098.jpg,94,False
0,1099.jpg,102,False
0,1100.jpg,97,False
0,1101.jpg,103,False
0,1102.jpg,94,False
0,1103.jpg,103,False
0,1104.jpg,92,False
0,1105.jpg,102,False
0,1106.jpg,94,False
0,1107.jpg,102,False
0,1108.jpg,92,False
0,1109.jpg,102,False
0,1110.jpg,93,False
0,1111.jpg,106,False
0,1112.jpg,92,False
0,1113.jpg,102,False
0,1114.jpg,95,False
0,1115.jpg,102,False
0,1116.jpg,84,True
0,1117.jpg,100,False
0,1118.jpg,92,False
0,1119.jpg,103,False
0,1120.jpg,93,False
0,1121.jpg,102,False
0,1122.jpg,93,False
0,1123.jpg,103,False
0,1124.jpg,91,False
0,1125.jpg,106,False
0,1126.jpg,92,False
0,1127.jpg,105,False
0,1128.jpg,93,False
0,1129.jpg,102,False
0,1130.jpg,94,False
0,1131.jpg,102,False
0,1132.jpg,92,False
0,1133.jpg,104,False
0,1134.jpg,93,False
0,1135.jpg,102,False
0,1136.jpg,98,False
0,1137.jpg,103,False
0,1138.jpg,100,False
0,1139.jpg,103,False
0,1140.jpg,85,True
0,1141.jpg,95,False
0,1142.jpg,94,False
0,1143.jpg,102,False
0,1144.jpg,86,False
0,1145.jpg,100,False
0,1146.jpg,97,False
0,1147.jpg,103,False
0,1148.jpg,95,False
0,1149.jpg,103,False
0,1150.jpg,98,False
0,1151.jpg,105,False
0,1152.jpg,90,False
0,1153.jpg,106,False
0,1154.jpg,98,False
0,1155.jpg,102,False
0,1156.jpg,97,False
0,1157.jpg,106,False
0,1158.jpg,94,False
0,1159.jpg,102,False
0,1160.jpg,97,False
0,1161.jpg,104,False
0,1162.jpg,90,False
0,1163.jpg,94,False
0,1164.jpg,96,False
0,1165.jpg,103,False
0,1166.jpg,94,False
0,1167.jpg,103,False
0,1168.jpg,92,False
0,1169.jpg,104,False
0,1170.jpg,93,False
0,1171.jpg,102,False
0,1172.jpg,90,False
0,1173.jpg,98,False
0,1174.jpg,94,False
0,1175.jpg,103,False
0,1176.jpg,93,False
0,1177.jpg,102,False
0,1178.jpg,98,False
0,1179.jpg,102,False
0,1180.jpg,92,False
0,1181.jpg,103,False
0,1182.jpg,94,False
0,1183.jpg,103,False
0,1184.jpg,97,False
0,1185.jpg,104,False
0,1186.jpg,97,False
0,1187.jpg,100,False
0,1188.jpg,95,False
0,1189.jpg,102,False
0,1190.jpg,92,False
0,1191.jpg,105,False
0,1192.jpg,94,False
0,1193.jpg,104,False
0,1194.jpg,94,False
0,1195.jpg,102,False
0,1196.jpg,92,False
0,1197.jpg,98,False
0,1198.jpg,86,False
0,1199.jpg,100,False
0,1200.jpg,103,False
0,1201.jpg,102,False
0,1202.jpg,98,False
0,1203.jpg,102,False
0,1204.jpg,96,False
0,1205.jpg,103,False
0,1206.jpg,95,False
0,1207.jpg,106,False
0,1208.jpg,90,False
0,1209.jpg,95,False
0,1210.jpg,98,False
0,1211.jpg,105,False
0,1212.jpg,86,False
0,1213.jpg,100,False
0,1214.jpg,94,False
0,1215.jpg,102,False
0,1216.jpg,98,False
0,1217.jpg,103,False
0,1218.jpg,97,False
0,1219.jpg,104,False
0,1220.jpg,89,False
0,1221.jpg,95,False
0,1222.jpg,94,False
0,1223.jpg,102,False
0,1224.jpg,94,False
0,1225.jpg,102,False
0,1226.jpg,96,False
0,1227.jpg,104,False
0,1228.jpg,97,False
0,1229.jpg,102,False
0,1230.jpg,97,False
0,1231.jpg,108,False
0,1232.jpg,94,False
0,1233.jpg,102,False
0,1234.jpg,94,False
0,1235.jpg,103,False
0,1236.jpg,94,False
0,1237.jpg,102,False
0,1238.jpg,95,False
0,1239.jpg,106,False
0,1240.jpg,93,False
0,1241.jpg,106,False
0,1242.jpg,92,False
0,1243.jpg,103,False
0,1244.jpg,95,False
0,1245.jpg,102,False
0,1246.jpg,96,False
0,1247.jpg,100,False
0,1248.jpg,93,False
0,1249.jpg,103,False
0,1250.jpg,97,False
0,1251.jpg,105,False
0,1252.jpg,94,False
0,1253.jpg,104,False
0,1254.jpg,89,False
0,1255.jpg,98,False
0,1256.jpg,94,False
0,1257.jpg,103,False
0,1258.jpg,95,False
0,1259.jpg,102,False
0,1260.jpg,94,False
0,1261.jpg,102,False
0,1262.jpg,89,False
0,1263.jpg,100,False
0,1264.jpg,96,False
0,1265.jpg,103,False
0,1266.jpg,94,False
0,1267.jpg,104,False
0,1268.jpg,92,False
0,1269.jpg,105,False
0,1270.jpg,48,True
0,1271.jpg,85,True
0,1272.jpg,92,False
0,1273.jpg,106,False
0,1274.jpg,90,False
0,1275.jpg,95,False
0,1276.jpg,97,False
0,1277.jpg,103,False
0,1278.jpg,95,False
0,1279.jpg,105,False
0,1280.jpg,97,False
0,1281.jpg,102,False
0,1282.jpg,84,True
0,1283.jpg,95,False
0,1284.jpg,94,False
0,1285.jpg,102,False
0,1286.jpg,94,False
0,1287.jpg,103,False
0,1288.jpg,97,False
0,1289.jpg,100,False
0,1290.jpg,94,False
0,1291.jpg,102,False
0,1292.jpg,98,False
0,1293.jpg,102,False
0,1294.jpg,84,True
0,1295.jpg,98,False
0,1296.jpg,84,True
0,1297.jpg,98,False
0,1298.jpg,94,False
0,1299.jpg,104,False
0,1300.jpg,90,False
0,1301.jpg,95,False
0,1302.jpg,92,False
0,1303.jpg,102,False
0,1304.jpg,96,False
0,1305.jpg,104,False
0,1306.jpg,86,False
0,1307.jpg,98,False
0,1308.jpg,90,False
0,1309.jpg,100,False
0,1310.jpg,90,False
0,1311.jpg,95,False
0,1312.jpg,95,False
0,1313.jpg,102,False
0,1314.jpg,92,False
0,1315.jpg,102,False
0,1316.jpg,90,False
0,1317.jpg,98,False
0,1318.jpg,93,False
0,1319.jpg,102,False
0,1320.jpg,94,False
0,1321.jpg,102,False
0,1322.jpg,92,False
0,1323.jpg,103,False
0,1324.jpg,90,False
0,1325.jpg,98,False
0,1326.jpg,98,False
0,1327.jpg,104,False
0,1328.jpg,93,False
0,1329.jpg,103,False
0,1330.jpg,97,False
0,1331.jpg,100,False
0,1332.jpg,94,False
0,1333.jpg,103,False
0,1334.jpg,98,False
0,1335.jpg,103,False
0,1336.jpg,84,True
0,1337.jpg,100,False
0,1338.jpg,97,False
0,1339.jpg,103,False
0,1340.jpg,94,False
0,1341.jpg,103,False
0,1342.jpg,86,False
0,1343.jpg,98,False
0,1344.jpg,92,False
0,1345.jpg,103,False
0,1346.jpg,97,False
0,1347.jpg,102,False
0,1348.jpg,95,False
0,1349.jpg,102,False
0,1350.jpg,94,False
0,1351.jpg,103,False
0,1352.jpg,98,False
0,1353.jpg,102,False
0,1354.jpg,94,False
0,1355.jpg,103,False
0,1356.jpg,93,False
0,1357.jpg,103,False
0,1358.jpg,94,False
0,1359.jpg,100,False
0,1360.jpg,96,False
0,1361.jpg,103,False
0,1362.jpg,93,False
0,1363.jpg,103,False
0,1364.jpg,98,False
0,1365.jpg,102,False
0,1366.jpg,92,False
0,1367.jpg,103,False
0,1368.jpg,96,False
0,1369.jpg,102,False
0,1370.jpg,95,False
0,1371.jpg,108,False
0,1372.jpg,97,False
0,1373.jpg,103,False
0,1374.jpg,94,False
0,1375.jpg,102,False
0,1376.jpg,90,False
0,1377.jpg,100,False
0,1378.jpg,87,False
0,1379.jpg,100,False
0,1380.jpg,84,True
0,1381.jpg,102,False
0,1382.jpg,94,False
0,1383.jpg,100,False
0,1384.jpg,92,False
0,1385.jpg,100,False
0,1386.jpg,86,False
0,1387.jpg,100,False
0,1388.jpg,94,False
0,1389.jpg,100,False
0,1390.jpg,93,False
0,1391.jpg,103,False
0,1392.jpg,86,False
0,1393.jpg,94,False
0,1394.jpg,94,False
0,1395.jpg,103,False
0,1396.jpg,93,False
0,1397.jpg,103,False
0,1398.jpg,98,False
0,1399.jpg,102,False
0,1400.jpg,97,False
0,1401.jpg,103,False
0,1402.jpg,92,False
0,1403.jpg,102,False
0,1404.jpg,94,False
0,1405.jpg,102,False
0,1406.jpg,98,False
0,1407.jpg,102,False
0,1408.jpg,97,False
0,1409.jpg,103,False
0,1410.jpg,93,False
0,1411.jpg,102,False
0,1412.jpg,92,False
0,1413.jpg,103,False
0,1414.jpg,97,False
0,1415.jpg,102,False
0,1416.jpg,94,False
0,1417.jpg,102,False
0,1418.jpg,96,False
0,1419.jpg,103,False
0,1420.jpg,94,False
0,1421.jpg,102,False
0,1422.jpg,84,True
0,1423.jpg,100,False
0,1424.jpg,94,False
0,1425.jpg,102,False
0,1426.jpg,85,True
0,1427.jpg,98,False
0,1428.jpg,86,False
0,1429.jpg,100,False
0,1430.jpg,93,False
0,1431.jpg,102,False
0,1432.jpg,98,False
0,1433.jpg,103,False
0,1434.jpg,85,True
0,1435.jpg,98,False
0,1436.jpg,92,False
0,1437.jpg,105,False
0,1438.jpg,93,False
0,1439.jpg,104,False
0,1440.jpg,88,False
0,1441.jpg,95,False
0,1442.jpg,92,False
0,1443.jpg,105,False
0,1444.jpg,93,False
0,1445.jpg,102,False
0,1446.jpg,92,False
0,1447.jpg,102,False
0,1448.jpg,92,False
0,1449.jpg,102,False
0,1450.jpg,90,False
0,1451.jpg,98,False
0,1452.jpg,94,False
0,1453.jpg,102,False
0,1454.jpg,94,False
0,1455.jpg,102,False
0,1456.jpg,95,False
0,1457.jpg,106,False
0,1458.jpg,93,False
0,1459.jpg,102,False
0,1460.jpg,93,False
0,1461.jpg,103,False
0,1462.jpg,92,False
0,1463.jpg,103,False
0,1464.jpg,94,False
0,1465.jpg,103,False
0,1466.jpg,94,False
0,1467.jpg,103,False
0,1468.jpg,92,False
0,1469.jpg,106,False
0,1470.jpg,94,False
0,1471.jpg,102,False
0,1472.jpg,94,False
0,1473.jpg,104,False
0,1474.jpg,86,False
0,1475.jpg,95,False
0,1476.jpg,90,False
0,1477.jpg,95,False
0,1478.jpg,84,True
0,1479.jpg,98,False
0,1480.jpg,94,False
0,1481.jpg,103,False
0,1482.jpg,92,False
0,1483.jpg,103,False
0,1484.jpg,98,False
0,1485.jpg,104,False
0,1486.jpg,86,False
0,1487.jpg,95,False
0,1488.jpg,94,False
0,1489.jpg,100,False
0,1490.jpg,87,False
0,1491.jpg,97,False
0,1492.jpg,92,False
0,1493.jpg,105,False
0,1494.jpg,94,False
0,1495.jpg,103,False
0,1496.jpg,94,False
0,1497.jpg,103,False
0,1498.jpg,88,False
0,1499.jpg,100,False
0,1500.jpg,94,False
0,1501.jpg,102,False
0,1502.jpg,92,False
0,1503.jpg,106,False
0,1504.jpg,98,False
0,1505.jpg,103,False
0,1506.jpg,92,False
0,1507.jpg,103,False
0,1508.jpg,93,False
0,1509.jpg,103,False
0,1510.jpg,93,False
0,1511.jpg,103,False
0,1512.jpg,97,False
0,1513.jpg,102,False
0,1514.jpg,94,False
0,1515.jpg,103,False
0,1516.jpg,86,False
0,1517.jpg,98,False
0,1518.jpg,90,False
0,1519.jpg,98,False
0,1520.jpg,94,False
0,1521.jpg,103,False
0,1522.jpg,93,False
0,1523.jpg,103,False
0,1524.jpg,97,False
0,1525.jpg,103,False
0,1526.jpg,95,False
0,1527.jpg,106,False
0,1528.jpg,93,False
0,1529.jpg,100,False
0,1530.jpg,86,False
0,1531.jpg,98,False
0,1532.jpg,94,False
0,1533.jpg,103,False
0,1534.jpg,90,False
0,1535.jpg,98,False
0,1536.jpg,93,False
0,1537.jpg,104,False
0,1538.jpg,92,False
0,1539.jpg,102,False
0,1540.jpg,92,False
0,1541.jpg,98,False
0,1542.jpg,93,False
0,1543.jpg,102,False
0,1544.jpg,94,False
0,1545.jpg,103,False
0,1546.jpg,94,False
0,1547.jpg,102,False
0,1548.jpg,91,False
0,1549.jpg,106,False
0,1550.jpg,95,False
0,1551.jpg,100,False
0,1552.jpg,84,True
0,1553.jpg,98,False
0,1554.jpg,92,False
0,1555.jpg,102,False
0,1556.jpg,96,False
0,1557.jpg,105,False
0,1558.jpg,92,False
0,1559.jpg,103,False
0,1560.jpg,94,False
0,1561.jpg,103,False
0,1562.jpg,93,False
0,1563.jpg,98,False
0,1564.jpg,96,False
0,1565.jpg,102,False
0,1566.jpg,92,False
0,1567.jpg,104,False
0,1568.jpg,94,False
0,1569.jpg,102,False
0,1572.jpg,92,False
0,1573.jpg,106,False
0,1574.jpg,96,False
0,1575.jpg,102,False
0,1576.jpg,92,False
0,1577.jpg,102,False
0,1578.jpg,98,False
0,1579.jpg,103,False
0,1582.jpg,92,False
0,1583.jpg,105,False
0,1584.jpg,95,False
0,1585.jpg,105,False
0,1586.jpg,92,False
0,1587.jpg,102,False
0,1588.jpg,92,False
0,1589.jpg,105,False
0,1590.jpg,90,False
0,1591.jpg,100,False
0,1592.jpg,95,False
0,1593.jpg,102,False
0,1594.jpg,84,True
0,1595.jpg,95,False
0,1596.jpg,92,False
0,1597.jpg,104,False
0,1598.jpg,97,False
0,1599.jpg,102,False
0,1600.jpg,92,False
0,1601.jpg,103,False
0,1602.jpg,94,False
0,1603.jpg,103,False
0,1604.jpg,87,False
0,1605.jpg,98,False
0,1606.jpg,84,True
0,1607.jpg,100,False
0,1608.jpg,93,False
0,1609.jpg,104,False
0,1610.jpg,96,False
0,1611.jpg,103,False
0,1612.jpg,88,False
0,1613.jpg,98,False
0,1614.jpg,93,False
0,1615.jpg,100,False
0,1616.jpg,93,False
0,1617.jpg,103,False
0,1618.jpg,93,False
0,1619.jpg,102,False
0,1620.jpg,94,False
0,1621.jpg,100,False
0,1622.jpg,86,False
0,1623.jpg,98,False
0,1624.jpg,93,False
0,1625.jpg,105,False
0,1626.jpg,94,False
0,1627.jpg,102,False
0,1628.jpg,93,False
0,1629.jpg,103,False
0,1630.jpg,92,False
0,1631.jpg,102,False
0,1632.jpg,98,False
0,1633.jpg,102,False
0,1634.jpg,88,False
0,1635.jpg,98,False
0,1636.jpg,92,False
0,1637.jpg,103,False
0,1638.jpg,94,False
0,1639.jpg,102,False
0,1640.jpg,95,False
0,1641.jpg,102,False
0,1642.jpg,93,False
0,1643.jpg,102,False
0,1644.jpg,95,False
0,1645.jpg,105,False
0,1646.jpg,86,False
0,1647.jpg,98,False
0,1648.jpg,95,False
0,1649.jpg,102,False
0,1650.jpg,94,False
0,1651.jpg,102,False
0,1652.jpg,97,False
0,1653.jpg,102,False
0,1654.jpg,96,False
0,1655.jpg,103,False
0,1656.jpg,97,False
0,1657.jpg,102,False
0,1658.jpg,98,False
0,1659.jpg,102,False
0,1660.jpg,92,False
0,1661.jpg,105,False
0,1662.jpg,92,False
0,1663.jpg,106,False
0,1664.jpg,95,False
0,1665.jpg,103,False
0,1666.jpg,97,False
0,1667.jpg,102,False
0,1668.jpg,92,False
0,1669.jpg,103,False
0,1670.jpg,93,False
0,1671.jpg,103,False
0,1672.jpg,92,False
0,1673.jpg,98,False
0,1674.jpg,92,False
0,1675.jpg,106,False
0,1676.jpg,94,False
0,1677.jpg,100,False
0,1678.jpg,92,False
0,1679.jpg,102,False
0,1680.jpg,90,False
0,1681.jpg,98,False
0,1682.jpg,90,False
0,1683.jpg,94,False
0,1684.jpg,92,False
0,1685.jpg,103,False
0,1686.jpg,90,False
0,1687.jpg,96,False
0,1688.jpg,94,False
0,1689.jpg,102,False
0,1690.jpg,94,False
0,1691.jpg,103,False
0,1692.jpg,93,False
0,1693.jpg,102,False
0,1694.jpg,94,False
0,1695.jpg,102,False
0,1696.jpg,92,False
0,1697.jpg,103,False
0,1698.jpg,94,False
0,1699.jpg,102,False
0,1700.jpg,84,True
0,1701.jpg,100,False
0,1702.jpg,92,False
0,1703.jpg,102,False
0,1704.jpg,95,False
0,1705.jpg,104,False
0,1706.jpg,93,False
0,1707.jpg,102,False
0,1708.jpg,98,False
0,1709.jpg,108,False
0,1710.jpg,94,False
0,1711.jpg,102,False
0,1712.jpg,93,False
0,1713.jpg,103,False
0,1714.jpg,97,False
0,1715.jpg,102,False
0,1716.jpg,94,False
0,1717.jpg,104,False
0,1718.jpg,93,False
0,1719.jpg,103,False
0,1720.jpg,88,False
0,1721.jpg,100,False
0,1722.jpg,94,False
0,1723.jpg,103,False
0,1724.jpg,93,False
0,1725.jpg,103,False
0,1726.jpg,89,False
0,1727.jpg,98,False
0,1728.jpg,86,False
0,1729.jpg,98,False
0,1730.jpg,89,False
0,1731.jpg,100,False
0,1732.jpg,94,False
0,1733.jpg,102,False
0,1734.jpg,93,False
0,1735.jpg,102,False
0,1736.jpg,94,False
0,1737.jpg,103,False
0,1738.jpg,92,False
0,1739.jpg,102,False
0,1740.jpg,88,False
0,1741.jpg,100,False
0,1742.jpg,92,False
0,1743.jpg,103,False
0,1744.jpg,92,False
0,1745.jpg,105,False
0,1746.jpg,92,False
0,1747.jpg,105,False
0,1748.jpg,97,False
0,1749.jpg,100,False
0,1750.jpg,96,False
0,1751.jpg,102,False
0,1752.jpg,92,False
0,1753.jpg,102,False
0,1754.jpg,94,False
0,1755.jpg,102,False
0,1756.jpg,92,False
0,1757.jpg,98,False
0,1758.jpg,94,False
0,1759.jpg,102,False
0,1760.jpg,94,False
0,1761.jpg,103,False
0,1762.jpg,94,False
0,1763.jpg,102,False
0,1764.jpg,92,False
0,1765.jpg,103,False
0,1766.jpg,97,False
0,1767.jpg,105,False
0,1768.jpg,84,True
0,1769.jpg,98,False
0,1770.jpg,92,False
0,1771.jpg,102,False
0,1772.jpg,93,False
0,1773.jpg,102,False
0,1774.jpg,86,False
0,1775.jpg,98,False
0,1776.jpg,72,True
0,1777.jpg,78,True
0,1778.jpg,97,False
0,1779.jpg,103,False
0,1780.jpg,94,False
0,1781.jpg,103,False
0,1782.jpg,95,False
0,1783.jpg,103,False
0,1784.jpg,92,False
0,1785.jpg,103,False
0,1786.jpg,93,False
0,1787.jpg,103,False
0,1788.jpg,97,False
0,1789.jpg,103,False
0,1790.jpg,94,False
0,1791.jpg,105,False
0,1792.jpg,92,False
0,1793.jpg,105,False
0,1794.jpg,94,False
0,1795.jpg,103,False
0,1796.jpg,95,False
0,1797.jpg,106,False
0,1798.jpg,93,False
0,1799.jpg,102,False
0,1800.jpg,92,False
0,1801.jpg,106,False
0,1802.jpg,97,False
0,1803.jpg,105,False
0,1804.jpg,94,False
0,1805.jpg,104,False
0,1806.jpg,92,False
0,1807.jpg,106,False
0,1808.jpg,92,False
0,1809.jpg,103,False
0,1810.jpg,84,True
0,1811.jpg,98,False
0,1812.jpg,92,False
0,1813.jpg,106,False
0,1814.jpg,93,False
0,1815.jpg,103,False
0.5,0.jpg,92,False
0.5,1.jpg,100,False
0.5,2.jpg,95,False
0.5,3.jpg,98,False
0.5,4.jpg,92,False
0.5,5.jpg,102,False
0.5,6.jpg,95,False
0.5,7.jpg,100,False
0.5,8.jpg,96,False
0.5,9.jpg,100,False
0.5,10.jpg,95,False
0.5,11.jpg,102,False
0.5,12.jpg,97,False
0.5,13.jpg,100,False
0.5,14.jpg,92,False
0.5,15.jpg,100,False
0.5,16.jpg,92,False
0.5,17.jpg,100,False
0.5,18.jpg,92,False
0.5,19.jpg,100,False
0.5,20.jpg,92,False
0.5,21.jpg,98,False
0.5,22.jpg,91,False
0.5,23.jpg,98,False
0.5,24.jpg,92,False
0.5,25.jpg,98,False
0.5,26.jpg,95,False
0.5,27.jpg,98,False
0.5,28.jpg,97,False
0.5,29.jpg,100,False
0.5,30.jpg,92,False
0.5,31.jpg,102,False
0.5,32.jpg,92,False
0.5,33.jpg,100,False
0.5,34.jpg,97,False
0.5,35.jpg,98,False
0.5,36.jpg,95,False
0.5,37.jpg,100,False
0.5,38.jpg,96,False
0.5,39.jpg,100,False
0.5,40.jpg,96,False
0.5,41.jpg,100,False
0.5,42.jpg,89,False
0.5,43.jpg,100,False
0.5,44.jpg,92,False
0.5,45.jpg,98,False
0.5,46.jpg,92,False
0.5,47.jpg,102,False
0.5,48.jpg,89,False
0.5,49.jpg,100,False
0.5,50.jpg,95,False
0.5,51.jpg,95,False
0.5,52.jpg,97,False
0.5,53.jpg,98,False
0.5,54.jpg,92,False
0.5,55.jpg,100,False
0.5,56.jpg,93,False
0.5,57.jpg,100,False
0.5,58.jpg,88,False
0.5,59.jpg,100,False
0.5,60.jpg,96,False
0.5,61.jpg,100,False
0.5,62.jpg,95,False
0.5,63.jpg,102,False
0.5,64.jpg,92,False
0.5,65.jpg,100,False
0.5,66.jpg,89,False
0.5,67.jpg,97,False
0.5,68.jpg,89,False
0.5,69.jpg,100,False
0.5,70.jpg,89,False
0.5,71.jpg,98,False
0.5,72.jpg,92,False
0.5,73.jpg,100,False
0.5,74.jpg,89,False
0.5,75.jpg,100,False
0.5,76.jpg,95,False
0.5,77.jpg,100,False
0.5,78.jpg,94,False
0.5,79.jpg,98,False
0.5,80.jpg,95,False
0.5,81.jpg,100,False
0.5,82.jpg,89,False
0.5,83.jpg,98,False
0.5,84.jpg,95,False
0.5,85.jpg,102,False
0.5,86.jpg,92,False
0.5,87.jpg,100,False
0.5,88.jpg,94,False
0.5,89.jpg,98,False
0.5,90.jpg,95,False
0.5,91.jpg,98,False
0.5,92.jpg,94,False
0.5,93.jpg,100,False
0.5,94.jpg,97,False
0.5,95.jpg,98,False
0.5,96.jpg,93,False
0.5,97.jpg,100,False
0.5,98.jpg,95,False
0.5,99.jpg,102,False
0.5,100.jpg,95,False
0.5,101.jpg,100,False
0.5,102.jpg,92,False
0.5,103.jpg,100,False
0.5,104.jpg,97,False
0.5,105.jpg,100,False
0.5,106.jpg,95,False
0.5,107.jpg,100,False
0.5,108.jpg,95,False
0.5,109.jpg,100,False
0.5,110.jpg,93,False
0.5,111.jpg,100,False
0.5,112.jpg,96,False
0.5,113.jpg,98,False
0.5,114.jpg,94,False
0.5,115.jpg,100,False
0.5,116.jpg,93,False
0.5,117.jpg,99,False
0.5,118.jpg,97,False
0.5,119.jpg,100,False
0.5,120.jpg,92,False
0.5,121.jpg,100,False
0.5,122.jpg,92,False
0.5,123.jpg,100,False
0.5,124.jpg,97,False
0.5,125.jpg,100,False
0.5,126.jpg,95,False
0.5,127.jpg,100,False
0.5,128.jpg,95,False
0.5,129.jpg,98,False
0.5,130.jpg,89,False
0.5,131.jpg,100,False
0.5,132.jpg,92,False
0.5,133.jpg,100,False
0.5,134.jpg,95,False
0.5,135.jpg,100,False
0.5,136.jpg,95,False
0.5,137.jpg,97,False
0.5,138.jpg,95,False
0.5,139.jpg,100,False
0.5,140.jpg,95,False
0.5,141.jpg,100,False
0.5,142.jpg,93,False
0.5,143.jpg,94,False
0.5,144.jpg,92,False
0.5,145.jpg,98,False
0.5,146.jpg,92,False
0.5,147.jpg,100,False
0.5,148.jpg,92,False
0.5,149.jpg,100,False
0.5,150.jpg,81,True
0.5,151.jpg,111,False
0.5,152.jpg,94,False
0.5,153.jpg,98,False
0.5,154.jpg,92,False
0.5,155.jpg,102,False
0.5,156.jpg,97,False
0.5,157.jpg,98,False
0.5,158.jpg,97,False
0.5,159.jpg,98,False
0.5,160.jpg,92,False
0.5,161.jpg,100,False
0.5,162.jpg,92,False
0.5,163.jpg,100,False
0.5,164.jpg,95,False
0.5,165.jpg,100,False
0.5,166.jpg,92,False
0.5,167.jpg,100,False
0.5,168.jpg,92,False
0.5,169.jpg,100,False
0.5,170.jpg,92,False
0.5,171.jpg,100,False
0.5,172.jpg,94,False
0.5,173.jpg,100,False
0.5,174.jpg,96,False
0.5,175.jpg,100,False
0.5,176.jpg,89,False
0.5,177.jpg,100,False
0.5,178.jpg,101,False
0.5,179.jpg,95,False
0.5,180.jpg,92,False
0.5,181.jpg,100,False
0.5,182.jpg,95,False
0.5,183.jpg,98,False
0.5,184.jpg,95,False
0.5,185.jpg,100,False
0.5,186.jpg,98,False
0.5,187.jpg,98,False
0.5,188.jpg,93,False
0.5,189.jpg,100,False
0.5,190.jpg,97,False
0.5,191.jpg,98,False
0.5,192.jpg,92,False
0.5,193.jpg,102,False
0.5,194.jpg,95,False
0.5,195.jpg,98,False
0.5,196.jpg,78,True
0.5,197.jpg,111,False
0.5,198.jpg,92,False
0.5,199.jpg,94,False
0.5,200.jpg,92,False
0.5,201.jpg,100,False
0.5,202.jpg,92,False
0.5,203.jpg,100,False
0.5,204.jpg,93,False
0.5,205.jpg,100,False
0.5,206.jpg,92,False
0.5,207.jpg,100,False
0.5,208.jpg,92,False
0.5,209.jpg,100,False
0.5,210.jpg,92,False
0.5,211.jpg,100,False
0.5,212.jpg,95,False
0.5,213.jpg,102,False
0.5,214.jpg,92,False
0.5,215.jpg,98,False
0.5,216.jpg,97,False
0.5,217.jpg,100,False
0.5,218.jpg,92,False
0.5,219.jpg,100,False
0.5,220.jpg,97,False
0.5,221.jpg,98,False
0.5,222.jpg,92,False
0.5,223.jpg,98,False
0.5,224.jpg,97,False
0.5,225.jpg,100,False
0.5,226.jpg,95,False
0.5,227.jpg,100,False
0.5,228.jpg,97,False
0.5,229.jpg,98,False
0.5,230.jpg,94,False
0.5,231.jpg,100,False
0.5,232.jpg,92,False
0.5,233.jpg,100,False
0.5,234.jpg,95,False
0.5,235.jpg,100,False
0.5,236.jpg,97,False
0.5,237.jpg,100,False
0.5,238.jpg,94,False
0.5,239.jpg,98,False
0.5,240.jpg,92,False
0.5,241.jpg,95,False
0.5,242.jpg,89,False
0.5,243.jpg,98,False
0.5,244.jpg,95,False
0.5,245.jpg,100,False
0.5,246.jpg,95,False
0.5,247.jpg,100,False
0.5,248.jpg,93,False
0.5,249.jpg,100,False
0.5,250.jpg,92,False
0.5,251.jpg,100,False
0.5,252.jpg,95,False
0.5,253.jpg,100,False
0.5,254.jpg,92,False
0.5,255.jpg,100,False
0.5,256.jpg,95,False
0.5,257.jpg,100,False
0.5,258.jpg,97,False
0.5,259.jpg,98,False
0.5,260.jpg,97,False
0.5,261.jpg,98,False
0.5,262.jpg,92,False
0.5,263.jpg,102,False
0.5,264.jpg,95,False
0.5,265.jpg,98,False
0.5,266.jpg,95,False
0.5,267.jpg,100,False
0.5,268.jpg,92,False
0.5,269.jpg,100,False
0.5,270.jpg,94,False
0.5,271.jpg,100,False
0.5,272.jpg,92,False
0.5,273.jpg,100,False
0.5,274.jpg,94,False
0.5,275.jpg,100,False
0.5,276.jpg,92,False
0.5,277.jpg,100,False
0.5,278.jpg,92,False
0.5,279.jpg,100,False
0.5,280.jpg,95,False
0.5,281.jpg,100,False
0.5,282.jpg,94,False
0.5,283.jpg,98,False
0.5,284.jpg,97,False
0.5,285.jpg,100,False
0.5,286.jpg,92,False
0.5,287.jpg,98,False
0.5,288.jpg,93,False
0.5,289.jpg,98,False
0.5,290.jpg,92,False
0.5,291.jpg,100,False
0.5,292.jpg,95,False
0.5,293.jpg,98,False
0.5,294.jpg,97,False
0.5,295.jpg,100,False
0.5,296.jpg,93,False
0.5,297.jpg,100,False
0.5,298.jpg,98,False
0.5,299.jpg,98,False
0.5,300.jpg,95,False
0.5,301.jpg,98,False
0.5,302.jpg,92,False
0.5,303.jpg,44,True
0.5,304.jpg,176,False
0.5,305.jpg,36,True
0.5,306.jpg,128,False
0.5,307.jpg,36,True
0.5,308.jpg,128,False
0.5,309.jpg,47,True
0.5,310.jpg,128,False
0.5,311.jpg,49,True
0.5,312.jpg,179,False
0.5,313.jpg,44,True
0.5,314.jpg,48,True
0.5,315.jpg,21,True
0.5,316.jpg,48,True
0.5,317.jpg,44,True
0.5,318.jpg,43,True
0.5,319.jpg,49,True
0.5,320.jpg,40,True
0.5,321.jpg,52,True
0.5,322.jpg,128,False
0.5,323.jpg,84,True
0.5,324.jpg,128,False
0.5,325.jpg,49,True
0.5,326.jpg,123,False
0.5,327.jpg,29,True
0.5,328.jpg,35,True
0.5,329.jpg,124,False
0.5,330.jpg,40,True
0.5,331.jpg,44,True
0.5,332.jpg,128,False
0.5,333.jpg,40,True
0.5,334.jpg,31,True
0.5,335.jpg,52,True
0.5,336.jpg,128,False
0.5,337.jpg,116,False
0.5,338.jpg,36,True
0.5,339.jpg,84,True
0.5,340.jpg,80,True
0.5,341.jpg,52,True
0.5,342.jpg,128,False
0.5,343.jpg,41,True
0.5,344.jpg,32,True
0.5,345.jpg,24,True
0.5,346.jpg,40,True
0.5,347.jpg,159,False
0.5,348.jpg,128,False
0.5,349.jpg,106,False
0.5,350.jpg,128,False
0.5,351.jpg,49,True
0.5,352.jpg,56,True
0.5,353.jpg,49,True
0.5,354.jpg,40,True
0.5,355.jpg,51,True
0.5,356.jpg,40,True
0.5,357.jpg,52,True
0.5,358.jpg,35,True
0.5,359.jpg,52,True
0.5,360.jpg,35,True
0.5,361.jpg,52,True
0.5,362.jpg,43,True
0.5,363.jpg,40,True
0.5,364.jpg,56,True
0.5,365.jpg,39,True
0.5,366.jpg,128,False
0.5,367.jpg,52,True
0.5,368.jpg,128,False
0.5,369.jpg,44,True
0.5,370.jpg,56,True
0.5,371.jpg,116,False
0.5,372.jpg,131,False
0.5,373.jpg,100,False
0.5,374.jpg,120,False
0.5,375.jpg,44,True
0.5,376.jpg,43,True
0.5,377.jpg,44,True
0.5,378.jpg,48,True
0.5,379.jpg,44,True
0.5,380.jpg,128,False
0.5,381.jpg,52,True
0.5,382.jpg,179,False
0.5,383.jpg,36,True
0.5,384.jpg,125,False
0.5,385.jpg,49,True
0.5,386.jpg,48,True
0.5,387.jpg,52,True
0.5,388.jpg,128,False
0.5,389.jpg,40,True
0.5,390.jpg,32,True
0.5,391.jpg,49,True
0.5,392.jpg,32,True
0.5,393.jpg,53,True
0.5,394.jpg,125,False
0.5,395.jpg,49,True
0.5,396.jpg,128,False
0.5,397.jpg,36,True
0.5,398.jpg,51,True
0.5,399.jpg,47,True
0.5,400.jpg,56,True
0.5,401.jpg,52,True
0.5,402.jpg,128,False
0.5,403.jpg,52,True
0.5,404.jpg,125,False
0.5,405.jpg,47,True
0.5,406.jpg,43,True
0.5,407.jpg,47,True
0.5,408.jpg,128,False
0.5,409.jpg,52,True
0.5,410.jpg,128,False
0.5,411.jpg,57,True
0.5,412.jpg,40,True
0.5,413.jpg,128,False
0.5,414.jpg,128,False
0.5,415.jpg,49,True
0.5,416.jpg,56,True
0.5,417.jpg,125,False
0.5,418.jpg,123,False
0.5,419.jpg,49,True
0.5,420.jpg,35,True
0.5,421.jpg,52,True
0.5,422.jpg,128,False
0.5,423.jpg,41,True
0.5,424.jpg,128,False
0.5,425.jpg,48,True
0.5,426.jpg,32,True
0.5,427.jpg,44,True
0.5,428.jpg,48,True
0.5,429.jpg,124,False
0.5,430.jpg,128,False
0.5,431.jpg,94,False
0.5,432.jpg,40,True
0.5,433.jpg,36,True
0.5,434.jpg,128,False
0.5,435.jpg,44,True
0.5,436.jpg,48,True
0.5,437.jpg,107,False
0.5,438.jpg,125,False
0.5,439.jpg,52,True
0.5,440.jpg,128,False
0.5,441.jpg,90,False
0.5,442.jpg,40,True
0.5,443.jpg,36,True
0.5,444.jpg,128,False
0.5,445.jpg,44,True
0.5,446.jpg,176,False
0.5,447.jpg,36,True
0.5,448.jpg,128,False
0.5,449.jpg,100,False
0.5,450.jpg,179,False
0.5,451.jpg,44,True
0.5,452.jpg,128,False
0.5,453.jpg,108,False
0.5,454.jpg,104,False
0.5,455.jpg,50,True
0.5,456.jpg,179,False
0.5,457.jpg,34,True
0.5,458.jpg,40,True
0.5,459.jpg,123,False
0.5,460.jpg,128,False
0.5,461.jpg,52,True
0.5,462.jpg,128,False
0.5,463.jpg,52,True
0.5,464.jpg,125,False
0.5,465.jpg,44,True
0.5,466.jpg,133,False
0.5,467.jpg,49,True
0.5,468.jpg,32,True
0.5,469.jpg,44,True
0.5,470.jpg,43,True
0.5,471.jpg,116,False
0.5,472.jpg,43,True
0.5,473.jpg,96,False
0.5,474.jpg,43,True
0.5,475.jpg,47,True
0.5,476.jpg,128,False
0.5,477.jpg,52,True
0.5,478.jpg,56,True
0.5,479.jpg,47,True
0.5,480.jpg,128,False
0.5,481.jpg,36,True
0.5,482.jpg,48,True
0.5,483.jpg,105,False
0.5,484.jpg,128,False
0.5,485.jpg,47,True
0.5,486.jpg,43,True
0.5,487.jpg,41,True
0.5,488.jpg,179,False
0.5,489.jpg,61,True
0.5,490.jpg,32,True
0.5,491.jpg,41,True
0.5,492.jpg,48,True
0.5,493.jpg,44,True
0.5,494.jpg,43,True
0.5,495.jpg,68,True
0.5,496.jpg,42,True
0.5,497.jpg,52,True
0.5,498.jpg,40,True
0.5,499.jpg,52,True
0.5,500.jpg,48,True
0.5,501.jpg,108,False
0.5,502.jpg,24,True
0.5,503.jpg,52,True
0.5,504.jpg,128,False
0.5,505.jpg,37,True
0.5,506.jpg,128,False
0.5,507.jpg,44,True
0.5,508.jpg,128,False
0.5,509.jpg,44,True
0.5,510.jpg,48,True
0.5,511.jpg,116,False
0.5,512.jpg,122,False
0.5,513.jpg,41,True
0.5,514.jpg,176,False
0.5,515.jpg,47,True
0.5,516.jpg,123,False
0.5,517.jpg,92,False
0.5,518.jpg,48,True
0.5,519.jpg,124,False
0.5,520.jpg,123,False
0.5,521.jpg,108,False
0.5,522.jpg,37,True
0.5,523.jpg,36,True
0.5,524.jpg,48,True
0.5,525.jpg,42,True
0.5,526.jpg,96,False
0.5,527.jpg,116,False
0.5,528.jpg,37,True
0.5,529.jpg,65,True
0.5,530.jpg,40,True
0.5,531.jpg,92,False
0.5,532.jpg,40,True
0.5,533.jpg,52,True
0.5,534.jpg,120,False
0.5,535.jpg,108,False
0.5,536.jpg,128,False
0.5,537.jpg,41,True
0.5,538.jpg,45,True
0.5,539.jpg,44,True
0.5,540.jpg,96,False
0.5,541.jpg,44,True
0.5,542.jpg,40,True
0.5,543.jpg,57,True
0.5,544.jpg,40,True
0.5,545.jpg,84,True
0.5,546.jpg,104,False
0.5,547.jpg,48,True
0.5,548.jpg,128,False
0.5,549.jpg,41,True
0.5,550.jpg,133,False
0.5,551.jpg,41,True
0.5,552.jpg,80,True
0.5,553.jpg,41,True
0.5,554.jpg,128,False
0.5,555.jpg,36,True
0.5,556.jpg,128,False
0.5,557.jpg,125,False
0.5,558.jpg,45,True
0.5,559.jpg,124,False
0.5,560.jpg,128,False
0.5,561.jpg,36,True
0.5,562.jpg,130,False
0.5,563.jpg,84,True
0.5,564.jpg,56,True
0.5,565.jpg,52,True
0.5,566.jpg,125,False
0.5,567.jpg,108,False
0.5,568.jpg,48,True
0.5,569.jpg,34,True
0.5,570.jpg,48,True
0.5,571.jpg,36,True
0.5,572.jpg,37,True
0.5,573.jpg,52,True
0.5,574.jpg,128,False
0.5,575.jpg,124,False
0.5,576.jpg,128,False
0.5,577.jpg,36,True
0.5,578.jpg,32,True
0.5,579.jpg,41,True
0.5,580.jpg,120,False
0.5,581.jpg,116,False
0.5,582.jpg,175,False
0.5,583.jpg,36,True
0.5,584.jpg,128,False
0.5,585.jpg,108,False
0.5,586.jpg,56,True
0.5,587.jpg,31,True
0.5,588.jpg,179,False
0.5,589.jpg,116,False
0.5,590.jpg,128,False
0.5,591.jpg,41,True
0.5,592.jpg,128,False
0.5,593.jpg,52,True
0.5,594.jpg,128,False
0.5,595.jpg,116,False
0.5,596.jpg,179,False
0.5,597.jpg,49,True
0.5,598.jpg,48,True
0.5,599.jpg,110,False
0.5,600.jpg,40,True
0.5,601.jpg,36,True
0.5,602.jpg,40,True
0.5,603.jpg,52,True
0.5,604.jpg,43,True
0.5,605.jpg,44,True
0.5,606.jpg,128,False
0.5,607.jpg,49,True
0.5,608.jpg,48,True
0.5,609.jpg,108,False
0.5,610.jpg,40,True
0.5,611.jpg,124,False
0.5,612.jpg,112,False
0.5,613.jpg,92,False
0.5,614.jpg,48,True
0.5,615.jpg,84,True
0.5,616.jpg,128,False
0.5,617.jpg,44,True
0.5,618.jpg,128,False
0.5,619.jpg,41,True
0.5,620.jpg,128,False
0.5,621.jpg,44,True
0.5,622.jpg,32,True
0.5,623.jpg,84,True
0.5,624.jpg,128,False
0.5,625.jpg,171,False
0.5,626.jpg,56,True
0.5,627.jpg,44,True
0.5,628.jpg,45,True
0.5,629.jpg,100,False
0.5,630.jpg,123,False
0.5,631.jpg,50,True
0.5,632.jpg,176,False
0.5,633.jpg,44,True
0.5,634.jpg,120,False
0.5,635.jpg,101,False
0.5,636.jpg,40,True
0.5,637.jpg,116,False
0.5,638.jpg,40,True
0.5,639.jpg,50,True
0.5,640.jpg,125,False
0.5,641.jpg,44,True
0.5,642.jpg,40,True
0.5,643.jpg,47,True
0.5,644.jpg,132,False
0.5,645.jpg,108,False
0.5,646.jpg,48,True
0.5,647.jpg,52,True
0.5,648.jpg,32,True
0.5,649.jpg,36,True
0.5,650.jpg,96,False
0.5,651.jpg,124,False
0.5,652.jpg,96,False
0.5,653.jpg,44,True
0.5,654.jpg,128,False
0.5,655.jpg,50,True
0.5,656.jpg,128,False
0.5,657.jpg,52,True
0.5,658.jpg,40,True
0.5,659.jpg,52,True
0.5,660.jpg,43,True
0.5,661.jpg,36,True
0.5,662.jpg,123,False
0.5,663.jpg,51,True
0.5,664.jpg,128,False
0.5,665.jpg,40,True
0.5,666.jpg,125,False
0.5,667.jpg,24,True
0.5,668.jpg,123,False
0.5,669.jpg,104,False
0.5,670.jpg,128,False
0.5,671.jpg,41,True
0.5,672.jpg,173,False
0.5,673.jpg,44,True
0.5,674.jpg,125,False
0.5,675.jpg,46,True
0.5,676.jpg,128,False
0.5,677.jpg,108,False
0.5,678.jpg,131,False
0.5,679.jpg,52,True
0.5,680.jpg,32,True
0.5,681.jpg,41,True
0.5,682.jpg,40,True
0.5,683.jpg,128,False
0.5,684.jpg,128,False
0.5,685.jpg,49,True
0.5,686.jpg,128,False
0.5,687.jpg,44,True
0.5,688.jpg,40,True
0.5,689.jpg,116,False
0.5,690.jpg,24,True
0.5,691.jpg,44,True
0.5,692.jpg,128,False
0.5,693.jpg,129,False
0.5,694.jpg,37,True
0.5,695.jpg,55,True
0.5,696.jpg,128,False
0.5,697.jpg,52,True
0.5,698.jpg,48,True
0.5,699.jpg,44,True
0.5,700.jpg,48,True
0.5,701.jpg,42,True
0.5,702.jpg,43,True
0.5,703.jpg,36,True
0.5,704.jpg,128,False
0.5,705.jpg,42,True
0.5,706.jpg,125,False
0.5,707.jpg,172,False
0.5,708.jpg,48,True
0.5,709.jpg,55,True
0.5,710.jpg,127,False
0.5,711.jpg,41,True
0.5,712.jpg,131,False
0.5,713.jpg,44,True
0.5,714.jpg,56,True
0.5,715.jpg,24,True
0.5,716.jpg,128,False
0.5,717.jpg,36,True
0.5,718.jpg,48,True
0.5,719.jpg,44,True
0.5,720.jpg,32,True
0.5,721.jpg,44,True
0.5,722.jpg,35,True
0.5,723.jpg,36,True
0.5,724.jpg,125,False
0.5,725.jpg,92,False
0.5,726.jpg,127,False
0.5,727.jpg,48,True
0.5,728.jpg,125,False
0.5,729.jpg,47,True
0.5,730.jpg,40,True
0.5,731.jpg,36,True
0.5,732.jpg,128,False
0.5,733.jpg,44,True
0.5,734.jpg,23,True
0.5,735.jpg,42,True
0.5,736.jpg,128,False
0.5,737.jpg,44,True
0.5,738.jpg,43,True
0.5,739.jpg,56,True
0.5,740.jpg,128,False
0.5,741.jpg,45,True
0.5,742.jpg,128,False
0.5,743.jpg,92,False
0.5,744.jpg,40,True
0.5,745.jpg,108,False
0.5,746.jpg,51,True
0.5,747.jpg,44,True
0.5,748.jpg,129,False
0.5,749.jpg,108,False
0.5,750.jpg,128,False
0.5,751.jpg,44,True
0.5,752.jpg,43,True
0.5,753.jpg,39,True
0.5,754.jpg,128,False
0.5,755.jpg,93,False
0.5,756.jpg,128,False
0.5,757.jpg,44,True
0.5,758.jpg,32,True
0.5,759.jpg,41,True
0.5,760.jpg,48,True
0.5,761.jpg,52,True
0.5,762.jpg,40,True
0.5,763.jpg,49,True
0.5,764.jpg,127,False
0.5,765.jpg,36,True
0.5,766.jpg,43,True
0.5,767.jpg,49,True
0.5,768.jpg,128,False
0.5,769.jpg,64,True
0.5,770.jpg,35,True
0.5,771.jpg,42,True
0.5,772.jpg,51,True
0.5,773.jpg,49,True
0.5,774.jpg,40,True
0.5,775.jpg,94,False
0.5,776.jpg,30,True
0.5,777.jpg,44,True
0.5,778.jpg,128,False
0.5,779.jpg,41,True
0.5,780.jpg,128,False
0.5,781.jpg,43,True
0.5,782.jpg,176,False
0.5,783.jpg,44,True
0.5,784.jpg,32,True
0.5,785.jpg,63,True
0.5,786.jpg,63,True
0.5,787.jpg,36,True
0.5,788.jpg,131,False
0.5,789.jpg,49,True
0.5,790.jpg,48,True
0.5,791.jpg,52,True
0.5,792.jpg,131,False
0.5,793.jpg,52,True
0.5,794.jpg,43,True
0.5,795.jpg,44,True
0.5,796.jpg,32,True
0.5,797.jpg,52,True
0.5,798.jpg,128,False
0.5,799.jpg,47,True
0.5,800.jpg,128,False
0.5,801.jpg,84,True
0.5,802.jpg,48,True
0.5,803.jpg,52,True
0.5,804.jpg,128,False
0.5,805.jpg,36,True
0.5,806.jpg,130,False
0.5,807.jpg,44,True
0.5,808.jpg,30,True
0.5,809.jpg,46,True
0.5,810.jpg,32,True
0.5,811.jpg,116,False
0.5,812.jpg,55,True
0.5,813.jpg,41,True
0.5,814.jpg,48,True
0.5,815.jpg,44,True
0.5,816.jpg,45,True
0.5,817.jpg,108,False
0.5,818.jpg,48,True
0.5,819.jpg,101,False
0.5,820.jpg,32,True
0.5,821.jpg,52,True
0.5,822.jpg,128,False
0.5,823.jpg,95,False
0.5,824.jpg,128,False
0.5,825.jpg,44,True
0.5,826.jpg,40,True
0.5,827.jpg,55,True
0.5,828.jpg,132,False
0.5,829.jpg,84,True
0.5,830.jpg,128,False
0.5,831.jpg,116,False
0.5,832.jpg,128,False
0.5,833.jpg,25,True
0.5,834.jpg,179,False
0.5,835.jpg,52,True
0.5,836.jpg,80,True
0.5,837.jpg,128,False
0.5,838.jpg,128,False
0.5,839.jpg,52,True
0.5,840.jpg,128,False
0.5,841.jpg,41,True
0.5,842.jpg,40,True
0.5,843.jpg,108,False
0.5,844.jpg,57,True
0.5,845.jpg,44,True
0.5,846.jpg,128,False
0.5,847.jpg,41,True
0.5,848.jpg,48,True
0.5,849.jpg,52,True
0.5,850.jpg,45,True
0.5,851.jpg,54,True
0.5,852.jpg,179,False
0.5,853.jpg,52,True
0.5,854.jpg,123,False
0.5,855.jpg,77,True
0.5,856.jpg,37,True
0.5,857.jpg,76,True
0.5,858.jpg,48,True
0.5,859.jpg,44,True
0.5,860.jpg,56,True
0.5,861.jpg,44,True
0.5,862.jpg,48,True
0.5,863.jpg,116,False
0.5,864.jpg,176,False
0.5,865.jpg,44,True
0.5,866.jpg,88,False
0.5,867.jpg,43,True
0.5,868.jpg,128,False
0.5,869.jpg,108,False
0.5,870.jpg,32,True
0.5,871.jpg,76,True
0.5,872.jpg,48,True
0.5,873.jpg,41,True
0.5,874.jpg,45,True
0.5,875.jpg,36,True
0.5,876.jpg,43,True
0.5,877.jpg,49,True
0.5,878.jpg,179,False
0.5,879.jpg,57,True
0.5,880.jpg,128,False
0.5,881.jpg,121,False
0.5,882.jpg,125,False
0.5,883.jpg,100,False
0.5,884.jpg,48,True
0.5,885.jpg,47,True
0.5,886.jpg,128,False
0.5,887.jpg,41,True
0.5,888.jpg,48,True
0.5,889.jpg,58,True
0.5,890.jpg,128,False
0.5,891.jpg,47,True
0.5,892.jpg,128,False
0.5,893.jpg,52,True
0.5,894.jpg,125,False
0.5,895.jpg,44,True
0.5,896.jpg,56,True
0.5,897.jpg,59,True
0.5,898.jpg,128,False
0.5,899.jpg,121,False
0.5,900.jpg,56,True
0.5,901.jpg,52,True
0.5,902.jpg,125,False
0.5,903.jpg,52,True
0.5,904.jpg,123,False
0.5,905.jpg,44,True
0.5,906.jpg,48,True
0.5,907.jpg,38,True
0.5,908.jpg,48,True
0.5,909.jpg,36,True
0.5,910.jpg,123,False
0.5,911.jpg,36,True
0.5,912.jpg,123,False
0.5,913.jpg,36,True
0.5,914.jpg,128,False
0.5,915.jpg,44,True
0.5,916.jpg,40,True
0.5,917.jpg,52,True
0.5,918.jpg,128,False
0.5,919.jpg,124,False
0.5,920.jpg,131,False
0.5,921.jpg,100,False
0.5,922.jpg,128,False
0.5,923.jpg,52,True
0.5,924.jpg,72,True
0.5,925.jpg,52,True
0.5,926.jpg,123,False
0.5,927.jpg,107,False
0.5,928.jpg,56,True
0.5,929.jpg,60,True
0.5,930.jpg,56,True
0.5,931.jpg,44,True
0.5,932.jpg,80,True
0.5,933.jpg,113,False
0.5,934.jpg,128,False
0.5,935.jpg,52,True
0.5,936.jpg,176,False
0.5,937.jpg,52,True
0.5,938.jpg,128,False
0.5,939.jpg,84,True
0.5,940.jpg,130,False
0.5,941.jpg,36,True
0.5,942.jpg,128,False
0.5,943.jpg,44,True
0.5,944.jpg,128,False
0.5,945.jpg,44,True
0.5,946.jpg,48,True
0.5,947.jpg,47,True
0.5,948.jpg,35,True
0.5,949.jpg,52,True
0.5,950.jpg,53,True
0.5,951.jpg,84,True
0.5,952.jpg,32,True
0.5,953.jpg,100,False
0.5,954.jpg,35,True
0.5,955.jpg,50,True
0.5,956.jpg,131,False
0.5,957.jpg,52,True
0.5,958.jpg,80,True
0.5,959.jpg,48,True
0.5,960.jpg,41,True
0.5,961.jpg,108,False
0.5,962.jpg,48,True
0.5,963.jpg,109,False
0.5,964.jpg,48,True
0.5,965.jpg,47,True
0.5,966.jpg,128,False
0.5,967.jpg,44,True
0.5,968.jpg,120,False
0.5,969.jpg,116,False
0.5,970.jpg,128,False
0.5,971.jpg,41,True
0.5,972.jpg,40,True
0.5,973.jpg,52,True
0.5,974.jpg,104,False
0.5,975.jpg,49,True
0.5,976.jpg,40,True
0.5,977.jpg,40,True
0.5,978.jpg,37,True
0.5,979.jpg,44,True
0.5,980.jpg,35,True
0.5,981.jpg,105,False
0.5,982.jpg,128,False
0.5,983.jpg,44,True
0.5,984.jpg,43,True
0.5,985.jpg,47,True
0.5,986.jpg,40,True
0.5,987.jpg,44,True
0.5,988.jpg,43,True
0.5,989.jpg,124,False
0.5,990.jpg,45,True
0.5,991.jpg,52,True
0.5,992.jpg,43,True
0.5,993.jpg,44,True
0.5,994.jpg,56,True
0.5,995.jpg,44,True
0.5,996.jpg,125,False
0.5,997.jpg,50,True
0.5,998.jpg,48,True
0.5,999.jpg,72,True
0.5,1000.jpg,32,True
0.5,1001.jpg,41,True
0.5,1002.jpg,35,True
0.5,1003.jpg,52,True
0.5,1004.jpg,40,True
0.5,1005.jpg,39,True
0.5,1006.jpg,128,False
0.5,1007.jpg,41,True
0.5,1008.jpg,56,True
0.5,1009.jpg,44,True
0.5,1010.jpg,37,True
0.5,1011.jpg,47,True
0.5,1012.jpg,48,True
0.5,1013.jpg,44,True
0.5,1014.jpg,128,False
0.5,1015.jpg,52,True
0.5,1016.jpg,48,True
0.5,1017.jpg,59,True
0.5,1018.jpg,37,True
0.5,1019.jpg,41,True
0.5,1020.jpg,64,True
0.5,1021.jpg,36,True
0.5,1022.jpg,43,True
0.5,1023.jpg,41,True
0.5,1024.jpg,83,True
0.5,1025.jpg,124,False
0.5,1026.jpg,24,True
0.5,1027.jpg,44,True
0.5,1028.jpg,176,False
0.5,1029.jpg,36,True
0.5,1030.jpg,40,True
0.5,1031.jpg,44,True
0.5,1032.jpg,128,False
0.5,1033.jpg,41,True
0.5,1034.jpg,128,False
0.5,1035.jpg,41,True
0.5,1036.jpg,128,False
0.5,1037.jpg,40,True
0.5,1038.jpg,35,True
0.5,1039.jpg,57,True
0.5,1040.jpg,48,True
0.5,1041.jpg,52,True
0.5,1042.jpg,48,True
0.5,1043.jpg,49,True
0.5,1044.jpg,48,True
0.5,1045.jpg,44,True
0.5,1046.jpg,128,False
0.5,1047.jpg,40,True
0.5,1048.jpg,128,False
0.5,1049.jpg,36,True
0.5,1050.jpg,128,False
0.5,1051.jpg,41,True
0.5,1052.jpg,128,False
0.5,1053.jpg,44,True
0.5,1054.jpg,128,False
0.5,1055.jpg,44,True
0.5,1056.jpg,128,False
0.5,1057.jpg,39,True
0.5,1058.jpg,48,True
0.5,1059.jpg,44,True
0.5,1060.jpg,123,False
0.5,1061.jpg,49,True
0.5,1062.jpg,128,False
0.5,1063.jpg,43,True
0.5,1064.jpg,128,False
0.5,1065.jpg,44,True
0.5,1066.jpg,43,True
0.5,1067.jpg,121,False
0.5,1068.jpg,128,False
0.5,1069.jpg,37,True
0.5,1070.jpg,48,True
0.5,1071.jpg,51,True
0.5,1072.jpg,127,False
0.5,1073.jpg,41,True
0.5,1074.jpg,128,False
0.5,1075.jpg,39,True
0.5,1076.jpg,48,True
0.5,1077.jpg,48,True
0.5,1078.jpg,32,True
0.5,1079.jpg,128,False
0.5,1080.jpg,96,False
0.5,1081.jpg,116,False
0.5,1082.jpg,128,False
0.5,1083.jpg,62,True
0.5,1084.jpg,128,False
0.5,1085.jpg,49,True
0.5,1086.jpg,48,True
0.5,1087.jpg,44,True
0.5,1088.jpg,131,False
0.5,1089.jpg,92,False
0.5,1090.jpg,128,False
0.5,1091.jpg,44,True
0.5,1092.jpg,56,True
0.5,1093.jpg,41,True
0.5,1094.jpg,128,False
0.5,1095.jpg,47,True
0.5,1096.jpg,45,True
0.5,1097.jpg,44,True
0.5,1098.jpg,123,False
0.5,1099.jpg,41,True
0.5,1100.jpg,45,True
0.5,1101.jpg,52,True
0.5,1102.jpg,123,False
0.5,1103.jpg,47,True
0.5,1104.jpg,128,False
0.5,1105.jpg,60,True
0.5,1106.jpg,128,False
0.5,1107.jpg,36,True
0.5,1108.jpg,35,True
0.5,1109.jpg,39,True
0.5,1110.jpg,128,False
0.5,1111.jpg,41,True
0.5,1112.jpg,176,False
0.5,1113.jpg,40,True
0.5,1114.jpg,123,False
0.5,1115.jpg,39,True
0.5,1116.jpg,125,False
0.5,1117.jpg,47,True
0.5,1118.jpg,48,True
0.5,1119.jpg,100,False
0.5,1120.jpg,48,True
0.5,1121.jpg,51,True
0.5,1122.jpg,123,False
0.5,1123.jpg,26,True
0.5,1124.jpg,128,False
0.5,1125.jpg,36,True
0.5,1126.jpg,51,True
0.5,1127.jpg,39,True
0.5,1128.jpg,128,False
0.5,1129.jpg,47,True
0.5,1130.jpg,45,True
0.5,1131.jpg,83,True
0.5,1132.jpg,128,False
0.5,1133.jpg,41,True
0.5,1134.jpg,128,False
0.5,1135.jpg,41,True
0.5,1136.jpg,40,True
0.5,1137.jpg,52,True
0.5,1138.jpg,37,True
0.5,1139.jpg,36,True
0.5,1140.jpg,128,False
0.5,1141.jpg,28,True
0.5,1142.jpg,128,False
0.5,1143.jpg,44,True
0.5,1144.jpg,24,True
0.5,1145.jpg,36,True
0.5,1146.jpg,48,True
0.5,1147.jpg,41,True
0.5,1148.jpg,23,True
0.5,1149.jpg,120,False
0.5,1150.jpg,37,True
0.5,1151.jpg,52,True
0.5,1152.jpg,56,True
0.5,1153.jpg,44,True
0.5,1154.jpg,120,False
0.5,1155.jpg,28,True
0.5,1156.jpg,32,True
0.5,1157.jpg,168,False
0.5,1158.jpg,48,True
0.5,1159.jpg,46,True
0.5,1160.jpg,177,False
0.5,1161.jpg,108,False
0.5,1162.jpg,128,False
0.5,1163.jpg,52,True
0.5,1164.jpg,128,False
0.5,1165.jpg,68,True
0.5,1166.jpg,37,True
0.5,1167.jpg,41,True
0.5,1168.jpg,43,True
0.5,1169.jpg,52,True
0.5,1170.jpg,80,True
0.5,1171.jpg,44,True
0.5,1172.jpg,40,True
0.5,1173.jpg,44,True
0.5,1174.jpg,40,True
0.5,1175.jpg,52,True
0.5,1176.jpg,80,True
0.5,1177.jpg,44,True
0.5,1178.jpg,32,True
0.5,1179.jpg,44,True
0.5,1180.jpg,48,True
0.5,1181.jpg,49,True
0.5,1182.jpg,48,True
0.5,1183.jpg,36,True
0.5,1184.jpg,128,False
0.5,1185.jpg,44,True
0.5,1186.jpg,40,True
0.5,1187.jpg,108,False
0.5,1188.jpg,120,False
0.5,1189.jpg,44,True
0.5,1190.jpg,48,True
0.5,1191.jpg,48,True
0.5,1192.jpg,175,False
0.5,1193.jpg,36,True
0.5,1194.jpg,40,True
0.5,1195.jpg,40,True
0.5,1196.jpg,128,False
0.5,1197.jpg,36,True
0.5,1198.jpg,131,False
0.5,1199.jpg,44,True
0.5,1200.jpg,43,True
0.5,1201.jpg,124,False
0.5,1202.jpg,32,True
0.5,1203.jpg,44,True
0.5,1204.jpg,128,False
0.5,1205.jpg,41,True
0.5,1206.jpg,40,True
0.5,1207.jpg,41,True
0.5,1208.jpg,48,True
0.5,1209.jpg,44,True
0.5,1210.jpg,128,False
0.5,1211.jpg,41,True
0.5,1212.jpg,37,True
0.5,1213.jpg,44,True
0.5,1214.jpg,120,False
0.5,1215.jpg,109,False
0.5,1216.jpg,123,False
0.5,1217.jpg,44,True
0.5,1218.jpg,40,True
0.5,1219.jpg,40,True
0.5,1220.jpg,37,True
0.5,1221.jpg,126,False
0.5,1222.jpg,61,True
0.5,1223.jpg,52,True
0.5,1224.jpg,119,False
0.5,1225.jpg,49,True
0.5,1226.jpg,128,False
0.5,1227.jpg,44,True
0.5,1228.jpg,128,False
0.5,1229.jpg,92,False
0.5,1230.jpg,128,False
0.5,1231.jpg,52,True
0.5,1232.jpg,128,False
0.5,1233.jpg,44,True
0.5,1234.jpg,53,True
0.5,1235.jpg,44,True
0.5,1236.jpg,40,True
0.5,1237.jpg,60,True
0.5,1238.jpg,128,False
0.5,1239.jpg,41,True
0.5,1240.jpg,131,False
0.5,1241.jpg,28,True
0.5,1242.jpg,32,True
0.5,1243.jpg,128,False
0.5,1244.jpg,51,True
0.5,1245.jpg,44,True
0.5,1246.jpg,128,False
0.5,1247.jpg,34,True
0.5,1248.jpg,128,False
0.5,1249.jpg,44,True
0.5,1250.jpg,40,True
0.5,1251.jpg,52,True
0.5,1252.jpg,40,True
0.5,1253.jpg,47,True
0.5,1254.jpg,133,False
0.5,1255.jpg,41,True
0.5,1256.jpg,32,True
0.5,1257.jpg,41,True
0.5,1258.jpg,128,False
0.5,1259.jpg,40,True
0.5,1260.jpg,179,False
0.5,1261.jpg,44,True
0.5,1262.jpg,40,True
0.5,1263.jpg,43,True
0.5,1264.jpg,176,False
0.5,1265.jpg,47,True
0.5,1266.jpg,128,False
0.5,1267.jpg,39,True
0.5,1268.jpg,128,False
0.5,1269.jpg,44,True
0.5,1270.jpg,40,True
0.5,1271.jpg,41,True
0.5,1272.jpg,128,False
0.5,1273.jpg,36,True
0.5,1274.jpg,32,True
0.5,1275.jpg,52,True
0.5,1276.jpg,128,False
0.5,1277.jpg,49,True
0.5,1278.jpg,128,False
0.5,1279.jpg,52,True
0.5,1280.jpg,128,False
0.5,1281.jpg,41,True
0.5,1282.jpg,128,False
0.5,1283.jpg,39,True
0.5,1284.jpg,56,True
0.5,1285.jpg,52,True
0.5,1286.jpg,128,False
0.5,1287.jpg,36,True
0.5,1288.jpg,123,False
0.5,1289.jpg,36,True
0.5,1290.jpg,48,True
0.5,1291.jpg,52,True
0.5,1292.jpg,51,True
0.5,1293.jpg,69,True
0.5,1294.jpg,128,False
0.5,1295.jpg,44,True
0.5,1296.jpg,43,True
0.5,1297.jpg,101,False
0.5,1298.jpg,179,False
0.5,1299.jpg,96,False
0.5,1300.jpg,128,False
0.5,1301.jpg,49,True
0.5,1302.jpg,128,False
0.5,1303.jpg,36,True
0.5,1304.jpg,129,False
1,0.jpg,92,False
1,1.jpg,98,False
1,2.jpg,90,False
1,3.jpg,97,False
1,4.jpg,90,False
1,5.jpg,100,False
1,6.jpg,90,False
1,7.jpg,95,False
1,8.jpg,90,False
1,9.jpg,98,False
1,10.jpg,86,False
1,11.jpg,95,False
1,12.jpg,86,False
1,13.jpg,95,False
1,14.jpg,90,False
1,15.jpg,95,False
1,16.jpg,90,False
1,17.jpg,98,False
1,18.jpg,91,False
1,19.jpg,98,False
1,20.jpg,90,False
1,21.jpg,98,False
1,22.jpg,64,True
1,23.jpg,81,True
1,24.jpg,86,False
1,25.jpg,94,False
1,26.jpg,87,False
1,27.jpg,100,False
1,28.jpg,90,False
1,29.jpg,98,False
1,30.jpg,90,False
1,31.jpg,98,False
1,32.jpg,90,False
1,33.jpg,98,False
1,34.jpg,90,False
1,35.jpg,98,False
1,36.jpg,92,False
1,37.jpg,97,False
1,38.jpg,87,False
1,39.jpg,98,False
1,40.jpg,84,True
1,41.jpg,98,False
1,42.jpg,88,False
1,43.jpg,78,True
1,44.jpg,86,False
1,45.jpg,98,False
1,46.jpg,91,False
1,47.jpg,94,False
1,48.jpg,90,False
1,49.jpg,94,False
1,50.jpg,89,False
1,51.jpg,94,False
1,52.jpg,92,False
1,53.jpg,98,False
1,54.jpg,64,True
1,55.jpg,83,True
1,56.jpg,84,True
1,57.jpg,94,False
1,58.jpg,89,False
1,59.jpg,95,False
1,60.jpg,86,False
1,61.jpg,98,False
1,62.jpg,92,False
1,63.jpg,97,False
1,64.jpg,90,False
1,65.jpg,98,False
1,66.jpg,86,False
1,67.jpg,98,False
1,68.jpg,86,False
1,69.jpg,98,False
1,70.jpg,90,False
1,71.jpg,98,False
1,72.jpg,90,False
1,73.jpg,100,False
1,74.jpg,89,False
1,75.jpg,98,False
1,76.jpg,89,False
1,77.jpg,98,False
1,78.jpg,86,False
1,79.jpg,100,False
1,80.jpg,90,False
1,81.jpg,98,False
1,82.jpg,92,False
1,83.jpg,96,False
1,84.jpg,86,False
1,85.jpg,98,False
1,86.jpg,90,False
1,87.jpg,97,False
1,88.jpg,89,False
1,89.jpg,98,False
1,90.jpg,90,False
1,91.jpg,100,False
1,92.jpg,92,False
1,93.jpg,100,False
1,94.jpg,90,False
1,95.jpg,95,False
1,96.jpg,92,False
1,97.jpg,95,False
1,98.jpg,89,False
1,99.jpg,94,False
1,100.jpg,21,True
1,101.jpg,42,True
1,102.jpg,90,False
1,103.jpg,95,False
1,104.jpg,92,False
1,105.jpg,98,False
1,106.jpg,86,False
1,107.jpg,98,False
1,108.jpg,87,False
1,109.jpg,98,False
1,110.jpg,21,True
1,111.jpg,42,True
1,112.jpg,92,False
1,113.jpg,98,False
1,114.jpg,90,False
1,115.jpg,95,False
1,116.jpg,84,True
1,117.jpg,98,False
1,118.jpg,90,False
1,119.jpg,98,False
1,120.jpg,92,False
1,121.jpg,92,False
1,122.jpg,86,False
1,123.jpg,95,False
1,124.jpg,92,False
1,125.jpg,98,False
1,126.jpg,89,False
1,127.jpg,100,False
1,128.jpg,89,False
1,129.jpg,98,False
1,130.jpg,92,False
1,131.jpg,100,False
1,132.jpg,90,False
1,133.jpg,98,False
1,134.jpg,91,False
1,135.jpg,94,False
1,136.jpg,59,True
1,137.jpg,84,True
1,138.jpg,90,False
1,139.jpg,95,False
1,140.jpg,89,False
1,141.jpg,98,False
1,142.jpg,92,False
1,143.jpg,98,False
1,144.jpg,115,False
1,145.jpg,78,True
1,146.jpg,90,False
1,147.jpg,98,False
1,148.jpg,88,False
1,149.jpg,97,False
1,150.jpg,89,False
1,151.jpg,94,False
1,152.jpg,90,False
1,153.jpg,98,False
1,154.jpg,90,False
1,155.jpg,100,False
1,156.jpg,86,False
1,157.jpg,98,False
1,158.jpg,92,False
1,159.jpg,98,False
1,160.jpg,86,False
1,161.jpg,95,False
1,162.jpg,90,False
1,163.jpg,95,False
1,164.jpg,160,False
1,165.jpg,78,True
1,166.jpg,89,False
1,167.jpg,98,False
1,168.jpg,88,False
1,169.jpg,94,False
1,170.jpg,90,False
1,171.jpg,95,False
1,172.jpg,86,False
1,173.jpg,100,False
1,174.jpg,91,False
1,175.jpg,98,False
1,176.jpg,89,False
1,177.jpg,98,False
1,178.jpg,86,False
1,179.jpg,98,False
1,180.jpg,86,False
1,181.jpg,95,False
1,182.jpg,90,False
1,183.jpg,100,False
1,184.jpg,21,True
1,185.jpg,42,True
1,186.jpg,89,False
1,187.jpg,98,False
1,188.jpg,86,False
1,189.jpg,98,False
1,190.jpg,89,False
1,191.jpg,99,False
1,192.jpg,92,False
1,193.jpg,98,False
1,194.jpg,85,True
1,195.jpg,96,False
1,196.jpg,96,False
1,197.jpg,77,True
1,198.jpg,90,False
1,199.jpg,95,False
1,200.jpg,84,True
1,201.jpg,96,False
1,202.jpg,89,False
1,203.jpg,100,False
1,204.jpg,128,False
1,205.jpg,79,True
1,206.jpg,94,False
1,207.jpg,98,False
1,208.jpg,120,False
1,209.jpg,78,True
1,210.jpg,70,True
1,211.jpg,79,True
1,212.jpg,86,False
1,213.jpg,95,False
1,214.jpg,87,False
1,215.jpg,95,False
1,216.jpg,91,False
1,217.jpg,98,False
1,218.jpg,84,True
1,219.jpg,98,False
1,220.jpg,92,False
1,221.jpg,96,False
1,222.jpg,92,False
1,223.jpg,97,False
1,224.jpg,90,False
1,225.jpg,100,False
1,226.jpg,89,False
1,227.jpg,96,False
1,228.jpg,87,False
1,229.jpg,98,False
1,230.jpg,90,False
1,231.jpg,100,False
1,232.jpg,86,False
1,233.jpg,98,False
1,234.jpg,92,False
1,235.jpg,98,False
1,236.jpg,89,False
1,237.jpg,98,False
1,238.jpg,92,False
1,239.jpg,97,False
1,240.jpg,87,False
1,241.jpg,102,False
1,242.jpg,90,False
1,243.jpg,98,False
1,244.jpg,95,False
1,245.jpg,98,False
1,246.jpg,87,False
1,247.jpg,98,False
1,248.jpg,90,False
1,249.jpg,94,False
1,250.jpg,72,True
1,251.jpg,79,True
1,252.jpg,90,False
1,253.jpg,100,False
1,254.jpg,90,False
1,255.jpg,95,False
1,256.jpg,88,False
1,257.jpg,98,False
1,258.jpg,84,True
1,259.jpg,95,False
1,260.jpg,92,False
1,261.jpg,97,False
1,262.jpg,90,False
1,263.jpg,95,False
1,264.jpg,90,False
1,265.jpg,98,False
1,266.jpg,82,True
1,267.jpg,96,False
1,268.jpg,85,True
1,269.jpg,100,False
1,270.jpg,120,False
1,271.jpg,40,True
1,272.jpg,89,False
1,273.jpg,98,False
1,274.jpg,90,False
1,275.jpg,92,False
1,276.jpg,87,False
1,277.jpg,98,False
1,278.jpg,92,False
1,279.jpg,100,False
1,280.jpg,90,False
1,281.jpg,100,False
1,282.jpg,87,False
1,283.jpg,98,False
1,284.jpg,72,True
1,285.jpg,79,True
1,286.jpg,89,False
1,287.jpg,98,False
1,288.jpg,90,False
1,289.jpg,94,False
1,290.jpg,84,True
1,291.jpg,98,False
1,292.jpg,86,False
1,293.jpg,98,False
1,294.jpg,112,False
1,295.jpg,84,True
1,296.jpg,90,False
1,297.jpg,98,False
1,298.jpg,92,False
1,299.jpg,100,False
1,300.jpg,86,False
1,301.jpg,98,False
1,302.jpg,90,False
1,303.jpg,95,False
1,304.jpg,89,False
1,305.jpg,95,False
1,306.jpg,90,False
1,307.jpg,98,False
1,308.jpg,90,False
1,309.jpg,100,False
1,310.jpg,89,False
1,311.jpg,95,False
1,312.jpg,91,False
1,313.jpg,97,False
1,314.jpg,88,False
1,315.jpg,98,False
1,316.jpg,92,False
1,317.jpg,98,False
1,318.jpg,92,False
1,319.jpg,98,False
1,320.jpg,90,False
1,321.jpg,97,False
1,322.jpg,64,True
1,323.jpg,85,True
1,324.jpg,86,False
1,325.jpg,100,False
1,326.jpg,86,False
1,327.jpg,96,False
1,328.jpg,120,False
1,329.jpg,78,True
1,330.jpg,88,False
1,331.jpg,94,False
1,332.jpg,90,False
1,333.jpg,100,False
1,334.jpg,90,False
1,335.jpg,98,False
1,336.jpg,89,False
1,337.jpg,100,False
1,338.jpg,86,False
1,339.jpg,94,False
1,340.jpg,90,False
1,341.jpg,98,False
1,342.jpg,30,True
1,343.jpg,83,True
1,344.jpg,85,True
1,345.jpg,94,False
1,346.jpg,92,False
1,347.jpg,100,False
1,348.jpg,89,False
1,349.jpg,100,False
1,350.jpg,93,False
1,351.jpg,95,False
1,352.jpg,84,True
1,353.jpg,97,False
1,354.jpg,86,False
1,355.jpg,98,False
1,356.jpg,88,False
1,357.jpg,97,False
1,358.jpg,82,True
1,359.jpg,98,False
1,360.jpg,92,False
1,361.jpg,100,False
1,362.jpg,90,False
1,363.jpg,98,False
1,364.jpg,86,False
1,365.jpg,95,False
1,366.jpg,88,False
1,367.jpg,98,False
1,368.jpg,85,True
1,369.jpg,97,False
1,370.jpg,87,False
1,371.jpg,100,False
1,372.jpg,86,False
1,373.jpg,98,False
1,374.jpg,91,False
1,375.jpg,97,False
1,376.jpg,90,False
1,377.jpg,100,False
1,378.jpg,92,False
1,379.jpg,98,False
1,380.jpg,85,True
1,381.jpg,95,False
1,382.jpg,87,False
1,383.jpg,98,False
1,384.jpg,92,False
1,385.jpg,95,False
1,386.jpg,100,False
1,387.jpg,79,True
1,388.jpg,91,False
1,389.jpg,98,False
1,390.jpg,90,False
1,391.jpg,98,False
1,392.jpg,88,False
1,393.jpg,98,False
1,394.jpg,90,False
1,395.jpg,100,False
1,396.jpg,93,False
1,397.jpg,94,False
1,398.jpg,21,True
1,399.jpg,79,True
1,400.jpg,90,False
1,401.jpg,100,False
1,402.jpg,90,False
1,403.jpg,100,False
1,404.jpg,90,False
1,405.jpg,98,False
1,406.jpg,92,False
1,407.jpg,90,False
1,408.jpg,90,False
1,409.jpg,95,False
1,410.jpg,92,False
1,411.jpg,98,False
1,412.jpg,86,False
1,413.jpg,98,False
1,414.jpg,21,True
1,415.jpg,78,True
1,416.jpg,87,False
1,417.jpg,98,False
1,418.jpg,90,False
1,419.jpg,95,False
1,420.jpg,87,False
1,421.jpg,98,False
1,422.jpg,88,False
1,423.jpg,95,False
1,424.jpg,92,False
1,425.jpg,100,False
1,426.jpg,86,False
1,427.jpg,98,False
1,428.jpg,92,False
1,429.jpg,98,False
1,430.jpg,90,False
1,431.jpg,98,False
1,432.jpg,92,False
1,433.jpg,98,False
1,434.jpg,94,False
1,435.jpg,94,False
1,436.jpg,86,False
1,437.jpg,98,False
1,438.jpg,92,False
1,439.jpg,98,False
1,440.jpg,91,False
1,441.jpg,98,False
1,442.jpg,92,False
1,443.jpg,98,False
1,444.jpg,88,False
1,445.jpg,95,False
1,446.jpg,90,False
1,447.jpg,98,False
1,448.jpg,90,False
1,449.jpg,100,False
1,450.jpg,84,True
1,451.jpg,100,False
1,452.jpg,72,True
1,453.jpg,77,True
1,454.jpg,88,False
1,455.jpg,98,False
1,456.jpg,92,False
1,457.jpg,98,False
1,458.jpg,90,False
1,459.jpg,98,False
1,460.jpg,90,False
1,461.jpg,98,False
1,462.jpg,86,False
1,463.jpg,94,False
1,464.jpg,89,False
1,465.jpg,100,False
1,466.jpg,87,False
1,467.jpg,94,False
1,468.jpg,92,False
1,469.jpg,96,False
1,470.jpg,95,False
1,471.jpg,98,False
1,472.jpg,89,False
1,473.jpg,98,False
1,474.jpg,93,False
1,475.jpg,98,False
1,476.jpg,90,False
1,477.jpg,100,False
1,478.jpg,87,False
1,479.jpg,98,False
1,480.jpg,90,False
1,481.jpg,98,False
1,482.jpg,92,False
1,483.jpg,99,False
1,484.jpg,92,False
1,485.jpg,98,False
1,486.jpg,85,True
1,487.jpg,95,False
1,488.jpg,86,False
1,489.jpg,100,False
1,490.jpg,109,False
1,491.jpg,78,True
1,492.jpg,84,True
1,493.jpg,94,False
1,494.jpg,92,False
1,495.jpg,98,False
1,496.jpg,85,True
1,497.jpg,100,False
1,498.jpg,88,False
1,499.jpg,100,False
1,500.jpg,98,False
1,501.jpg,92,False
1,502.jpg,90,False
1,503.jpg,95,False
1,504.jpg,176,False
1,505.jpg,84,True
1,506.jpg,72,True
1,507.jpg,84,True
1,508.jpg,86,False
1,509.jpg,100,False
1,510.jpg,93,False
1,511.jpg,95,False
1,512.jpg,96,False
1,513.jpg,83,True
1,514.jpg,88,False
1,515.jpg,100,False
1,516.jpg,120,False
1,517.jpg,78,True
1,518.jpg,21,True
1,519.jpg,79,True
1,520.jpg,89,False
1,521.jpg,95,False
1,522.jpg,90,False
1,523.jpg,94,False
1,524.jpg,86,False
1,525.jpg,92,False
1,526.jpg,86,False
1,527.jpg,95,False
1,528.jpg,86,False
1,529.jpg,98,False
1,530.jpg,90,False
1,531.jpg,98,False
1,532.jpg,112,False
1,533.jpg,77,True
1,534.jpg,89,False
1,535.jpg,98,False
1,536.jpg,89,False
1,537.jpg,98,False
1,538.jpg,86,False
1,539.jpg,98,False
1,540.jpg,80,True
1,541.jpg,79,True
1,542.jpg,90,False
1,543.jpg,100,False
1,544.jpg,83,True
1,545.jpg,94,False
1,546.jpg,84,True
1,547.jpg,98,False
1,548.jpg,80,True
1,549.jpg,82,True
1,550.jpg,90,False
1,551.jpg,96,False
1,552.jpg,89,False
1,553.jpg,94,False
1,554.jpg,89,False
1,555.jpg,98,False
1,556.jpg,120,False
1,557.jpg,42,True
1,558.jpg,91,False
1,559.jpg,98,False
1,560.jpg,92,False
1,561.jpg,98,False
1,562.jpg,115,False
1,563.jpg,41,True
1,564.jpg,86,False
1,565.jpg,98,False
1,566.jpg,90,False
1,567.jpg,100,False
1,568.jpg,86,False
1,569.jpg,98,False
1,570.jpg,89,False
1,571.jpg,98,False
1,572.jpg,89,False
1,573.jpg,98,False
1,574.jpg,90,False
1,575.jpg,98,False
1,576.jpg,86,False
1,577.jpg,98,False
1,578.jpg,89,False
1,579.jpg,98,False
1,580.jpg,88,False
1,581.jpg,95,False
1,582.jpg,90,False
1,583.jpg,98,False
1,584.jpg,90,False
1,585.jpg,94,False
1,586.jpg,92,False
1,587.jpg,98,False
1,588.jpg,86,False
1,589.jpg,98,False
1,590.jpg,112,False
1,591.jpg,85,True
1,592.jpg,91,False
1,593.jpg,97,False
1,594.jpg,92,False
1,595.jpg,98,False
1,596.jpg,88,False
1,597.jpg,98,False
1,598.jpg,89,False
1,599.jpg,98,False
1,600.jpg,90,False
1,601.jpg,95,False
1,602.jpg,90,False
1,603.jpg,95,False
1,604.jpg,90,False
1,605.jpg,98,False
1,606.jpg,88,False
1,607.jpg,98,False
1,608.jpg,92,False
1,609.jpg,100,False
1,610.jpg,89,False
1,611.jpg,95,False
1,612.jpg,88,False
1,613.jpg,100,False
1,614.jpg,40,True
1,615.jpg,78,True
1,616.jpg,90,False
1,617.jpg,98,False
1,618.jpg,90,False
1,619.jpg,98,False
1,620.jpg,87,False
1,621.jpg,98,False
1,622.jpg,92,False
1,623.jpg,100,False
1,624.jpg,90,False
1,625.jpg,95,False
1,626.jpg,86,False
1,627.jpg,100,False
1,628.jpg,86,False
1,629.jpg,98,False
1,630.jpg,88,False
1,631.jpg,98,False
1,632.jpg,86,False
1,633.jpg,94,False
1,634.jpg,90,False
1,635.jpg,98,False
1,636.jpg,90,False
1,637.jpg,97,False
1,638.jpg,86,False
1,639.jpg,98,False
1,640.jpg,91,False
1,641.jpg,98,False
1,642.jpg,92,False
1,643.jpg,98,False
1,644.jpg,86,False
1,645.jpg,95,False
1,646.jpg,92,False
1,647.jpg,94,False
1,648.jpg,89,False
1,649.jpg,98,False
1,650.jpg,90,False
1,651.jpg,94,False
1,652.jpg,92,False
1,653.jpg,98,False
1,654.jpg,87,False
1,655.jpg,95,False
1,656.jpg,90,False
1,657.jpg,100,False
1,658.jpg,90,False
1,659.jpg,98,False
1,660.jpg,89,False
1,661.jpg,97,False
1,662.jpg,92,False
1,663.jpg,100,False
1,664.jpg,86,False
1,665.jpg,98,False
1,666.jpg,92,False
1,667.jpg,98,False
1,668.jpg,86,False
1,669.jpg,98,False
1,670.jpg,89,False
1,671.jpg,94,False
1,672.jpg,86,False
1,673.jpg,94,False
1,674.jpg,87,False
1,675.jpg,100,False
1,676.jpg,90,False
1,677.jpg,98,False
1,678.jpg,90,False
1,679.jpg,98,False
1,680.jpg,92,False
1,681.jpg,98,False
1,682.jpg,86,False
1,683.jpg,98,False
1,684.jpg,90,False
1,685.jpg,97,False
1,686.jpg,86,False
1,687.jpg,98,False
1,688.jpg,89,False
1,689.jpg,97,False
1,690.jpg,86,False
1,691.jpg,98,False
1,692.jpg,92,False
1,693.jpg,98,False
1,694.jpg,90,False
1,695.jpg,98,False
1,696.jpg,90,False
1,697.jpg,100,False
1,698.jpg,92,False
1,699.jpg,95,False
1,700.jpg,88,False
1,701.jpg,95,False
1,702.jpg,86,False
1,703.jpg,95,False
1,704.jpg,120,False
1,705.jpg,78,True
1,706.jpg,89,False
1,707.jpg,94,False
1,708.jpg,92,False
1,709.jpg,94,False
1,710.jpg,90,False
1,711.jpg,95,False
1,712.jpg,90,False
1,713.jpg,97,False
1,714.jpg,86,False
1,715.jpg,98,False
1,716.jpg,90,False
1,717.jpg,95,False
1,718.jpg,92,False
1,719.jpg,98,False
1,720.jpg,89,False
1,721.jpg,98,False
1,722.jpg,90,False
1,723.jpg,98,False
1,724.jpg,89,False
1,725.jpg,98,False
1,726.jpg,90,False
1,727.jpg,98,False
1,728.jpg,92,False
1,729.jpg,98,False
1,730.jpg,90,False
1,731.jpg,98,False
1,732.jpg,90,False
1,733.jpg,100,False
1,734.jpg,86,False
1,735.jpg,98,False
1,736.jpg,87,False
1,737.jpg,98,False
1,738.jpg,90,False
1,739.jpg,98,False
1,740.jpg,85,True
1,741.jpg,100,False
1,742.jpg,85,True
1,743.jpg,94,False
1,744.jpg,86,False
1,745.jpg,98,False
1,746.jpg,117,False
1,747.jpg,41,True
1,748.jpg,92,False
1,749.jpg,97,False
1,750.jpg,90,False
1,751.jpg,97,False
1,752.jpg,90,False
1,753.jpg,98,False
1,754.jpg,89,False
1,755.jpg,98,False
1,756.jpg,90,False
1,757.jpg,98,False
1,758.jpg,90,False
1,759.jpg,98,False
1,760.jpg,90,False
1,761.jpg,98,False
1,762.jpg,90,False
1,763.jpg,95,False
1,764.jpg,89,False
1,765.jpg,100,False
1,766.jpg,90,False
1,767.jpg,98,False
1,768.jpg,90,False
1,769.jpg,94,False
1,770.jpg,89,False
1,771.jpg,98,False
1,772.jpg,89,False
1,773.jpg,95,False
1,774.jpg,89,False
1,775.jpg,98,False
1,776.jpg,90,False
1,777.jpg,95,False
1,778.jpg,86,False
1,779.jpg,98,False
1,780.jpg,90,False
1,781.jpg,98,False
1,782.jpg,90,False
1,783.jpg,95,False
1,784.jpg,88,False
1,785.jpg,98,False
1,786.jpg,120,False
1,787.jpg,78,True
1,788.jpg,87,False
1,789.jpg,100,False
1,790.jpg,89,False
1,791.jpg,98,False
1,792.jpg,89,False
1,793.jpg,98,False
1,794.jpg,92,False
1,795.jpg,95,False
1,796.jpg,86,False
1,797.jpg,92,False
1,798.jpg,90,False
1,799.jpg,100,False
1,800.jpg,92,False
1,801.jpg,98,False
1,802.jpg,90,False
1,803.jpg,97,False
1,804.jpg,89,False
1,805.jpg,95,False
1,806.jpg,100,False
1,807.jpg,79,True
1,808.jpg,87,False
1,809.jpg,100,False
1,810.jpg,89,False
1,811.jpg,95,False
1,812.jpg,90,False
1,813.jpg,98,False
1,814.jpg,90,False
1,815.jpg,98,False
1,816.jpg,90,False
1,817.jpg,98,False
1,818.jpg,92,False
1,819.jpg,98,False
1,820.jpg,84,True
1,821.jpg,98,False
1,822.jpg,90,False
1,823.jpg,100,False
1,824.jpg,92,False
1,825.jpg,97,False
1,826.jpg,92,False
1,827.jpg,94,False
1,828.jpg,92,False
1,829.jpg,98,False
1,830.jpg,89,False
1,831.jpg,98,False
1,832.jpg,89,False
1,833.jpg,98,False
1,834.jpg,87,False
1,835.jpg,98,False
1,836.jpg,88,False
1,837.jpg,100,False
1,838.jpg,90,False
1,839.jpg,98,False
1,840.jpg,88,False
1,841.jpg,100,False
1,842.jpg,87,False
1,843.jpg,100,False
1,844.jpg,91,False
1,845.jpg,98,False
1,846.jpg,96,False
1,847.jpg,79,True
1,848.jpg,89,False
1,849.jpg,98,False
1,850.jpg,89,False
1,851.jpg,98,False
1,852.jpg,90,False
1,853.jpg,98,False
1,854.jpg,89,False
1,855.jpg,94,False
1,856.jpg,92,False
1,857.jpg,97,False
1,858.jpg,88,False
1,859.jpg,98,False
1,860.jpg,86,False
1,861.jpg,95,False
1,862.jpg,92,False
1,863.jpg,97,False
1,864.jpg,90,False
1,865.jpg,98,False
1,866.jpg,90,False
1,867.jpg,94,False
1,868.jpg,86,False
1,869.jpg,95,False
1,870.jpg,86,False
1,871.jpg,98,False
1,872.jpg,90,False
1,873.jpg,98,False
1,874.jpg,92,False
1,875.jpg,98,False
1,876.jpg,91,False
1,877.jpg,100,False
1,878.jpg,90,False
1,879.jpg,100,False
1,880.jpg,86,False
1,881.jpg,95,False
1,882.jpg,90,False
1,883.jpg,102,False
1,884.jpg,92,False
1,885.jpg,100,False
1,886.jpg,89,False
1,887.jpg,98,False
1,888.jpg,89,False
1,889.jpg,98,False
1,890.jpg,91,False
1,891.jpg,98,False
1,892.jpg,115,False
1,893.jpg,78,True
1,894.jpg,90,False
1,895.jpg,98,False
1,896.jpg,90,False
1,897.jpg,97,False
1,898.jpg,89,False
1,899.jpg,95,False
1,900.jpg,85,True
1,901.jpg,92,False
1,902.jpg,90,False
1,903.jpg,98,False
1,904.jpg,86,False
1,905.jpg,98,False
1,906.jpg,92,False
1,907.jpg,98,False
1,908.jpg,92,False
1,909.jpg,98,False
1,910.jpg,64,True
1,911.jpg,80,True
1,912.jpg,90,False
1,913.jpg,98,False
1,914.jpg,86,False
1,915.jpg,100,False
1,916.jpg,90,False
1,917.jpg,98,False
1,918.jpg,89,False
1,919.jpg,98,False
1,920.jpg,86,False
1,921.jpg,95,False
1,922.jpg,90,False
1,923.jpg,98,False
1,924.jpg,86,False
1,925.jpg,98,False
1,926.jpg,115,False
1,927.jpg,78,True
1,928.jpg,90,False
1,929.jpg,100,False
1,930.jpg,91,False
1,931.jpg,98,False
1,932.jpg,91,False
1,933.jpg,96,False
1,934.jpg,87,False
1,935.jpg,100,False
1,936.jpg,84,True
1,937.jpg,98,False
1,938.jpg,87,False
1,939.jpg,98,False
1,940.jpg,90,False
1,941.jpg,98,False
1,942.jpg,90,False
1,943.jpg,98,False
1,944.jpg,86,False
1,945.jpg,100,False
1,946.jpg,117,False
1,947.jpg,78,True
1,948.jpg,86,False
1,949.jpg,102,False
1,950.jpg,176,False
1,951.jpg,83,True
1,952.jpg,93,False
1,953.jpg,95,False
1,954.jpg,86,False
1,955.jpg,98,False
1,956.jpg,88,False
1,957.jpg,98,False
1,958.jpg,86,False
1,959.jpg,98,False
1,960.jpg,90,False
1,961.jpg,98,False
1,962.jpg,86,False
1,963.jpg,95,False
1,964.jpg,90,False
1,965.jpg,98,False
1,966.jpg,90,False
1,967.jpg,98,False
1,968.jpg,84,True
1,969.jpg,94,False
1,970.jpg,92,False
1,971.jpg,94,False
1,972.jpg,93,False
1,973.jpg,98,False
1,974.jpg,86,False
1,975.jpg,97,False
1,976.jpg,87,False
1,977.jpg,98,False
1,978.jpg,86,False
1,979.jpg,98,False
1,980.jpg,86,False
1,981.jpg,97,False
1,982.jpg,91,False
1,983.jpg,98,False
1,984.jpg,86,False
1,985.jpg,95,False
1,986.jpg,86,False
1,987.jpg,100,False
1,988.jpg,88,False
1,989.jpg,98,False
1,990.jpg,89,False
1,991.jpg,98,False
1,992.jpg,90,False
1,993.jpg,98,False
1,994.jpg,86,False
1,995.jpg,98,False
1,996.jpg,86,False
1,997.jpg,98,False
1,998.jpg,90,False
1,999.jpg,98,False
1,1000.jpg,89,False
1,1001.jpg,98,False
1,1002.jpg,90,False
1,1003.jpg,98,False
1,1004.jpg,89,False
1,1005.jpg,95,False
1,1006.jpg,92,False
1,1007.jpg,98,False
1,1008.jpg,92,False
1,1009.jpg,97,False
1,1010.jpg,92,False
1,1011.jpg,92,False
1,1012.jpg,96,False
1,1013.jpg,72,True
1,1014.jpg,87,False
1,1015.jpg,102,False
1,1016.jpg,90,False
1,1017.jpg,98,False
1,1018.jpg,92,False
1,1019.jpg,94,False
1,1020.jpg,88,False
1,1021.jpg,97,False
1,1022.jpg,92,False
1,1023.jpg,98,False
1,1024.jpg,85,True
1,1025.jpg,98,False
1,1026.jpg,90,False
1,1027.jpg,98,False
1,1028.jpg,92,False
1,1029.jpg,98,False
1,1030.jpg,92,False
1,1031.jpg,98,False
1,1032.jpg,89,False
1,1033.jpg,100,False
1,1034.jpg,89,False
1,1035.jpg,98,False
1,1036.jpg,90,False
1,1037.jpg,96,False
1,1038.jpg,89,False
1,1039.jpg,100,False
1,1040.jpg,92,False
1,1041.jpg,98,False
1,1042.jpg,90,False
1,1043.jpg,100,False
1,1044.jpg,90,False
1,1045.jpg,95,False
1,1046.jpg,87,False
1,1047.jpg,98,False
1,1048.jpg,90,False
1,1049.jpg,98,False
1,1050.jpg,86,False
1,1051.jpg,100,False
1,1052.jpg,90,False
1,1053.jpg,102,False
1,1054.jpg,90,False
1,1055.jpg,98,False
1,1056.jpg,90,False
1,1057.jpg,98,False
1,1058.jpg,92,False
1,1059.jpg,98,False
1,1060.jpg,92,False
1,1061.jpg,98,False
1,1062.jpg,48,True
1,1063.jpg,86,False
1,1064.jpg,86,False
1,1065.jpg,98,False
1,1066.jpg,92,False
1,1067.jpg,96,False
1,1068.jpg,48,True
1,1069.jpg,68,True
1,1070.jpg,89,False
1,1071.jpg,100,False
1,1072.jpg,89,False
1,1073.jpg,98,False
1,1074.jpg,90,False
1,1075.jpg,97,False
1,1076.jpg,84,True
1,1077.jpg,94,False
1,1078.jpg,90,False
1,1079.jpg,95,False
1,1080.jpg,92,False
1,1081.jpg,97,False
1,1082.jpg,89,False
1,1083.jpg,98,False
1,1084.jpg,86,False
1,1085.jpg,95,False
1,1086.jpg,89,False
1,1087.jpg,98,False
1,1088.jpg,92,False
1,1089.jpg,97,False
1,1090.jpg,90,False
1,1091.jpg,98,False
1,1092.jpg,90,False
1,1093.jpg,96,False
1,1094.jpg,88,False
1,1095.jpg,98,False
1,1096.jpg,90,False
1,1097.jpg,100,False
1,1098.jpg,90,False
1,1099.jpg,98,False
1,1100.jpg,84,True
1,1101.jpg,98,False
1,1102.jpg,86,False
1,1103.jpg,98,False
1,1104.jpg,90,False
1,1105.jpg,98,False
1,1106.jpg,86,False
1,1107.jpg,95,False
1,1108.jpg,115,False
1,1109.jpg,79,True
1,1110.jpg,90,False
1,1111.jpg,98,False
1,1112.jpg,90,False
1,1113.jpg,98,False
1,1114.jpg,90,False
1,1115.jpg,98,False
1,1116.jpg,92,False
1,1117.jpg,94,False
1,1118.jpg,86,False
1,1119.jpg,100,False
1,1120.jpg,89,False
1,1121.jpg,95,False
1,1122.jpg,90,False
1,1123.jpg,98,False
1,1124.jpg,90,False
1,1125.jpg,98,False
1,1126.jpg,21,True
1,1127.jpg,42,True
1,1128.jpg,89,False
1,1129.jpg,95,False
1,1130.jpg,86,False
1,1131.jpg,95,False
1,1132.jpg,86,False
1,1133.jpg,98,False
1,1134.jpg,89,False
1,1135.jpg,95,False
1,1136.jpg,90,False
1,1137.jpg,95,False
1,1138.jpg,89,False
1,1139.jpg,98,False
1,1140.jpg,87,False
1,1141.jpg,98,False
1,1142.jpg,92,False
1,1143.jpg,100,False
1,1144.jpg,86,False
1,1145.jpg,100,False
1,1146.jpg,92,False
1,1147.jpg,100,False
1,1148.jpg,87,False
1,1149.jpg,100,False
1,1150.jpg,86,False
1,1151.jpg,98,False
1,1152.jpg,90,False
1,1153.jpg,98,False
1,1154.jpg,100,False
1,1155.jpg,79,True
1,1156.jpg,90,False
1,1157.jpg,96,False
1,1158.jpg,89,False
1,1159.jpg,95,False
1,1160.jpg,90,False
1,1161.jpg,98,False
1,1162.jpg,92,False
1,1163.jpg,98,False
1,1164.jpg,90,False
1,1165.jpg,98,False
1,1166.jpg,112,False
1,1167.jpg,72,True
1,1168.jpg,85,True
1,1169.jpg,98,False
1,1170.jpg,89,False
1,1171.jpg,98,False
1,1172.jpg,90,False
1,1173.jpg,98,False
1,1174.jpg,86,False
1,1175.jpg,100,False
1,1176.jpg,90,False
1,1177.jpg,100,False
1,1178.jpg,90,False
1,1179.jpg,97,False
1,1180.jpg,112,False
1,1181.jpg,84,True
1,1182.jpg,88,False
1,1183.jpg,98,False
10,1816.jpg,92,False
10,1817.jpg,98,False
10,1818.jpg,88,False
10,1819.jpg,97,False
10,1820.jpg,90,False
10,1821.jpg,96,False
10,1822.jpg,89,False
10,1823.jpg,95,False
10,1824.jpg,92,False
10,1825.jpg,100,False
10,1826.jpg,89,False
10,1827.jpg,94,False
10,1828.jpg,92,False
10,1829.jpg,100,False
10,1830.jpg,92,False
10,1831.jpg,92,False
10,1832.jpg,94,False
10,1833.jpg,102,False
10,1834.jpg,95,False
10,1835.jpg,98,False
10,1836.jpg,88,False
10,1837.jpg,97,False
10,1838.jpg,93,False
10,1839.jpg,100,False
10,1840.jpg,97,False
10,1841.jpg,102,False
10,1842.jpg,89,False
10,1843.jpg,94,False
10,1844.jpg,90,False
10,1845.jpg,98,False
10,1846.jpg,90,False
10,1847.jpg,98,False
10,1848.jpg,95,False
10,1849.jpg,98,False
10,1850.jpg,94,False
10,1851.jpg,102,False
10,1852.jpg,97,False
10,1853.jpg,102,False
10,1854.jpg,89,False
10,1855.jpg,96,False
10,1856.jpg,92,False
10,1857.jpg,103,False
10,1858.jpg,92,False
10,1859.jpg,98,False
10,1860.jpg,89,False
10,1861.jpg,95,False
10,1862.jpg,92,False
10,1863.jpg,95,False
10,1864.jpg,88,False
10,1865.jpg,96,False
10,1866.jpg,92,False
10,1867.jpg,100,False
10,1868.jpg,94,False
10,1869.jpg,100,False
10,1870.jpg,96,False
10,1871.jpg,100,False
10,1872.jpg,86,False
10,1873.jpg,95,False
10,1874.jpg,88,False
10,1875.jpg,95,False
10,1876.jpg,89,False
10,1877.jpg,98,False
10,1878.jpg,92,False
10,1879.jpg,94,False
10,1880.jpg,91,False
10,1881.jpg,97,False
10,1882.jpg,97,False
10,1883.jpg,100,False
10,1884.jpg,90,False
10,1885.jpg,100,False
10,1886.jpg,88,False
10,1887.jpg,98,False
10,1888.jpg,92,False
10,1889.jpg,102,False
10,1890.jpg,90,False
10,1891.jpg,98,False
10,1892.jpg,86,False
10,1893.jpg,97,False
10,1894.jpg,97,False
10,1895.jpg,102,False
10,1896.jpg,97,False
10,1897.jpg,98,False
10,1898.jpg,93,False
10,1899.jpg,95,False
10,1900.jpg,86,False
10,1901.jpg,98,False
10,1902.jpg,92,False
10,1903.jpg,98,False
10,1904.jpg,90,False
10,1905.jpg,98,False
10,1906.jpg,92,False
10,1907.jpg,102,False
10,1908.jpg,89,False
10,1909.jpg,97,False
10,1910.jpg,89,False
10,1911.jpg,98,False
10,1912.jpg,92,False
10,1913.jpg,102,False
10,1914.jpg,89,False
10,1915.jpg,98,False
10,1916.jpg,97,False
10,1917.jpg,102,False
10,1918.jpg,94,False
10,1919.jpg,96,False
10,1920.jpg,94,False
10,1921.jpg,95,False
10,1922.jpg,90,False
10,1923.jpg,94,False
10,1924.jpg,98,False
10,1925.jpg,100,False
10,1926.jpg,89,False
10,1927.jpg,98,False
10,1928.jpg,94,False
10,1929.jpg,98,False
10,1930.jpg,90,False
10,1931.jpg,98,False
10,1932.jpg,96,False
10,1933.jpg,102,False
10,1934.jpg,89,False
10,1935.jpg,95,False
10,1936.jpg,92,False
10,1937.jpg,98,False
10,1938.jpg,90,False
10,1939.jpg,98,False
10,1940.jpg,90,False
10,1941.jpg,97,False
10,1942.jpg,88,False
10,1943.jpg,98,False
10,1944.jpg,88,False
10,1945.jpg,100,False
10,1946.jpg,92,False
10,1947.jpg,97,False
10,1948.jpg,95,False
10,1949.jpg,100,False
10,1950.jpg,90,False
10,1951.jpg,98,False
10,1952.jpg,90,False
10,1953.jpg,94,False
10,1954.jpg,92,False
10,1955.jpg,102,False
10,1956.jpg,98,False
10,1957.jpg,102,False
10,1958.jpg,92,False
10,1959.jpg,100,False
10,1960.jpg,93,False
10,1961.jpg,98,False
10,1962.jpg,97,False
10,1963.jpg,98,False
10,1964.jpg,94,False
10,1965.jpg,98,False
10,1966.jpg,95,False
10,1967.jpg,102,False
10,1968.jpg,91,False
10,1969.jpg,95,False
10,1970.jpg,90,False
10,1971.jpg,94,False
10,1972.jpg,90,False
10,1973.jpg,95,False
10,1974.jpg,94,False
10,1975.jpg,100,False
10,1976.jpg,93,False
10,1977.jpg,100,False
10,1978.jpg,92,False
10,1979.jpg,94,False
10,1980.jpg,95,False
10,1981.jpg,95,False
10,1982.jpg,90,False
10,1983.jpg,98,False
10,1984.jpg,90,False
10,1985.jpg,95,False
10,1986.jpg,90,False
10,1987.jpg,95,False
10,1988.jpg,90,False
10,1989.jpg,94,False
10,1990.jpg,94,False
10,1991.jpg,98,False
10,1992.jpg,92,False
10,1993.jpg,98,False
10,1994.jpg,92,False
10,1995.jpg,98,False
10,1996.jpg,94,False
10,1997.jpg,98,False
10,1998.jpg,89,False
10,1999.jpg,98,False
10,2000.jpg,88,False
10,2001.jpg,98,False
10,2002.jpg,90,False
10,2003.jpg,97,False
10,2004.jpg,94,False
10,2005.jpg,102,False
10,2006.jpg,92,False
10,2007.jpg,98,False
10,2008.jpg,90,False
10,2009.jpg,92,False
10,2010.jpg,90,False
10,2011.jpg,98,False
10,2012.jpg,97,False
10,2013.jpg,100,False
10,2014.jpg,94,False
10,2015.jpg,102,False
10,2016.jpg,90,False
10,2017.jpg,102,False
10,2018.jpg,90,False
10,2019.jpg,98,False
10,2020.jpg,92,False
10,2021.jpg,100,False
10,2022.jpg,88,False
10,2023.jpg,95,False
10,2024.jpg,92,False
10,2025.jpg,102,False
10,2026.jpg,93,False
10,2027.jpg,98,False
10,2028.jpg,91,False
10,2029.jpg,103,False
10,2030.jpg,90,False
10,2031.jpg,98,False
10,2032.jpg,97,False
10,2033.jpg,102,False
10,2034.jpg,90,False
10,2035.jpg,98,False
10,2036.jpg,90,False
10,2037.jpg,100,False
10,2038.jpg,92,False
10,2039.jpg,98,False
10,2040.jpg,98,False
10,2041.jpg,100,False
10,2042.jpg,88,False
10,2043.jpg,97,False
10,2044.jpg,89,False
10,2045.jpg,98,False
10,2046.jpg,92,False
10,2047.jpg,102,False
10,2048.jpg,92,False
10,2049.jpg,98,False
10,2050.jpg,94,False
10,2051.jpg,102,False
10,2052.jpg,94,False
10,2053.jpg,94,False
10,2054.jpg,94,False
10,2055.jpg,102,False
10,2056.jpg,92,False
10,2057.jpg,95,False
10,2058.jpg,98,False
10,2059.jpg,102,False
10,2060.jpg,90,False
10,2061.jpg,97,False
10,2062.jpg,90,False
10,2063.jpg,97,False
10,2064.jpg,90,False
10,2065.jpg,94,False
10,2066.jpg,88,False
10,2067.jpg,94,False
10,2068.jpg,92,False
10,2069.jpg,102,False
10,2070.jpg,93,False
10,2071.jpg,98,False
10,2072.jpg,92,False
10,2073.jpg,95,False
10,2074.jpg,90,False
10,2075.jpg,98,False
10,2076.jpg,98,False
10,2077.jpg,100,False
10,2078.jpg,89,False
10,2079.jpg,95,False
10,2080.jpg,89,False
10,2081.jpg,97,False
10,2082.jpg,90,False
10,2083.jpg,98,False
10,2084.jpg,89,False
10,2085.jpg,98,False
10,2086.jpg,92,False
10,2087.jpg,100,False
10,2088.jpg,92,False
10,2089.jpg,100,False
10,2090.jpg,90,False
10,2091.jpg,98,False
10,2092.jpg,92,False
10,2093.jpg,98,False
10,2094.jpg,93,False
10,2095.jpg,97,False
10,2096.jpg,94,False
10,2097.jpg,102,False
10,2098.jpg,92,False
10,2099.jpg,94,False
10,2100.jpg,89,False
10,2101.jpg,98,False
10,2102.jpg,93,False
10,2103.jpg,96,False
10,2104.jpg,92,False
10,2105.jpg,98,False
10,2106.jpg,90,False
10,2107.jpg,94,False
10,2108.jpg,93,False
10,2109.jpg,103,False
10,2110.jpg,94,False
10,2111.jpg,103,False
10,2112.jpg,92,False
10,2113.jpg,102,False
10,2114.jpg,94,False
10,2115.jpg,100,False
10,2116.jpg,94,False
10,2117.jpg,103,False
10,2118.jpg,91,False
10,2119.jpg,100,False
10,2120.jpg,88,False
10,2121.jpg,98,False
10,2122.jpg,90,False
10,2123.jpg,95,False
10,2124.jpg,90,False
10,2125.jpg,98,False
10,2126.jpg,97,False
10,2127.jpg,100,False
10,2128.jpg,101,False
10,2129.jpg,101,False
10,2130.jpg,90,False
10,2131.jpg,98,False
10,2132.jpg,92,False
10,2133.jpg,96,False
10,2134.jpg,89,False
10,2135.jpg,95,False
10,2136.jpg,97,False
10,2137.jpg,102,False
10,2138.jpg,98,False
10,2139.jpg,98,False
10,2140.jpg,94,False
10,2141.jpg,102,False
10,2142.jpg,90,False
10,2143.jpg,95,False
10,2144.jpg,94,False
10,2145.jpg,102,False
10,2146.jpg,95,False
10,2147.jpg,100,False
10,2148.jpg,96,False
10,2149.jpg,100,False
10,2150.jpg,95,False
10,2151.jpg,98,False
10,2152.jpg,92,False
10,2153.jpg,100,False
10,2154.jpg,93,False
10,2155.jpg,98,False
10,2156.jpg,92,False
10,2157.jpg,98,False
10,2158.jpg,95,False
10,2159.jpg,98,False
10,2160.jpg,92,False
10,2161.jpg,102,False
10,2162.jpg,92,False
10,2163.jpg,102,False
10,2164.jpg,91,False
10,2165.jpg,95,False
10,2166.jpg,90,False
10,2167.jpg,95,False
10,2168.jpg,90,False
10,2169.jpg,98,False
10,2170.jpg,90,False
10,2171.jpg,96,False
10,2172.jpg,92,False
10,2173.jpg,97,False
10,2174.jpg,97,False
10,2175.jpg,98,False
10,2176.jpg,94,False
10,2177.jpg,96,False
10,2178.jpg,98,False
10,2179.jpg,98,False
10,2180.jpg,92,False
10,2181.jpg,98,False
10,2182.jpg,89,False
10,2183.jpg,97,False
10,2184.jpg,94,False
10,2185.jpg,100,False
10,2186.jpg,91,False
10,2187.jpg,98,False
10,2188.jpg,92,False
10,2189.jpg,102,False
10,2190.jpg,89,False
10,2191.jpg,98,False
10,2192.jpg,97,False
10,2193.jpg,102,False
10,2194.jpg,97,False
10,2195.jpg,100,False
10,2196.jpg,98,False
10,2197.jpg,98,False
10,2198.jpg,89,False
10,2199.jpg,98,False
10,2200.jpg,94,False
10,2201.jpg,102,False
10,2202.jpg,96,False
10,2203.jpg,100,False
10,2204.jpg,90,False
10,2205.jpg,100,False
10,2206.jpg,92,False
10,2207.jpg,94,False
10,2208.jpg,94,False
10,2209.jpg,102,False
10,2210.jpg,90,False
10,2211.jpg,97,False
10,2212.jpg,95,False
10,2213.jpg,100,False
10,2214.jpg,94,False
10,2215.jpg,100,False
10,2216.jpg,98,False
10,2217.jpg,98,False
10,2218.jpg,93,False
10,2219.jpg,100,False
10,2220.jpg,92,False
10,2221.jpg,102,False
10,2222.jpg,92,False
10,2223.jpg,98,False
10,2224.jpg,93,False
10,2225.jpg,96,False
10,2226.jpg,90,False
10,2227.jpg,95,False
10,2228.jpg,97,False
10,2229.jpg,98,False
10,2230.jpg,98,False
10,2231.jpg,98,False
10,2232.jpg,93,False
10,2233.jpg,98,False
10,2234.jpg,93,False
10,2235.jpg,102,False
10,2236.jpg,94,False
10,2237.jpg,102,False
10,2238.jpg,93,False
10,2239.jpg,102,False
10,2240.jpg,89,False
10,2241.jpg,98,False
10,2242.jpg,90,False
10,2243.jpg,97,False
10,2244.jpg,90,False
10,2245.jpg,95,False
10,2246.jpg,90,False
10,2247.jpg,98,False
10,2248.jpg,90,False
10,2249.jpg,92,False
10,2250.jpg,90,False
10,2251.jpg,98,False
10,2252.jpg,87,False
10,2253.jpg,97,False
10,2254.jpg,90,False
10,2255.jpg,97,False
10,2256.jpg,90,False
10,2257.jpg,96,False
10,2258.jpg,90,False
10,2259.jpg,98,False
10,2260.jpg,93,False
10,2261.jpg,98,False
10,2262.jpg,89,False
10,2263.jpg,96,False
10,2264.jpg,94,False
10,2265.jpg,98,False
10,2266.jpg,96,False
10,2267.jpg,100,False
10,2268.jpg,90,False
10,2269.jpg,95,False
10,2270.jpg,97,False
10,2271.jpg,100,False
10,2272.jpg,90,False
10,2273.jpg,98,False
10,2274.jpg,93,False
10,2275.jpg,95,False
10,2276.jpg,92,False
10,2277.jpg,98,False
10,2278.jpg,97,False
10,2279.jpg,102,False
10,2280.jpg,92,False
10,2281.jpg,100,False
10,2282.jpg,89,False
10,2283.jpg,97,False
10,2284.jpg,90,False
10,2285.jpg,95,False
10,2286.jpg,90,False
10,2287.jpg,98,False
10,2288.jpg,89,False
10,2289.jpg,96,False
10,2290.jpg,90,False
10,2291.jpg,94,False
10,2292.jpg,94,False
10,2293.jpg,102,False
10,2294.jpg,88,False
10,2295.jpg,98,False
10,2296.jpg,92,False
10,2297.jpg,98,False
10,2298.jpg,90,False
10,2299.jpg,98,False
10,2300.jpg,90,False
10,2301.jpg,100,False
10,2302.jpg,94,False
10,2303.jpg,102,False
10,2304.jpg,94,False
10,2305.jpg,95,False
10,2306.jpg,89,False
10,2307.jpg,97,False
10,2308.jpg,93,False
10,2309.jpg,102,False
10,2310.jpg,92,False
10,2311.jpg,102,False
10,2312.jpg,91,False
10,2313.jpg,98,False
10,2314.jpg,97,False
10,2315.jpg,98,False
10,2316.jpg,89,False
10,2317.jpg,95,False
10,2318.jpg,98,False
10,2319.jpg,95,False
10,2320.jpg,92,False
10,2321.jpg,98,False
10,2322.jpg,90,False
10,2323.jpg,95,False
10,2324.jpg,93,False
10,2325.jpg,96,False
10,2326.jpg,94,False
10,2327.jpg,94,False
10,2328.jpg,89,False
10,2329.jpg,98,False
10,2330.jpg,92,False
10,2331.jpg,100,False
10,2332.jpg,90,False
10,2333.jpg,98,False
10,2334.jpg,92,False
10,2335.jpg,96,False
10,2336.jpg,90,False
10,2337.jpg,98,False
10,2338.jpg,90,False
10,2339.jpg,98,False
10,2340.jpg,94,False
10,2341.jpg,98,False
10,2342.jpg,86,False
10,2343.jpg,98,False
10,2344.jpg,90,False
10,2345.jpg,95,False
10,2346.jpg,93,False
10,2347.jpg,100,False
10,2348.jpg,88,False
10,2349.jpg,98,False
10,2350.jpg,89,False
10,2351.jpg,96,False
10,2352.jpg,93,False
10,2353.jpg,96,False
10,2354.jpg,90,False
10,2355.jpg,96,False
10,2356.jpg,94,False
10,2357.jpg,100,False
10,2358.jpg,89,False
10,2359.jpg,102,False
10,2360.jpg,89,False
10,2361.jpg,98,False
10,2362.jpg,90,False
10,2363.jpg,95,False
10,2364.jpg,90,False
10,2365.jpg,98,False
10,2366.jpg,92,False
10,2367.jpg,102,False
10,2368.jpg,92,False
10,2369.jpg,103,False
10,2370.jpg,89,False
10,2371.jpg,98,False
10,2372.jpg,89,False
10,2373.jpg,97,False
10,2374.jpg,89,False
10,2375.jpg,94,False
10,2376.jpg,92,False
10,2377.jpg,97,False
10,2378.jpg,98,False
10,2379.jpg,100,False
10,2380.jpg,97,False
10,2381.jpg,102,False
10,2382.jpg,90,False
10,2383.jpg,98,False
10,2384.jpg,89,False
10,2385.jpg,95,False
10,2386.jpg,92,False
10,2387.jpg,100,False
10,2388.jpg,98,False
10,2389.jpg,102,False
10,2390.jpg,92,False
10,2391.jpg,100,False
10,2392.jpg,90,False
10,2393.jpg,97,False
10,2394.jpg,90,False
10,2395.jpg,97,False
10,2396.jpg,92,False
10,2397.jpg,95,False
10,2398.jpg,92,False
10,2399.jpg,102,False
10,2400.jpg,91,False
10,2401.jpg,97,False
10,2402.jpg,90,False
10,2403.jpg,94,False
10,2404.jpg,94,False
10,2405.jpg,100,False
10,2406.jpg,94,False
10,2407.jpg,98,False
10,2408.jpg,94,False
10,2409.jpg,98,False
10,2410.jpg,88,False
10,2411.jpg,95,False
10,2412.jpg,90,False
10,2413.jpg,100,False
10,2414.jpg,89,False
10,2415.jpg,100,False
10,2416.jpg,92,False
10,2417.jpg,98,False
10,2418.jpg,93,False
10,2419.jpg,98,False
10,2420.jpg,92,False
10,2421.jpg,102,False
10,2422.jpg,90,False
10,2423.jpg,98,False
10,2424.jpg,90,False
10,2425.jpg,98,False
10,2426.jpg,92,False
10,2427.jpg,102,False
10,2428.jpg,90,False
10,2429.jpg,98,False
10,2430.jpg,90,False
10,2431.jpg,95,False
10,2432.jpg,94,False
10,2433.jpg,100,False
10,2434.jpg,90,False
10,2435.jpg,95,False
10,2436.jpg,94,False
10,2437.jpg,98,False
10,2438.jpg,90,False
10,2439.jpg,98,False
10,2440.jpg,90,False
10,2441.jpg,94,False
10,2442.jpg,92,False
10,2443.jpg,98,False
10,2444.jpg,95,False
10,2445.jpg,100,False
10,2446.jpg,94,False
10,2447.jpg,98,False
10,2448.jpg,90,False
10,2449.jpg,97,False
10,2450.jpg,88,False
10,2451.jpg,98,False
10,2452.jpg,90,False
10,2453.jpg,98,False
10,2454.jpg,90,False
10,2455.jpg,100,False
10,2456.jpg,92,False
10,2457.jpg,96,False
10,2458.jpg,89,False
10,2459.jpg,95,False
10,2460.jpg,89,False
10,2461.jpg,94,False
10,2462.jpg,90,False
10,2463.jpg,98,False
10,2464.jpg,89,False
10,2465.jpg,94,False
10,2466.jpg,95,False
10,2467.jpg,100,False
10,2468.jpg,90,False
10,2469.jpg,94,False
10,2470.jpg,88,False
10,2471.jpg,97,False
10,2472.jpg,90,False
10,2473.jpg,98,False
10,2474.jpg,90,False
10,2475.jpg,94,False
10,2476.jpg,89,False
10,2477.jpg,98,False
10,2478.jpg,95,False
10,2479.jpg,102,False
10,2480.jpg,88,False
10,2481.jpg,97,False
10,2482.jpg,98,False
10,2483.jpg,102,False
10,2484.jpg,91,False
10,2485.jpg,95,False
10,2486.jpg,93,False
10,2487.jpg,100,False
10,2488.jpg,94,False
10,2489.jpg,100,False
10,2490.jpg,89,False
10,2491.jpg,95,False
10,2492.jpg,90,False
10,2493.jpg,94,False
10,2494.jpg,94,False
10,2495.jpg,102,False
10,2496.jpg,95,False
10,2497.jpg,94,False
10,2498.jpg,92,False
10,2499.jpg,100,False
10,2500.jpg,90,False
10,2501.jpg,99,False
10,2502.jpg,92,False
10,2503.jpg,94,False
10,2504.jpg,88,False
10,2505.jpg,98,False
10,2506.jpg,94,False
10,2507.jpg,100,False
10,2508.jpg,96,False
10,2509.jpg,100,False
10,2510.jpg,90,False
10,2511.jpg,98,False
10,2512.jpg,90,False
10,2513.jpg,92,False
10,2514.jpg,97,False
10,2515.jpg,102,False
10,2516.jpg,88,False
10,2517.jpg,98,False
10,2518.jpg,89,False
10,2519.jpg,102,False
10,2520.jpg,90,False
10,2521.jpg,98,False
10,2522.jpg,93,False
10,2523.jpg,103,False
10,2524.jpg,92,False
10,2525.jpg,97,False
10,2526.jpg,89,False
10,2527.jpg,97,False
10,2528.jpg,94,False
10,2529.jpg,98,False
10,2530.jpg,86,False
10,2531.jpg,98,False
10,2532.jpg,98,False
10,2533.jpg,100,False
10,2534.jpg,90,False
10,2535.jpg,98,False
10,2536.jpg,93,False
10,2537.jpg,102,False
10,2538.jpg,92,False
10,2539.jpg,96,False
10,2540.jpg,93,False
10,2541.jpg,98,False
10,2542.jpg,98,False
10,2543.jpg,102,False
10,2544.jpg,94,False
10,2545.jpg,102,False
10,2546.jpg,90,False
10,2547.jpg,99,False
10,2548.jpg,98,False
10,2549.jpg,95,False
10,2550.jpg,94,False
10,2551.jpg,102,False
10,2552.jpg,90,False
10,2553.jpg,100,False
10,2554.jpg,92,False
10,2555.jpg,95,False
10,2556.jpg,91,False
10,2557.jpg,100,False
10,2558.jpg,92,False
10,2559.jpg,102,False
10,2560.jpg,98,False
10,2561.jpg,100,False
10,2562.jpg,92,False
10,2563.jpg,102,False
10,2564.jpg,90,False
10,2565.jpg,95,False
10,2566.jpg,94,False
10,2567.jpg,100,False
10,2568.jpg,94,False
10,2569.jpg,95,False
10,2570.jpg,90,False
10,2571.jpg,100,False
10,2572.jpg,92,False
10,2573.jpg,100,False
10,2574.jpg,93,False
10,2575.jpg,100,False
10,2576.jpg,92,False
10,2577.jpg,100,False
10,2578.jpg,92,False
10,2579.jpg,98,False
10,2580.jpg,95,False
10,2581.jpg,100,False
10,2582.jpg,92,False
10,2583.jpg,98,False
10,2584.jpg,90,False
10,2585.jpg,98,False
10,2586.jpg,90,False
10,2587.jpg,96,False
10,2588.jpg,97,False
10,2589.jpg,98,False
10,2590.jpg,92,False
10,2591.jpg,98,False
10,2592.jpg,90,False
10,2593.jpg,95,False
10,2594.jpg,92,False
10,2595.jpg,98,False
10,2596.jpg,97,False
10,2597.jpg,102,False
10,2598.jpg,98,False
10,2599.jpg,102,False
10,2600.jpg,98,False
10,2601.jpg,102,False
10,2602.jpg,92,False
10,2603.jpg,98,False
10,2604.jpg,89,False
10,2605.jpg,98,False
10,2606.jpg,92,False
10,2607.jpg,98,False
10,2608.jpg,95,False
10,2609.jpg,96,False
10,2610.jpg,90,False
10,2611.jpg,98,False
10,2612.jpg,86,False
10,2613.jpg,95,False
10,2614.jpg,98,False
10,2615.jpg,98,False
10,2616.jpg,97,False
10,2617.jpg,102,False
10,2618.jpg,97,False
10,2619.jpg,102,False
10,2620.jpg,90,False
10,2621.jpg,100,False
10,2622.jpg,92,False
10,2623.jpg,94,False
10,2624.jpg,95,False
10,2625.jpg,98,False
10,2626.jpg,90,False
10,2627.jpg,98,False
10,2628.jpg,86,False
10,2629.jpg,97,False
10,2630.jpg,93,False
10,2631.jpg,98,False
10,2632.jpg,88,False
10,2633.jpg,98,False
10,2634.jpg,96,False
10,2635.jpg,98,False
10,2636.jpg,90,False
10,2637.jpg,95,False
10,2638.jpg,92,False
10,2639.jpg,98,False
10,2640.jpg,93,False
10,2641.jpg,102,False
10,2642.jpg,92,False
10,2643.jpg,96,False
10,2644.jpg,90,False
10,2645.jpg,98,False
10,2646.jpg,89,False
10,2647.jpg,96,False
10,2648.jpg,94,False
10,2649.jpg,95,False
10,2650.jpg,92,False
10,2651.jpg,97,False
10,2652.jpg,89,False
10,2653.jpg,100,False
10,2654.jpg,94,False
10,2655.jpg,102,False
10,2656.jpg,94,False
10,2657.jpg,98,False
10,2658.jpg,92,False
10,2659.jpg,94,False
10,2660.jpg,97,False
10,2661.jpg,102,False
10,2662.jpg,89,False
10,2663.jpg,98,False
10,2664.jpg,98,False
10,2665.jpg,102,False
10,2666.jpg,94,False
10,2667.jpg,98,False
10,2668.jpg,98,False
10,2669.jpg,102,False
10,2670.jpg,97,False
10,2671.jpg,100,False
10,2672.jpg,90,False
10,2673.jpg,98,False
10,2674.jpg,94,False
10,2675.jpg,102,False
10,2676.jpg,93,False
10,2677.jpg,95,False
10,2678.jpg,92,False
10,2679.jpg,98,False
10,2680.jpg,91,False
10,2681.jpg,100,False
10,2682.jpg,90,False
10,2683.jpg,98,False
10,2684.jpg,86,False
10,2685.jpg,95,False
10,2686.jpg,98,False
10,2687.jpg,100,False
10,2688.jpg,89,False
10,2689.jpg,98,False
10,2690.jpg,88,False
10,2691.jpg,98,False
10,2692.jpg,98,False
10,2693.jpg,102,False
10,2694.jpg,94,False
10,2695.jpg,100,False
10,2696.jpg,92,False
10,2697.jpg,92,False
10,2698.jpg,90,False
10,2699.jpg,95,False
10,2700.jpg,94,False
10,2701.jpg,98,False
10,2702.jpg,92,False
10,2703.jpg,100,False
10,2704.jpg,90,False
10,2705.jpg,100,False
10,2706.jpg,89,False
10,2707.jpg,95,False
10,2708.jpg,88,False
10,2709.jpg,100,False
10,2710.jpg,92,False
10,2711.jpg,100,False
10,2712.jpg,92,False
10,2713.jpg,98,False
10,2714.jpg,93,False
10,2715.jpg,100,False
10,2716.jpg,94,False
10,2717.jpg,98,False
10,2718.jpg,88,False
10,2719.jpg,98,False
10,2720.jpg,96,False
10,2721.jpg,98,False
10,2722.jpg,93,False
10,2723.jpg,100,False
10,2724.jpg,90,False
10,2725.jpg,98,False
10,2726.jpg,88,False
10,2727.jpg,97,False
10,2728.jpg,90,False
10,2729.jpg,94,False
10,2730.jpg,91,False
10,2731.jpg,98,False
10,2732.jpg,90,False
10,2733.jpg,98,False
10,2734.jpg,92,False
10,2735.jpg,97,False
10,2736.jpg,88,False
10,2737.jpg,98,False
10,2738.jpg,90,False
10,2739.jpg,100,False
10,2740.jpg,94,False
10,2741.jpg,94,False
10,2742.jpg,94,False
10,2743.jpg,100,False
10,2744.jpg,94,False
10,2745.jpg,102,False
10,2746.jpg,90,False
10,2747.jpg,95,False
10,2748.jpg,90,False
10,2749.jpg,100,False
10,2750.jpg,90,False
10,2751.jpg,95,False
10,2752.jpg,92,False
10,2753.jpg,98,False
10,2754.jpg,93,False
10,2755.jpg,100,False
10,2756.jpg,95,False
10,2757.jpg,102,False
10,2758.jpg,94,False
10,2759.jpg,98,False
10,2760.jpg,92,False
10,2761.jpg,95,False
10,2762.jpg,95,False
10,2763.jpg,98,False
10,2764.jpg,98,False
10,2765.jpg,98,False
10,2766.jpg,88,False
10,2767.jpg,98,False
10,2768.jpg,89,False
10,2769.jpg,98,False
10,2770.jpg,98,False
10,2771.jpg,98,False
10,2772.jpg,89,False
10,2773.jpg,95,False
10,2774.jpg,90,False
10,2775.jpg,100,False
10,2776.jpg,89,False
10,2777.jpg,98,False
10,2778.jpg,89,False
10,2779.jpg,98,False
10,2780.jpg,94,False
10,2781.jpg,95,False
10,2782.jpg,92,False
10,2783.jpg,98,False
10,2784.jpg,92,False
10,2785.jpg,98,False
10,2786.jpg,90,False
10,2787.jpg,98,False
10,2788.jpg,90,False
10,2789.jpg,95,False
10,2790.jpg,89,False
10,2791.jpg,99,False
10,2792.jpg,89,False
10,2793.jpg,94,False
10,2794.jpg,91,False
10,2795.jpg,100,False
10,2796.jpg,95,False
10,2797.jpg,97,False
10,2798.jpg,90,False
10,2799.jpg,96,False
10,2800.jpg,90,False
10,2801.jpg,95,False
10,2802.jpg,93,False
10,2803.jpg,98,False
10,2804.jpg,88,False
10,2805.jpg,98,False
10,2806.jpg,90,False
10,2807.jpg,95,False
10,2808.jpg,89,False
10,2809.jpg,100,False
10,2810.jpg,92,False
10,2811.jpg,98,False
10,2812.jpg,93,False
10,2813.jpg,102,False
10,2814.jpg,92,False
10,2815.jpg,98,False
10,2816.jpg,96,False
10,2817.jpg,102,False
10,2818.jpg,92,False
10,2819.jpg,98,False
10,2820.jpg,89,False
10,2821.jpg,98,False
10,2822.jpg,92,False
10,2823.jpg,96,False
10,2824.jpg,90,False
10,2825.jpg,95,False
10,2826.jpg,88,False
10,2827.jpg,94,False
10,2828.jpg,90,False
10,2829.jpg,97,False
10,2830.jpg,94,False
10,2831.jpg,103,False
10,2832.jpg,92,False
10,2833.jpg,100,False
10,2834.jpg,90,False
10,2835.jpg,98,False
10,2836.jpg,91,False
10,2837.jpg,97,False
10,2838.jpg,94,False
10,2839.jpg,100,False
10,2840.jpg,88,False
10,2841.jpg,96,False
10,2842.jpg,87,False
10,2843.jpg,95,False
10,2844.jpg,92,False
10,2845.jpg,98,False
10,2846.jpg,93,False
10,2847.jpg,98,False
10,2848.jpg,92,False
10,2849.jpg,100,False
10,2850.jpg,98,False
10,2851.jpg,98,False
10,2852.jpg,92,False
10,2853.jpg,98,False
10,2854.jpg,85,True
10,2855.jpg,100,False
10,2856.jpg,93,False
10,2857.jpg,102,False
10,2858.jpg,92,False
10,2859.jpg,98,False
10,2860.jpg,98,False
10,2861.jpg,102,False
10,2862.jpg,90,False
10,2863.jpg,94,False
10,2864.jpg,89,False
10,2865.jpg,97,False
10,2866.jpg,90,False
10,2867.jpg,97,False
10,2868.jpg,92,False
10,2869.jpg,102,False
10,2870.jpg,92,False
10,2871.jpg,98,False
10,2872.jpg,94,False
10,2873.jpg,102,False
10,2874.jpg,94,False
10,2875.jpg,100,False
10,2876.jpg,90,False
10,2877.jpg,98,False
10,2878.jpg,89,False
10,2879.jpg,98,False
10,2880.jpg,92,False
10,2881.jpg,100,False
10,2882.jpg,94,False
10,2883.jpg,98,False
10,2884.jpg,90,False
10,2885.jpg,98,False
10,2886.jpg,90,False
10,2887.jpg,97,False
10,2888.jpg,90,False
10,2889.jpg,98,False
10,2890.jpg,92,False
10,2891.jpg,98,False
10,2892.jpg,94,False
10,2893.jpg,100,False
10,2894.jpg,96,False
10,2895.jpg,98,False
10,2896.jpg,90,False
10,2897.jpg,98,False
10,2898.jpg,90,False
10,2899.jpg,100,False
10,2900.jpg,95,False
10,2901.jpg,102,False
10,2902.jpg,93,False
10,2903.jpg,103,False
10,2904.jpg,88,False
10,2905.jpg,98,False
10,2906.jpg,96,False
10,2907.jpg,98,False
10,2908.jpg,90,False
10,2909.jpg,98,False
10,2910.jpg,88,False
10,2911.jpg,98,False
10,2912.jpg,93,False
10,2913.jpg,95,False
10,2914.jpg,90,False
10,2915.jpg,95,False
10,2916.jpg,93,False
10,2917.jpg,100,False
10,2918.jpg,94,False
10,2919.jpg,102,False
10,2920.jpg,98,False
10,2921.jpg,102,False
10,2922.jpg,92,False
10,2923.jpg,100,False
10,2924.jpg,93,False
10,2925.jpg,102,False
10,2926.jpg,94,False
10,2927.jpg,100,False
10,2928.jpg,100,False
10,2929.jpg,100,False
10,2930.jpg,92,False
10,2931.jpg,98,False
10,2932.jpg,92,False
10,2933.jpg,95,False
10,2934.jpg,93,False
10,2935.jpg,100,False
10,2936.jpg,90,False
10,2937.jpg,98,False
10,2938.jpg,92,False
10,2939.jpg,102,False
10,2940.jpg,93,False
10,2941.jpg,98,False
10,2942.jpg,93,False
10,2943.jpg,103,False
10,2944.jpg,92,False
10,2945.jpg,98,False
10,2946.jpg,94,False
10,2947.jpg,98,False
10,2948.jpg,89,False
10,2949.jpg,95,False
10,2950.jpg,90,False
10,2951.jpg,95,False
10,2952.jpg,90,False
10,2953.jpg,98,False
10,2954.jpg,91,False
10,2955.jpg,99,False
10,2956.jpg,90,False
10,2957.jpg,98,False
10,2958.jpg,98,False
10,2959.jpg,99,False
10,2960.jpg,92,False
10,2961.jpg,100,False
10,2962.jpg,90,False
10,2963.jpg,95,False
10,2964.jpg,90,False
10,2965.jpg,98,False
10,2966.jpg,90,False
10,2967.jpg,94,False
10,2968.jpg,92,False
10,2969.jpg,98,False
10,2970.jpg,90,False
10,2971.jpg,96,False
10,2972.jpg,94,False
10,2973.jpg,98,False
10,2974.jpg,92,False
10,2975.jpg,95,False
10,2976.jpg,92,False
10,2977.jpg,98,False
10,2978.jpg,94,False
10,2979.jpg,100,False
10,2980.jpg,89,False
10,2981.jpg,98,False
10,2982.jpg,90,False
10,2983.jpg,98,False
10,2984.jpg,97,False
10,2985.jpg,102,False
10,2986.jpg,93,False
10,2987.jpg,98,False
10,2988.jpg,93,False
10,2989.jpg,102,False
10,2990.jpg,88,False
10,2991.jpg,98,False
10,2992.jpg,90,False
10,2993.jpg,97,False
10,2994.jpg,94,False
10,2995.jpg,98,False
10,2996.jpg,90,False
10,2997.jpg,100,False
10,2998.jpg,89,False
10,2999.jpg,98,False
10,3000.jpg,90,False
10,3001.jpg,98,False
10,3002.jpg,89,False
10,3003.jpg,98,False
10,3004.jpg,95,False
10,3005.jpg,98,False
10,3006.jpg,92,False
10,3007.jpg,100,False
10,3008.jpg,92,False
10,3009.jpg,98,False
10,3010.jpg,95,False
10,3011.jpg,102,False
10,3012.jpg,90,False
10,3013.jpg,94,False
10,3014.jpg,90,False
10,3015.jpg,98,False
10,3016.jpg,89,False
10,3017.jpg,100,False
10,3018.jpg,97,False
10,3019.jpg,102,False
10,3020.jpg,94,False
10,3021.jpg,98,False
10,3022.jpg,86,False
10,3023.jpg,100,False
10,3024.jpg,90,False
10,3025.jpg,92,False
10,3026.jpg,92,False
10,3027.jpg,97,False
10,3028.jpg,100,False
10,3029.jpg,100,False
10,3030.jpg,90,False
10,3031.jpg,96,False
10,3032.jpg,87,False
10,3033.jpg,97,False
10,3034.jpg,94,False
10,3035.jpg,100,False
10,3036.jpg,92,False
10,3037.jpg,100,False
10,3038.jpg,92,False
10,3039.jpg,100,False
10,3040.jpg,89,False
10,3041.jpg,100,False
10,3042.jpg,92,False
10,3043.jpg,100,False
10,3044.jpg,92,False
10,3045.jpg,100,False
10,3046.jpg,96,False
10,3047.jpg,98,False
10,3048.jpg,98,False
10,3049.jpg,102,False
10,3050.jpg,89,False
10,3051.jpg,98,False
10,3052.jpg,93,False
10,3053.jpg,102,False
10,3054.jpg,100,False
10,3055.jpg,102,False
10,3056.jpg,90,False
10,3057.jpg,98,False
10,3058.jpg,97,False
10,3059.jpg,98,False
10,3060.jpg,90,False
10,3061.jpg,98,False
10,3062.jpg,90,False
10,3063.jpg,100,False
10,3064.jpg,92,False
10,3065.jpg,100,False
10,3066.jpg,88,False
10,3067.jpg,98,False
10,3068.jpg,88,False
10,3069.jpg,98,False
10,3070.jpg,90,False
10,3071.jpg,98,False
10,3072.jpg,89,False
10,3073.jpg,100,False
10,3074.jpg,92,False
10,3075.jpg,100,False
10,3076.jpg,98,False
10,3077.jpg,100,False
10,3078.jpg,89,False
10,3079.jpg,96,False
10,3080.jpg,90,False
10,3081.jpg,98,False
10,3082.jpg,92,False
10,3083.jpg,100,False
10,3084.jpg,97,False
10,3085.jpg,102,False
10,3086.jpg,92,False
10,3087.jpg,102,False
10,3088.jpg,94,False
10,3089.jpg,98,False
10,3090.jpg,98,False
10,3091.jpg,100,False
10,3092.jpg,90,False
10,3093.jpg,98,False
10,3094.jpg,89,False
10,3095.jpg,100,False
10,3096.jpg,100,False
10,3097.jpg,102,False
10,3098.jpg,94,False
10,3099.jpg,103,False
10,3100.jpg,93,False
10,3101.jpg,102,False
10,3102.jpg,90,False
10,3103.jpg,98,False
10,3104.jpg,94,False
10,3105.jpg,100,False
10,3106.jpg,92,False
10,3107.jpg,94,False
10,3108.jpg,90,False
10,3109.jpg,95,False
10,3110.jpg,93,False
10,3111.jpg,100,False
10,3112.jpg,92,False
10,3113.jpg,98,False
10,3114.jpg,93,False
10,3115.jpg,102,False
10,3116.jpg,98,False
10,3117.jpg,98,False
10,3118.jpg,94,False
10,3119.jpg,100,False
10,3120.jpg,90,False
10,3121.jpg,100,False
10,3122.jpg,93,False
10,3123.jpg,97,False
10,3124.jpg,94,False
10,3125.jpg,95,False
10,3126.jpg,96,False
10,3127.jpg,98,False
10,3128.jpg,89,False
10,3129.jpg,100,False
10,3130.jpg,94,False
10,3131.jpg,102,False
10,3132.jpg,94,False
10,3133.jpg,100,False
10,3134.jpg,98,False
10,3135.jpg,98,False
10,3136.jpg,90,False
10,3137.jpg,98,False
10,3138.jpg,90,False
10,3139.jpg,98,False
10,3140.jpg,92,False
10,3141.jpg,100,False
10,3142.jpg,90,False
10,3143.jpg,100,False
10,3144.jpg,90,False
10,3145.jpg,92,False
10,3146.jpg,92,False
10,3147.jpg,102,False
10,3148.jpg,92,False
10,3149.jpg,98,False
10,3150.jpg,92,False
10,3151.jpg,102,False
10,3152.jpg,93,False
10,3153.jpg,98,False
10,3154.jpg,94,False
10,3155.jpg,100,False
10,3156.jpg,93,False
10,3157.jpg,98,False
10,3158.jpg,87,False
10,3159.jpg,98,False
10,3160.jpg,92,False
10,3161.jpg,98,False
10,3162.jpg,89,False
10,3163.jpg,95,False
10,3164.jpg,90,False
10,3165.jpg,95,False
10,3166.jpg,93,False
10,3167.jpg,98,False
10,3168.jpg,90,False
10,3169.jpg,98,False
10,3170.jpg,92,False
10,3171.jpg,98,False
10,3172.jpg,98,False
10,3173.jpg,102,False
10,3174.jpg,90,False
10,3175.jpg,97,False
10,3176.jpg,92,False
10,3177.jpg,102,False
10,3178.jpg,90,False
10,3179.jpg,96,False
10,3180.jpg,94,False
10,3181.jpg,103,False
10,3182.jpg,90,False
10,3183.jpg,100,False
10,3184.jpg,88,False
10,3185.jpg,96,False
10,3186.jpg,92,False
10,3187.jpg,98,False
10,3188.jpg,92,False
10,3189.jpg,98,False
10,3190.jpg,91,False
10,3191.jpg,98,False
10,3192.jpg,88,False
10,3193.jpg,94,False
10,3194.jpg,91,False
10,3195.jpg,94,False
10,3196.jpg,94,False
10,3197.jpg,98,False
10,3198.jpg,90,False
10,3199.jpg,98,False
10,3200.jpg,90,False
10,3201.jpg,95,False
10,3202.jpg,92,False
10,3203.jpg,100,False
10,3204.jpg,90,False
10,3205.jpg,95,False
10,3206.jpg,90,False
10,3207.jpg,96,False
10,3208.jpg,95,False
10,3209.jpg,98,False
10,3210.jpg,90,False
10,3211.jpg,98,False
10,3212.jpg,93,False
10,3213.jpg,98,False
10,3214.jpg,89,False
10,3215.jpg,97,False
10,3216.jpg,88,False
10,3217.jpg,98,False
10,3218.jpg,90,False
10,3219.jpg,97,False
10,3220.jpg,88,False
10,3221.jpg,94,False
10,3222.jpg,95,False
10,3223.jpg,102,False
10,3224.jpg,89,False
10,3225.jpg,98,False
10,3226.jpg,93,False
10,3227.jpg,94,False
10,3228.jpg,92,False
10,3229.jpg,98,False
10,3230.jpg,96,False
10,3231.jpg,100,False
10,3232.jpg,89,False
10,3233.jpg,98,False
10,3234.jpg,92,False
10,3235.jpg,98,False
10,3236.jpg,94,False
10,3237.jpg,99,False
10,3238.jpg,92,False
10,3239.jpg,97,False
10,3240.jpg,92,False
10,3241.jpg,96,False
10,3242.jpg,92,False
10,3243.jpg,102,False
10,3244.jpg,90,False
10,3245.jpg,92,False
10,3246.jpg,92,False
10,3247.jpg,98,False
10,3248.jpg,89,False
10,3249.jpg,96,False
10,3250.jpg,88,False
10,3251.jpg,97,False
10,3252.jpg,90,False
10,3253.jpg,94,False
10,3254.jpg,89,False
10,3255.jpg,98,False
10,3256.jpg,98,False
10,3257.jpg,103,False
10,3258.jpg,97,False
10,3259.jpg,102,False
10,3260.jpg,89,False
10,3261.jpg,98,False
10,3262.jpg,88,False
10,3263.jpg,95,False
10,3264.jpg,98,False
10,3265.jpg,100,False
10,3266.jpg,91,False
10,3267.jpg,100,False
10,3268.jpg,90,False
10,3269.jpg,95,False
10,3270.jpg,90,False
10,3271.jpg,98,False
10,3272.jpg,98,False
10,3273.jpg,100,False
10,3274.jpg,90,False
10,3275.jpg,95,False
10,3276.jpg,90,False
10,3277.jpg,98,False
10,3278.jpg,90,False
10,3279.jpg,97,False
10,3280.jpg,93,False
10,3281.jpg,98,False
10,3282.jpg,96,False
10,3283.jpg,100,False
10,3284.jpg,90,False
10,3285.jpg,98,False
10,3286.jpg,94,False
10,3287.jpg,95,False
10,3288.jpg,90,False
10,3289.jpg,97,False
10,3290.jpg,101,False
10,3291.jpg,102,False
10,3292.jpg,94,False
10,3293.jpg,102,False
10,3294.jpg,90,False
10,3295.jpg,92,False
10,3296.jpg,94,False
10,3297.jpg,98,False
10,3298.jpg,93,False
10,3299.jpg,94,False
10,3300.jpg,90,False
10,3301.jpg,98,False
10,3302.jpg,97,False
10,3303.jpg,98,False
10,3304.jpg,90,False
10,3305.jpg,98,False
10,3306.jpg,90,False
10,3307.jpg,96,False
10,3308.jpg,92,False
10,3309.jpg,98,False
10,3310.jpg,97,False
10,3311.jpg,100,False
10,3312.jpg,89,False
10,3313.jpg,94,False
10,3314.jpg,90,False
10,3315.jpg,95,False
10,3316.jpg,92,False
10,3317.jpg,96,False
10,3318.jpg,90,False
10,3319.jpg,98,False
10,3320.jpg,90,False
10,3321.jpg,95,False
10,3322.jpg,89,False
10,3323.jpg,95,False
10,3324.jpg,90,False
10,3325.jpg,95,False
10,3326.jpg,89,False
10,3327.jpg,98,False
10,3328.jpg,90,False
10,3329.jpg,94,False
10,3330.jpg,90,False
10,3331.jpg,94,False
10,3332.jpg,94,False
10,3333.jpg,103,False
10,3334.jpg,98,False
10,3335.jpg,100,False
10,3336.jpg,90,False
10,3337.jpg,92,False
10,3338.jpg,90,False
10,3339.jpg,97,False
10,3340.jpg,90,False
10,3341.jpg,98,False
10,3342.jpg,92,False
10,3343.jpg,102,False
10,3344.jpg,94,False
10,3345.jpg,100,False
10,3346.jpg,95,False
10,3347.jpg,100,False
10,3348.jpg,90,False
10,3349.jpg,95,False
10,3350.jpg,90,False
10,3351.jpg,100,False
10,3352.jpg,90,False
10,3353.jpg,94,False
10,3354.jpg,88,False
10,3355.jpg,98,False
10,3356.jpg,92,False
10,3357.jpg,97,False
10,3358.jpg,90,False
10,3359.jpg,98,False
10,3360.jpg,90,False
10,3361.jpg,94,False
10,3362.jpg,90,False
10,3363.jpg,98,False
10,3364.jpg,92,False
10,3365.jpg,98,False
10,3366.jpg,89,False
10,3367.jpg,97,False
10,3368.jpg,90,False
10,3369.jpg,98,False
10,3370.jpg,92,False
10,3371.jpg,98,False
10,3372.jpg,90,False
10,3373.jpg,98,False
10,3374.jpg,92,False
10,3375.jpg,94,False
10,3376.jpg,93,False
10,3377.jpg,98,False
10,3378.jpg,92,False
10,3379.jpg,97,False
10,3380.jpg,93,False
10,3381.jpg,98,False
10,3382.jpg,93,False
10,3383.jpg,99,False
10,3384.jpg,90,False
10,3385.jpg,98,False
10,3386.jpg,92,False
10,3387.jpg,100,False
10,3388.jpg,98,False
10,3389.jpg,100,False
10,3390.jpg,94,False
10,3391.jpg,100,False
10,3392.jpg,95,False
10,3393.jpg,102,False
10,3394.jpg,91,False
10,3395.jpg,98,False
10,3396.jpg,95,False
10,3397.jpg,102,False
10,3398.jpg,94,False
10,3399.jpg,100,False
10,3400.jpg,92,False
10,3401.jpg,100,False
10,3402.jpg,94,False
10,3403.jpg,103,False
10,3404.jpg,92,False
10,3405.jpg,98,False
10,3406.jpg,86,False
10,3407.jpg,97,False
10,3408.jpg,95,False
10,3409.jpg,102,False
10,3410.jpg,98,False
10,3411.jpg,98,False
10,3412.jpg,90,False
10,3413.jpg,93,False
10,3414.jpg,90,False
10,3415.jpg,98,False
10,3416.jpg,90,False
10,3417.jpg,100,False
10,3418.jpg,93,False
10,3419.jpg,98,False
10,3420.jpg,89,False
10,3421.jpg,94,False
10,3422.jpg,92,False
10,3423.jpg,100,False
10,3424.jpg,89,False
10,3425.jpg,98,False
10,3426.jpg,93,False
10,3427.jpg,98,False
10,3428.jpg,94,False
10,3429.jpg,98,False
10,3430.jpg,90,False
10,3431.jpg,95,False
10,3432.jpg,90,False
10,3433.jpg,97,False
10,3434.jpg,97,False
10,3435.jpg,100,False
10,3436.jpg,90,False
10,3437.jpg,97,False
10,3438.jpg,94,False
10,3439.jpg,98,False
10,3440.jpg,95,False
10,3441.jpg,94,False
10,3442.jpg,90,False
10,3443.jpg,98,False
10,3444.jpg,92,False
10,3445.jpg,98,False
10,3446.jpg,89,False
10,3447.jpg,94,False
10,3448.jpg,93,False
10,3449.jpg,98,False
10,3450.jpg,89,False
10,3451.jpg,102,False
10,3452.jpg,98,False
10,3453.jpg,100,False
10,3454.jpg,90,False
10,3455.jpg,98,False
10,3456.jpg,89,False
10,3457.jpg,98,False
10,3458.jpg,94,False
10,3459.jpg,104,False
10,3460.jpg,90,False
10,3461.jpg,99,False
10,3462.jpg,88,False
10,3463.jpg,97,False
10,3464.jpg,90,False
10,3465.jpg,98,False
10,3466.jpg,93,False
10,3467.jpg,103,False
10,3468.jpg,92,False
10,3469.jpg,98,False
10,3470.jpg,94,False
10,3471.jpg,102,False
10,3472.jpg,90,False
10,3473.jpg,98,False
10,3474.jpg,94,False
10,3475.jpg,100,False
10,3476.jpg,92,False
10,3477.jpg,98,False
10,3478.jpg,89,False
10,3479.jpg,100,False
10,3480.jpg,85,True
10,3481.jpg,97,False
10,3482.jpg,96,False
10,3483.jpg,98,False
10,3484.jpg,92,False
10,3485.jpg,98,False
10,3486.jpg,96,False
10,3487.jpg,98,False
10,3488.jpg,96,False
10,3489.jpg,98,False
10,3490.jpg,90,False
10,3491.jpg,98,False
10,3492.jpg,95,False
10,3493.jpg,100,False
10,3494.jpg,95,False
10,3495.jpg,98,False
10,3496.jpg,93,False
10,3497.jpg,95,False
10,3498.jpg,91,False
10,3499.jpg,97,False
10,3500.jpg,92,False
10,3501.jpg,103,False
10,3502.jpg,98,False
10,3503.jpg,102,False
10,3504.jpg,92,False
10,3505.jpg,96,False
10,3506.jpg,90,False
10,3507.jpg,98,False
10,3508.jpg,90,False
10,3509.jpg,98,False
10,3510.jpg,92,False
10,3511.jpg,102,False
10,3512.jpg,90,False
10,3513.jpg,98,False
10,3514.jpg,90,False
10,3515.jpg,94,False
10,3516.jpg,96,False
10,3517.jpg,102,False
10,3518.jpg,89,False
10,3519.jpg,98,False
10,3520.jpg,86,False
10,3521.jpg,98,False
10,3522.jpg,88,False
10,3523.jpg,97,False
10,3524.jpg,90,False
10,3525.jpg,96,False
10,3526.jpg,90,False
10,3527.jpg,99,False
10,3528.jpg,92,False
10,3529.jpg,98,False
10,3530.jpg,90,False
10,3531.jpg,97,False
10,3532.jpg,93,False
10,3533.jpg,102,False
10,3534.jpg,95,False
10,3535.jpg,97,False
10,3536.jpg,90,False
10,3537.jpg,94,False
10,3538.jpg,88,False
10,3539.jpg,98,False
10,3540.jpg,98,False
10,3541.jpg,102,False
10,3542.jpg,94,False
10,3543.jpg,100,False
10,3544.jpg,93,False
10,3545.jpg,102,False
10,3546.jpg,92,False
10,3547.jpg,98,False
10,3548.jpg,98,False
10,3549.jpg,98,False
10,3550.jpg,90,False
10,3551.jpg,98,False
10,3552.jpg,94,False
10,3553.jpg,98,False
10,3554.jpg,89,False
10,3555.jpg,95,False
10,3556.jpg,96,False
10,3557.jpg,102,False
10,3558.jpg,94,False
10,3559.jpg,102,False
10,3560.jpg,92,False
10,3561.jpg,96,False
10,3562.jpg,92,False
10,3563.jpg,100,False
10,3564.jpg,90,False
10,3565.jpg,95,False
10,3566.jpg,90,False
10,3567.jpg,98,False
10,3568.jpg,93,False
10,3569.jpg,98,False
10,3570.jpg,90,False
10,3571.jpg,95,False
10,3572.jpg,89,False
10,3573.jpg,98,False
10,3574.jpg,94,False
10,3575.jpg,102,False
10,3576.jpg,94,False
10,3577.jpg,102,False
10,3578.jpg,95,False
10,3579.jpg,102,False
10,3580.jpg,89,False
10,3581.jpg,96,False
10,3582.jpg,96,False
10,3583.jpg,102,False
10,3584.jpg,94,False
10,3585.jpg,102,False
10,3586.jpg,88,False
10,3587.jpg,98,False
10,3588.jpg,90,False
10,3589.jpg,98,False
10,3590.jpg,92,False
10,3591.jpg,102,False
10,3592.jpg,92,False
10,3593.jpg,95,False
10,3594.jpg,94,False
10,3595.jpg,102,False
10,3596.jpg,94,False
10,3597.jpg,98,False
10,3598.jpg,96,False
10,3599.jpg,102,False
10,3600.jpg,97,False
10,3601.jpg,102,False
10,3602.jpg,98,False
10,3603.jpg,102,False
10,3604.jpg,90,False
10,3605.jpg,92,False
10,3606.jpg,92,False
10,3607.jpg,97,False
10,3608.jpg,90,False
10,3609.jpg,98,False
10,3610.jpg,90,False
10,3611.jpg,100,False
10,3612.jpg,93,False
10,3613.jpg,100,False
10,3614.jpg,90,False
10,3615.jpg,100,False
10,3616.jpg,92,False
10,3617.jpg,94,False
10,3618.jpg,90,False
10,3619.jpg,98,False
10,3620.jpg,95,False
10,3621.jpg,102,False
10,3622.jpg,92,False
10,3623.jpg,100,False
10,3624.jpg,92,False
10,3625.jpg,95,False
10,3626.jpg,90,False
10,3627.jpg,98,False
10,3628.jpg,92,False
10,3629.jpg,98,False
10,3630.jpg,94,False
10,3631.jpg,100,False
10,3632.jpg,96,False
10,3633.jpg,98,False
10,3634.jpg,97,False
10,3635.jpg,102,False
10,3636.jpg,96,False
10,3637.jpg,100,False
10,3638.jpg,89,False
10,3639.jpg,98,False
10,3640.jpg,95,False
10,3641.jpg,100,False
10,3642.jpg,91,False
10,3643.jpg,102,False
2.5,0.jpg,89,False
2.5,1.jpg,100,False
2.5,2.jpg,89,False
2.5,3.jpg,98,False
2.5,4.jpg,89,False
2.5,5.jpg,100,False
2.5,6.jpg,89,False
2.5,7.jpg,98,False
2.5,8.jpg,95,False
2.5,9.jpg,98,False
2.5,10.jpg,92,False
2.5,11.jpg,99,False
2.5,12.jpg,90,False
2.5,13.jpg,95,False
2.5,14.jpg,93,False
2.5,15.jpg,98,False
2.5,16.jpg,91,False
2.5,17.jpg,102,False
2.5,18.jpg,93,False
2.5,19.jpg,98,False
2.5,20.jpg,89,False
2.5,21.jpg,100,False
2.5,22.jpg,90,False
2.5,23.jpg,98,False
2.5,24.jpg,89,False
2.5,25.jpg,100,False
2.5,26.jpg,89,False
2.5,27.jpg,98,False
2.5,28.jpg,89,False
2.5,29.jpg,98,False
2.5,30.jpg,92,False
2.5,31.jpg,98,False
2.5,32.jpg,94,False
2.5,33.jpg,95,False
2.5,34.jpg,92,False
2.5,35.jpg,98,False
2.5,36.jpg,90,False
2.5,37.jpg,98,False
2.5,38.jpg,94,False
2.5,39.jpg,98,False
2.5,40.jpg,90,False
2.5,41.jpg,98,False
2.5,42.jpg,92,False
2.5,43.jpg,98,False
2.5,44.jpg,89,False
2.5,45.jpg,98,False
2.5,46.jpg,94,False
2.5,47.jpg,99,False
2.5,48.jpg,90,False
2.5,49.jpg,98,False
2.5,50.jpg,89,False
2.5,51.jpg,98,False
2.5,52.jpg,93,False
2.5,53.jpg,98,False
2.5,54.jpg,90,False
2.5,55.jpg,98,False
2.5,56.jpg,94,False
2.5,57.jpg,98,False
2.5,58.jpg,92,False
2.5,59.jpg,95,False
2.5,60.jpg,89,False
2.5,61.jpg,98,False
2.5,62.jpg,94,False
2.5,63.jpg,98,False
2.5,64.jpg,92,False
2.5,65.jpg,98,False
2.5,66.jpg,93,False
2.5,67.jpg,98,False
2.5,68.jpg,89,False
2.5,69.jpg,100,False
2.5,70.jpg,94,False
2.5,71.jpg,98,False
2.5,72.jpg,90,False
2.5,73.jpg,95,False
2.5,74.jpg,92,False
2.5,75.jpg,98,False
2.5,76.jpg,90,False
2.5,77.jpg,100,False
2.5,78.jpg,94,False
2.5,79.jpg,98,False
2.5,80.jpg,92,False
2.5,81.jpg,97,False
2.5,82.jpg,89,False
2.5,83.jpg,98,False
2.5,84.jpg,94,False
2.5,85.jpg,100,False
2.5,86.jpg,92,False
2.5,87.jpg,98,False
2.5,88.jpg,92,False
2.5,89.jpg,96,False
2.5,90.jpg,94,False
2.5,91.jpg,98,False
2.5,92.jpg,89,False
2.5,93.jpg,95,False
2.5,94.jpg,90,False
2.5,95.jpg,98,False
2.5,96.jpg,89,False
2.5,97.jpg,98,False
2.5,98.jpg,160,False
2.5,99.jpg,65,True
2.5,100.jpg,92,False
2.5,101.jpg,98,False
2.5,102.jpg,90,False
2.5,103.jpg,95,False
2.5,104.jpg,93,False
2.5,105.jpg,98,False
2.5,106.jpg,94,False
2.5,107.jpg,98,False
2.5,108.jpg,92,False
2.5,109.jpg,98,False
2.5,110.jpg,89,False
2.5,111.jpg,96,False
2.5,112.jpg,94,False
2.5,113.jpg,98,False
2.5,114.jpg,92,False
2.5,115.jpg,98,False
2.5,116.jpg,88,False
2.5,117.jpg,98,False
2.5,118.jpg,92,False
2.5,119.jpg,98,False
2.5,120.jpg,89,False
2.5,121.jpg,96,False
2.5,122.jpg,89,False
2.5,123.jpg,98,False
2.5,124.jpg,90,False
2.5,125.jpg,98,False
2.5,126.jpg,88,False
2.5,127.jpg,98,False
2.5,128.jpg,89,False
2.5,129.jpg,98,False
2.5,130.jpg,89,False
2.5,131.jpg,98,False
2.5,132.jpg,94,False
2.5,133.jpg,100,False
2.5,134.jpg,90,False
2.5,135.jpg,98,False
2.5,136.jpg,92,False
2.5,137.jpg,98,False
2.5,138.jpg,88,False
2.5,139.jpg,100,False
2.5,140.jpg,89,False
2.5,141.jpg,98,False
2.5,142.jpg,89,False
2.5,143.jpg,98,False
2.5,144.jpg,89,False
2.5,145.jpg,98,False
2.5,146.jpg,90,False
2.5,147.jpg,98,False
2.5,148.jpg,92,False
2.5,149.jpg,98,False
2.5,150.jpg,88,False
2.5,151.jpg,100,False
2.5,152.jpg,89,False
2.5,153.jpg,95,False
2.5,154.jpg,89,False
2.5,155.jpg,95,False
2.5,156.jpg,92,False
2.5,157.jpg,98,False
2.5,158.jpg,90,False
2.5,159.jpg,98,False
2.5,160.jpg,89,False
2.5,161.jpg,100,False
2.5,162.jpg,93,False
2.5,163.jpg,95,False
2.5,164.jpg,90,False
2.5,165.jpg,98,False
2.5,166.jpg,89,False
2.5,167.jpg,100,False
2.5,168.jpg,86,False
2.5,169.jpg,98,False
2.5,170.jpg,90,False
2.5,171.jpg,100,False
2.5,172.jpg,92,False
2.5,173.jpg,98,False
2.5,174.jpg,94,False
2.5,175.jpg,98,False
2.5,176.jpg,90,False
2.5,177.jpg,98,False
2.5,178.jpg,88,False
2.5,179.jpg,98,False
2.5,180.jpg,92,False
2.5,181.jpg,98,False
2.5,182.jpg,90,False
2.5,183.jpg,100,False
2.5,184.jpg,90,False
2.5,185.jpg,98,False
2.5,186.jpg,92,False
2.5,187.jpg,100,False
2.5,188.jpg,88,False
2.5,189.jpg,98,False
2.5,190.jpg,87,False
2.5,191.jpg,98,False
2.5,192.jpg,90,False
2.5,193.jpg,100,False
2.5,194.jpg,89,False
2.5,195.jpg,95,False
2.5,196.jpg,89,False
2.5,197.jpg,98,False
2.5,198.jpg,94,False
2.5,199.jpg,98,False
2.5,200.jpg,92,False
2.5,201.jpg,98,False
2.5,202.jpg,90,False
2.5,203.jpg,100,False
2.5,204.jpg,90,False
2.5,205.jpg,98,False
2.5,206.jpg,93,False
2.5,207.jpg,97,False
2.5,208.jpg,88,False
2.5,209.jpg,98,False
2.5,210.jpg,92,False
2.5,211.jpg,98,False
2.5,212.jpg,91,False
2.5,213.jpg,98,False
2.5,214.jpg,94,False
2.5,215.jpg,100,False
2.5,216.jpg,90,False
2.5,217.jpg,98,False
2.5,218.jpg,90,False
2.5,219.jpg,98,False
2.5,220.jpg,89,False
2.5,221.jpg,97,False
2.5,222.jpg,90,False
2.5,223.jpg,100,False
2.5,224.jpg,87,False
2.5,225.jpg,100,False
2.5,226.jpg,90,False
2.5,227.jpg,99,False
2.5,228.jpg,92,False
2.5,229.jpg,99,False
2.5,230.jpg,90,False
2.5,231.jpg,98,False
2.5,232.jpg,90,False
2.5,233.jpg,98,False
2.5,234.jpg,95,False
2.5,235.jpg,98,False
2.5,236.jpg,90,False
2.5,237.jpg,98,False
2.5,238.jpg,89,False
2.5,239.jpg,98,False
2.5,240.jpg,92,False
2.5,241.jpg,98,False
2.5,242.jpg,90,False
2.5,243.jpg,98,False
2.5,244.jpg,90,False
2.5,245.jpg,100,False
2.5,246.jpg,92,False
2.5,247.jpg,98,False
2.5,248.jpg,90,False
2.5,249.jpg,97,False
2.5,250.jpg,88,False
2.5,251.jpg,96,False
2.5,252.jpg,94,False
2.5,253.jpg,98,False
2.5,254.jpg,94,False
2.5,255.jpg,98,False
2.5,256.jpg,90,False
2.5,257.jpg,97,False
2.5,258.jpg,92,False
2.5,259.jpg,100,False
2.5,260.jpg,90,False
2.5,261.jpg,95,False
2.5,262.jpg,90,False
2.5,263.jpg,98,False
2.5,264.jpg,88,False
2.5,265.jpg,98,False
2.5,266.jpg,89,False
2.5,267.jpg,98,False
2.5,268.jpg,90,False
2.5,269.jpg,98,False
2.5,270.jpg,94,False
2.5,271.jpg,95,False
2.5,272.jpg,93,False
2.5,273.jpg,97,False
2.5,274.jpg,92,False
2.5,275.jpg,100,False
2.5,276.jpg,89,False
2.5,277.jpg,98,False
2.5,278.jpg,89,False
2.5,279.jpg,99,False
2.5,280.jpg,90,False
2.5,281.jpg,98,False
2.5,282.jpg,92,False
2.5,283.jpg,98,False
2.5,284.jpg,90,False
2.5,285.jpg,99,False
2.5,286.jpg,89,False
2.5,287.jpg,98,False
2.5,288.jpg,92,False
2.5,289.jpg,95,False
2.5,290.jpg,93,False
2.5,291.jpg,100,False
2.5,292.jpg,89,False
2.5,293.jpg,96,False
2.5,294.jpg,90,False
2.5,295.jpg,98,False
2.5,296.jpg,89,False
2.5,297.jpg,98,False
2.5,298.jpg,89,False
2.5,299.jpg,98,False
2.5,300.jpg,86,False
2.5,301.jpg,98,False
2.5,302.jpg,89,False
2.5,303.jpg,100,False
2.5,304.jpg,92,False
2.5,305.jpg,95,False
2.5,306.jpg,86,False
2.5,307.jpg,97,False
2.5,308.jpg,90,False
2.5,309.jpg,100,False
2.5,310.jpg,89,False
2.5,311.jpg,98,False
2.5,312.jpg,90,False
2.5,313.jpg,100,False
2.5,314.jpg,89,False
2.5,315.jpg,98,False
2.5,316.jpg,90,False
2.5,317.jpg,98,False
2.5,318.jpg,92,False
2.5,319.jpg,100,False
2.5,320.jpg,92,False
2.5,321.jpg,98,False
2.5,322.jpg,89,False
2.5,323.jpg,98,False
2.5,324.jpg,89,False
2.5,325.jpg,100,False
2.5,326.jpg,92,False
2.5,327.jpg,98,False
2.5,328.jpg,86,False
2.5,329.jpg,98,False
2.5,330.jpg,90,False
2.5,331.jpg,98,False
2.5,332.jpg,90,False
2.5,333.jpg,98,False
2.5,334.jpg,88,False
2.5,335.jpg,98,False
2.5,336.jpg,91,False
2.5,337.jpg,98,False
2.5,338.jpg,86,False
2.5,339.jpg,98,False
2.5,340.jpg,90,False
2.5,341.jpg,98,False
2.5,342.jpg,92,False
2.5,343.jpg,98,False
2.5,344.jpg,95,False
2.5,345.jpg,95,False
2.5,346.jpg,89,False
2.5,347.jpg,98,False
2.5,348.jpg,90,False
2.5,349.jpg,98,False
2.5,350.jpg,94,False
2.5,351.jpg,98,False
2.5,352.jpg,90,False
2.5,353.jpg,98,False
2.5,354.jpg,86,False
2.5,355.jpg,98,False
2.5,356.jpg,94,False
2.5,357.jpg,98,False
2.5,358.jpg,95,False
2.5,359.jpg,98,False
2.5,360.jpg,92,False
2.5,361.jpg,98,False
2.5,362.jpg,90,False
2.5,363.jpg,98,False
2.5,364.jpg,90,False
2.5,365.jpg,98,False
2.5,366.jpg,89,False
2.5,367.jpg,100,False
2.5,368.jpg,89,False
2.5,369.jpg,98,False
2.5,370.jpg,91,False
2.5,371.jpg,100,False
2.5,372.jpg,90,False
2.5,373.jpg,95,False
2.5,374.jpg,94,False
2.5,375.jpg,98,False
2.5,376.jpg,89,False
2.5,377.jpg,95,False
2.5,378.jpg,94,False
2.5,379.jpg,98,False
2.5,380.jpg,90,False
2.5,381.jpg,98,False
2.5,382.jpg,92,False
2.5,383.jpg,98,False
2.5,384.jpg,92,False
2.5,385.jpg,99,False
2.5,386.jpg,90,False
2.5,387.jpg,100,False
2.5,388.jpg,90,False
2.5,389.jpg,98,False
2.5,390.jpg,89,False
2.5,391.jpg,98,False
2.5,392.jpg,92,False
2.5,393.jpg,100,False
2.5,394.jpg,90,False
2.5,395.jpg,98,False
2.5,396.jpg,93,False
2.5,397.jpg,98,False
2.5,398.jpg,89,False
2.5,399.jpg,100,False
2.5,400.jpg,92,False
2.5,401.jpg,98,False
2.5,402.jpg,90,False
2.5,403.jpg,94,False
2.5,404.jpg,89,False
2.5,405.jpg,97,False
2.5,406.jpg,93,False
2.5,407.jpg,98,False
2.5,408.jpg,89,False
2.5,409.jpg,98,False
2.5,410.jpg,94,False
2.5,411.jpg,100,False
2.5,412.jpg,92,False
2.5,413.jpg,94,False
2.5,414.jpg,92,False
2.5,415.jpg,98,False
2.5,416.jpg,92,False
2.5,417.jpg,95,False
2.5,418.jpg,88,False
2.5,419.jpg,98,False
2.5,420.jpg,92,False
2.5,421.jpg,98,False
2.5,422.jpg,94,False
2.5,423.jpg,98,False
2.5,424.jpg,87,False
2.5,425.jpg,98,False
2.5,426.jpg,88,False
2.5,427.jpg,94,False
2.5,428.jpg,89,False
2.5,429.jpg,98,False
2.5,430.jpg,89,False
2.5,431.jpg,98,False
2.5,432.jpg,88,False
2.5,433.jpg,98,False
2.5,434.jpg,90,False
2.5,435.jpg,98,False
2.5,436.jpg,90,False
2.5,437.jpg,98,False
2.5,438.jpg,90,False
2.5,439.jpg,100,False
2.5,440.jpg,92,False
2.5,441.jpg,99,False
2.5,442.jpg,90,False
2.5,443.jpg,95,False
2.5,444.jpg,89,False
2.5,445.jpg,98,False
2.5,446.jpg,89,False
2.5,447.jpg,98,False
2.5,448.jpg,90,False
2.5,449.jpg,98,False
2.5,450.jpg,90,False
2.5,451.jpg,98,False
2.5,452.jpg,90,False
2.5,453.jpg,98,False
2.5,454.jpg,92,False
2.5,455.jpg,98,False
2.5,456.jpg,92,False
2.5,457.jpg,98,False
2.5,458.jpg,88,False
2.5,459.jpg,98,False
2.5,460.jpg,90,False
2.5,461.jpg,98,False
2.5,462.jpg,90,False
2.5,463.jpg,98,False
2.5,464.jpg,94,False
2.5,465.jpg,98,False
2.5,466.jpg,90,False
2.5,467.jpg,98,False
2.5,468.jpg,89,False
2.5,469.jpg,98,False
2.5,470.jpg,95,False
2.5,471.jpg,98,False
2.5,472.jpg,90,False
2.5,473.jpg,100,False
2.5,474.jpg,95,False
2.5,475.jpg,100,False
2.5,476.jpg,88,False
2.5,477.jpg,98,False
2.5,478.jpg,90,False
2.5,479.jpg,98,False
2.5,480.jpg,93,False
2.5,481.jpg,100,False
2.5,482.jpg,89,False
2.5,483.jpg,95,False
2.5,484.jpg,93,False
2.5,485.jpg,100,False
2.5,486.jpg,92,False
2.5,487.jpg,100,False
2.5,488.jpg,89,False
2.5,489.jpg,100,False
2.5,490.jpg,89,False
2.5,491.jpg,100,False
2.5,492.jpg,92,False
2.5,493.jpg,97,False
2.5,494.jpg,89,False
2.5,495.jpg,100,False
2.5,496.jpg,90,False
2.5,497.jpg,98,False
2.5,498.jpg,90,False
2.5,499.jpg,99,False
2.5,500.jpg,90,False
2.5,501.jpg,98,False
2.5,502.jpg,92,False
2.5,503.jpg,98,False
2.5,504.jpg,90,False
2.5,505.jpg,98,False
2.5,506.jpg,90,False
2.5,507.jpg,98,False
2.5,508.jpg,90,False
2.5,509.jpg,98,False
2.5,510.jpg,89,False
2.5,511.jpg,98,False
2.5,512.jpg,90,False
2.5,513.jpg,98,False
2.5,514.jpg,92,False
2.5,515.jpg,98,False
2.5,516.jpg,94,False
2.5,517.jpg,100,False
2.5,518.jpg,90,False
2.5,519.jpg,100,False
2.5,520.jpg,92,False
2.5,521.jpg,98,False
2.5,522.jpg,90,False
2.5,523.jpg,98,False
2.5,524.jpg,90,False
2.5,525.jpg,95,False
2.5,526.jpg,90,False
2.5,527.jpg,98,False
2.5,528.jpg,93,False
2.5,529.jpg,98,False
2.5,530.jpg,88,False
2.5,531.jpg,96,False
2.5,532.jpg,88,False
2.5,533.jpg,99,False
2.5,534.jpg,90,False
2.5,535.jpg,100,False
2.5,536.jpg,93,False
2.5,537.jpg,100,False
2.5,538.jpg,88,False
2.5,539.jpg,100,False
2.5,540.jpg,90,False
2.5,541.jpg,100,False
2.5,542.jpg,92,False
2.5,543.jpg,95,False
2.5,544.jpg,86,False
2.5,545.jpg,98,False
2.5,546.jpg,90,False
2.5,547.jpg,102,False
2.5,548.jpg,94,False
2.5,549.jpg,98,False
2.5,550.jpg,90,False
2.5,551.jpg,96,False
2.5,552.jpg,89,False
2.5,553.jpg,102,False
2.5,554.jpg,89,False
2.5,555.jpg,98,False
2.5,556.jpg,89,False
2.5,557.jpg,97,False
2.5,558.jpg,88,False
2.5,559.jpg,94,False
2.5,560.jpg,95,False
2.5,561.jpg,100,False
2.5,562.jpg,90,False
2.5,563.jpg,98,False
2.5,564.jpg,89,False
2.5,565.jpg,100,False
2.5,566.jpg,90,False
2.5,567.jpg,98,False
2.5,568.jpg,94,False
2.5,569.jpg,98,False
2.5,570.jpg,90,False
2.5,571.jpg,95,False
2.5,572.jpg,92,False
2.5,573.jpg,100,False
2.5,574.jpg,90,False
2.5,575.jpg,100,False
2.5,576.jpg,93,False
2.5,577.jpg,98,False
2.5,578.jpg,90,False
2.5,579.jpg,100,False
2.5,580.jpg,93,False
2.5,581.jpg,100,False
2.5,582.jpg,94,False
2.5,583.jpg,98,False
2.5,584.jpg,87,False
2.5,585.jpg,98,False
2.5,586.jpg,90,False
2.5,587.jpg,98,False
2.5,588.jpg,91,False
2.5,589.jpg,96,False
2.5,590.jpg,92,False
2.5,591.jpg,98,False
2.5,592.jpg,92,False
2.5,593.jpg,95,False
2.5,594.jpg,90,False
2.5,595.jpg,100,False
2.5,596.jpg,90,False
2.5,597.jpg,98,False
2.5,598.jpg,91,False
2.5,599.jpg,98,False
2.5,600.jpg,89,False
2.5,601.jpg,98,False
2.5,602.jpg,90,False
2.5,603.jpg,95,False
2.5,604.jpg,89,False
2.5,605.jpg,95,False
2.5,606.jpg,90,False
2.5,607.jpg,98,False
2.5,608.jpg,89,False
2.5,609.jpg,100,False
2.5,610.jpg,92,False
2.5,611.jpg,96,False
2.5,612.jpg,95,False
2.5,613.jpg,98,False
2.5,614.jpg,90,False
2.5,615.jpg,95,False
2.5,616.jpg,89,False
2.5,617.jpg,98,False
2.5,618.jpg,92,False
2.5,619.jpg,98,False
2.5,620.jpg,92,False
2.5,621.jpg,98,False
2.5,622.jpg,94,False
2.5,623.jpg,98,False
2.5,624.jpg,90,False
2.5,625.jpg,97,False
2.5,626.jpg,96,False
2.5,627.jpg,98,False
2.5,628.jpg,94,False
2.5,629.jpg,98,False
2.5,630.jpg,90,False
2.5,631.jpg,98,False
2.5,632.jpg,92,False
2.5,633.jpg,100,False
2.5,634.jpg,90,False
2.5,635.jpg,98,False
2.5,636.jpg,90,False
2.5,637.jpg,100,False
2.5,638.jpg,94,False
2.5,639.jpg,100,False
2.5,640.jpg,91,False
2.5,641.jpg,98,False
2.5,642.jpg,86,False
2.5,643.jpg,95,False
2.5,644.jpg,90,False
2.5,645.jpg,98,False
2.5,646.jpg,89,False
2.5,647.jpg,98,False
2.5,648.jpg,90,False
2.5,649.jpg,98,False
2.5,650.jpg,92,False
2.5,651.jpg,98,False
2.5,652.jpg,90,False
2.5,653.jpg,98,False
2.5,654.jpg,90,False
2.5,655.jpg,98,False
2.5,656.jpg,90,False
2.5,657.jpg,99,False
2.5,658.jpg,91,False
2.5,659.jpg,100,False
2.5,660.jpg,90,False
2.5,661.jpg,95,False
2.5,662.jpg,90,False
2.5,663.jpg,100,False
2.5,664.jpg,90,False
2.5,665.jpg,98,False
2.5,666.jpg,93,False
2.5,667.jpg,95,False
2.5,668.jpg,92,False
2.5,669.jpg,98,False
2.5,670.jpg,92,False
2.5,671.jpg,98,False
2.5,672.jpg,89,False
2.5,673.jpg,98,False
2.5,674.jpg,90,False
2.5,675.jpg,98,False
2.5,676.jpg,93,False
2.5,677.jpg,98,False
2.5,678.jpg,93,False
2.5,679.jpg,98,False
2.5,680.jpg,92,False
2.5,681.jpg,98,False
2.5,682.jpg,90,False
2.5,683.jpg,98,False
2.5,684.jpg,89,False
2.5,685.jpg,100,False
2.5,686.jpg,91,False
2.5,687.jpg,99,False
2.5,688.jpg,90,False
2.5,689.jpg,98,False
2.5,690.jpg,90,False
2.5,691.jpg,100,False
2.5,692.jpg,94,False
2.5,693.jpg,98,False
2.5,694.jpg,94,False
2.5,695.jpg,95,False
2.5,696.jpg,89,False
2.5,697.jpg,100,False
2.5,698.jpg,89,False
2.5,699.jpg,98,False
2.5,700.jpg,90,False
2.5,701.jpg,98,False
2.5,702.jpg,94,False
2.5,703.jpg,98,False
2.5,704.jpg,89,False
2.5,705.jpg,95,False
2.5,706.jpg,91,False
2.5,707.jpg,98,False
2.5,708.jpg,90,False
2.5,709.jpg,97,False
2.5,710.jpg,92,False
2.5,711.jpg,100,False
2.5,712.jpg,94,False
2.5,713.jpg,98,False
2.5,714.jpg,90,False
2.5,715.jpg,98,False
2.5,716.jpg,94,False
2.5,717.jpg,98,False
2.5,718.jpg,92,False
2.5,719.jpg,98,False
2.5,720.jpg,90,False
2.5,721.jpg,98,False
2.5,722.jpg,94,False
2.5,723.jpg,98,False
2.5,724.jpg,92,False
2.5,725.jpg,98,False
2.5,726.jpg,94,False
2.5,727.jpg,98,False
2.5,728.jpg,95,False
2.5,729.jpg,98,False
2.5,730.jpg,89,False
2.5,731.jpg,98,False
2.5,732.jpg,86,False
2.5,733.jpg,97,False
2.5,734.jpg,90,False
2.5,735.jpg,98,False
2.5,736.jpg,89,False
2.5,737.jpg,98,False
2.5,738.jpg,89,False
2.5,739.jpg,98,False
2.5,740.jpg,92,False
2.5,741.jpg,98,False
2.5,742.jpg,90,False
2.5,743.jpg,98,False
2.5,744.jpg,90,False
2.5,745.jpg,98,False
2.5,746.jpg,93,False
2.5,747.jpg,98,False
2.5,748.jpg,90,False
2.5,749.jpg,98,False
2.5,750.jpg,91,False
2.5,751.jpg,98,False
2.5,752.jpg,90,False
2.5,753.jpg,95,False
2.5,754.jpg,92,False
2.5,755.jpg,100,False
2.5,756.jpg,92,False
2.5,757.jpg,98,False
2.5,758.jpg,93,False
2.5,759.jpg,98,False
2.5,760.jpg,89,False
2.5,761.jpg,98,False
2.5,762.jpg,89,False
2.5,763.jpg,98,False
2.5,764.jpg,90,False
2.5,765.jpg,95,False
2.5,766.jpg,88,False
2.5,767.jpg,98,False
2.5,768.jpg,92,False
2.5,769.jpg,98,False
2.5,770.jpg,92,False
2.5,771.jpg,98,False
2.5,772.jpg,93,False
2.5,773.jpg,98,False
2.5,774.jpg,89,False
2.5,775.jpg,100,False
2.5,776.jpg,94,False
2.5,777.jpg,98,False
2.5,778.jpg,89,False
2.5,779.jpg,98,False
2.5,780.jpg,89,False
2.5,781.jpg,96,False
2.5,782.jpg,92,False
2.5,783.jpg,98,False
2.5,784.jpg,94,False
2.5,785.jpg,98,False
2.5,786.jpg,90,False
2.5,787.jpg,98,False
2.5,788.jpg,90,False
2.5,789.jpg,98,False
2.5,790.jpg,92,False
2.5,791.jpg,100,False
2.5,792.jpg,90,False
2.5,793.jpg,98,False
2.5,794.jpg,92,False
2.5,795.jpg,98,False
2.5,796.jpg,89,False
2.5,797.jpg,95,False
2.5,798.jpg,93,False
2.5,799.jpg,94,False
2.5,800.jpg,94,False
2.5,801.jpg,100,False
2.5,802.jpg,93,False
2.5,803.jpg,100,False
2.5,804.jpg,86,False
2.5,805.jpg,98,False
2.5,806.jpg,90,False
2.5,807.jpg,100,False
2.5,808.jpg,89,False
2.5,809.jpg,100,False
2.5,810.jpg,90,False
2.5,811.jpg,98,False
2.5,812.jpg,89,False
2.5,813.jpg,98,False
2.5,814.jpg,95,False
2.5,815.jpg,94,False
2.5,816.jpg,95,False
2.5,817.jpg,98,False
2.5,818.jpg,89,False
2.5,819.jpg,98,False
2.5,820.jpg,89,False
2.5,821.jpg,98,False
2.5,822.jpg,89,False
2.5,823.jpg,97,False
2.5,824.jpg,92,False
2.5,825.jpg,98,False
2.5,826.jpg,94,False
2.5,827.jpg,98,False
2.5,828.jpg,90,False
2.5,829.jpg,95,False
2.5,830.jpg,89,False
2.5,831.jpg,98,False
2.5,832.jpg,90,False
2.5,833.jpg,95,False
2.5,834.jpg,90,False
2.5,835.jpg,96,False
2.5,836.jpg,90,False
2.5,837.jpg,100,False
2.5,838.jpg,92,False
2.5,839.jpg,98,False
2.5,840.jpg,90,False
2.5,841.jpg,98,False
2.5,842.jpg,86,False
2.5,843.jpg,95,False
2.5,844.jpg,89,False
2.5,845.jpg,98,False
2.5,846.jpg,94,False
2.5,847.jpg,98,False
2.5,848.jpg,94,False
2.5,849.jpg,98,False
2.5,850.jpg,88,False
2.5,851.jpg,98,False
2.5,852.jpg,92,False
2.5,853.jpg,100,False
2.5,854.jpg,90,False
2.5,855.jpg,98,False
2.5,856.jpg,89,False
2.5,857.jpg,98,False
2.5,858.jpg,90,False
2.5,859.jpg,98,False
2.5,860.jpg,90,False
2.5,861.jpg,94,False
2.5,862.jpg,94,False
2.5,863.jpg,98,False
2.5,864.jpg,88,False
2.5,865.jpg,96,False
2.5,866.jpg,89,False
2.5,867.jpg,100,False
2.5,868.jpg,95,False
2.5,869.jpg,95,False
2.5,870.jpg,92,False
2.5,871.jpg,98,False
2.5,872.jpg,94,False
2.5,873.jpg,98,False
2.5,874.jpg,90,False
2.5,875.jpg,98,False
2.5,876.jpg,94,False
2.5,877.jpg,98,False
2.5,878.jpg,90,False
2.5,879.jpg,98,False
2.5,880.jpg,92,False
2.5,881.jpg,98,False
2.5,882.jpg,92,False
2.5,883.jpg,98,False
2.5,884.jpg,94,False
2.5,885.jpg,98,False
2.5,886.jpg,90,False
2.5,887.jpg,95,False
2.5,888.jpg,90,False
2.5,889.jpg,100,False
2.5,890.jpg,92,False
2.5,891.jpg,100,False
2.5,892.jpg,86,False
2.5,893.jpg,98,False
2.5,894.jpg,92,False
2.5,895.jpg,100,False
2.5,896.jpg,94,False
2.5,897.jpg,100,False
2.5,898.jpg,95,False
2.5,899.jpg,98,False
2.5,900.jpg,92,False
2.5,901.jpg,95,False
2.5,902.jpg,88,False
2.5,903.jpg,99,False
2.5,904.jpg,89,False
2.5,905.jpg,98,False
2.5,906.jpg,90,False
2.5,907.jpg,98,False
2.5,908.jpg,94,False
2.5,909.jpg,95,False
2.5,910.jpg,92,False
2.5,911.jpg,98,False
2.5,912.jpg,94,False
2.5,913.jpg,96,False
2.5,914.jpg,90,False
2.5,915.jpg,98,False
2.5,916.jpg,89,False
2.5,917.jpg,98,False
2.5,918.jpg,89,False
2.5,919.jpg,98,False
2.5,920.jpg,90,False
2.5,921.jpg,100,False
2.5,922.jpg,94,False
2.5,923.jpg,98,False
2.5,924.jpg,90,False
2.5,925.jpg,98,False
2.5,926.jpg,93,False
2.5,927.jpg,98,False
2.5,928.jpg,87,False
2.5,929.jpg,98,False
2.5,930.jpg,92,False
2.5,931.jpg,95,False
2.5,932.jpg,94,False
2.5,933.jpg,98,False
2.5,934.jpg,88,False
2.5,935.jpg,100,False
2.5,936.jpg,89,False
2.5,937.jpg,98,False
2.5,938.jpg,90,False
2.5,939.jpg,98,False
2.5,940.jpg,89,False
2.5,941.jpg,100,False
2.5,942.jpg,89,False
2.5,943.jpg,95,False
2.5,944.jpg,94,False
2.5,945.jpg,98,False
2.5,946.jpg,92,False
2.5,947.jpg,100,False
2.5,948.jpg,90,False
2.5,949.jpg,98,False
2.5,950.jpg,86,False
2.5,951.jpg,98,False
2.5,952.jpg,89,False
2.5,953.jpg,98,False
2.5,954.jpg,90,False
2.5,955.jpg,100,False
2.5,956.jpg,89,False
2.5,957.jpg,100,False
2.5,958.jpg,92,False
2.5,959.jpg,95,False
2.5,960.jpg,92,False
2.5,961.jpg,98,False
2.5,962.jpg,90,False
2.5,963.jpg,95,False
2.5,964.jpg,90,False
2.5,965.jpg,96,False
2.5,966.jpg,89,False
2.5,967.jpg,97,False
2.5,968.jpg,89,False
2.5,969.jpg,98,False
2.5,970.jpg,95,False
2.5,971.jpg,98,False
2.5,972.jpg,90,False
2.5,973.jpg,97,False
2.5,974.jpg,95,False
2.5,975.jpg,100,False
2.5,976.jpg,95,False
2.5,977.jpg,100,False
2.5,978.jpg,92,False
2.5,979.jpg,98,False
2.5,980.jpg,94,False
2.5,981.jpg,100,False
2.5,982.jpg,89,False
2.5,983.jpg,96,False
2.5,984.jpg,92,False
2.5,985.jpg,98,False
2.5,986.jpg,89,False
2.5,987.jpg,95,False
2.5,988.jpg,92,False
2.5,989.jpg,98,False
2.5,990.jpg,89,False
2.5,991.jpg,98,False
2.5,992.jpg,93,False
2.5,993.jpg,97,False
2.5,994.jpg,89,False
2.5,995.jpg,98,False
2.5,996.jpg,90,False
2.5,997.jpg,98,False
2.5,998.jpg,89,False
2.5,999.jpg,100,False
2.5,1000.jpg,90,False
2.5,1001.jpg,98,False
2.5,1002.jpg,92,False
2.5,1003.jpg,98,False
2.5,1004.jpg,94,False
2.5,1005.jpg,98,False
2.5,1006.jpg,92,False
2.5,1007.jpg,100,False
2.5,1008.jpg,92,False
2.5,1009.jpg,95,False
2.5,1010.jpg,92,False
2.5,1011.jpg,100,False
2.5,1012.jpg,94,False
2.5,1013.jpg,98,False
2.5,1014.jpg,89,False
2.5,1015.jpg,98,False
2.5,1016.jpg,90,False
2.5,1017.jpg,98,False
2.5,1018.jpg,94,False
2.5,1019.jpg,100,False
2.5,1020.jpg,94,False
2.5,1021.jpg,100,False
2.5,1022.jpg,92,False
2.5,1023.jpg,98,False
2.5,1024.jpg,90,False
2.5,1025.jpg,98,False
2.5,1026.jpg,97,False
2.5,1027.jpg,98,False
2.5,1028.jpg,93,False
2.5,1029.jpg,98,False
2.5,1030.jpg,90,False
2.5,1031.jpg,100,False
2.5,1032.jpg,90,False
2.5,1033.jpg,95,False
2.5,1034.jpg,93,False
2.5,1035.jpg,100,False
2.5,1036.jpg,89,False
2.5,1037.jpg,100,False
2.5,1038.jpg,89,False
2.5,1039.jpg,98,False
2.5,1040.jpg,89,False
2.5,1041.jpg,100,False
2.5,1042.jpg,92,False
2.5,1043.jpg,98,False
2.5,1044.jpg,89,False
2.5,1045.jpg,98,False
2.5,1046.jpg,90,False
2.5,1047.jpg,100,False
2.5,1048.jpg,90,False
2.5,1049.jpg,98,False
2.5,1050.jpg,89,False
2.5,1051.jpg,98,False
2.5,1052.jpg,90,False
2.5,1053.jpg,98,False
2.5,1054.jpg,89,False
2.5,1055.jpg,98,False
2.5,1056.jpg,95,False
2.5,1057.jpg,100,False
2.5,1058.jpg,92,False
2.5,1059.jpg,98,False
2.5,1060.jpg,94,False
2.5,1061.jpg,98,False
2.5,1062.jpg,92,False
2.5,1063.jpg,98,False
2.5,1064.jpg,90,False
2.5,1065.jpg,98,False
2.5,1066.jpg,95,False
2.5,1067.jpg,98,False
2.5,1068.jpg,90,False
2.5,1069.jpg,98,False
2.5,1070.jpg,94,False
2.5,1071.jpg,98,False
2.5,1072.jpg,89,False
2.5,1073.jpg,98,False
2.5,1074.jpg,90,False
2.5,1075.jpg,102,False
2.5,1076.jpg,92,False
2.5,1077.jpg,98,False
2.5,1078.jpg,90,False
2.5,1079.jpg,98,False
2.5,1080.jpg,93,False
2.5,1081.jpg,92,False
2.5,1082.jpg,92,False
2.5,1083.jpg,98,False
2.5,1084.jpg,92,False
2.5,1085.jpg,98,False
2.5,1086.jpg,95,False
2.5,1087.jpg,98,False
2.5,1088.jpg,90,False
2.5,1089.jpg,96,False
2.5,1090.jpg,93,False
2.5,1091.jpg,98,False
2.5,1092.jpg,90,False
2.5,1093.jpg,98,False
2.5,1094.jpg,89,False
2.5,1095.jpg,98,False
2.5,1096.jpg,89,False
2.5,1097.jpg,98,False
2.5,1098.jpg,89,False
2.5,1099.jpg,96,False
2.5,1100.jpg,90,False
2.5,1101.jpg,97,False
2.5,1102.jpg,89,False
2.5,1103.jpg,98,False
2.5,1104.jpg,91,False
2.5,1105.jpg,98,False
2.5,1106.jpg,90,False
2.5,1107.jpg,98,False
2.5,1108.jpg,93,False
2.5,1109.jpg,98,False
2.5,1110.jpg,91,False
2.5,1111.jpg,98,False
2.5,1112.jpg,89,False
2.5,1113.jpg,98,False
2.5,1114.jpg,94,False
2.5,1115.jpg,100,False
2.5,1116.jpg,93,False
2.5,1117.jpg,100,False
2.5,1118.jpg,89,False
2.5,1119.jpg,100,False
2.5,1120.jpg,94,False
2.5,1121.jpg,98,False
2.5,1122.jpg,88,False
2.5,1123.jpg,98,False
2.5,1124.jpg,94,False
2.5,1125.jpg,98,False
2.5,1126.jpg,89,False
2.5,1127.jpg,97,False
2.5,1128.jpg,92,False
2.5,1129.jpg,98,False
2.5,1130.jpg,90,False
2.5,1131.jpg,98,False
2.5,1132.jpg,94,False
2.5,1133.jpg,100,False
2.5,1134.jpg,89,False
2.5,1135.jpg,98,False
2.5,1136.jpg,90,False
2.5,1137.jpg,96,False
2.5,1138.jpg,92,False
2.5,1139.jpg,98,False
2.5,1140.jpg,95,False
2.5,1141.jpg,98,False
2.5,1142.jpg,90,False
2.5,1143.jpg,98,False
2.5,1144.jpg,92,False
2.5,1145.jpg,95,False
2.5,1146.jpg,90,False
2.5,1147.jpg,97,False
2.5,1148.jpg,90,False
2.5,1149.jpg,98,False
2.5,1150.jpg,94,False
2.5,1151.jpg,98,False
2.5,1152.jpg,92,False
2.5,1153.jpg,98,False
2.5,1154.jpg,92,False
2.5,1155.jpg,100,False
2.5,1156.jpg,92,False
2.5,1157.jpg,95,False
2.5,1158.jpg,89,False
2.5,1159.jpg,95,False
2.5,1160.jpg,89,False
2.5,1161.jpg,98,False
2.5,1162.jpg,93,False
2.5,1163.jpg,98,False
2.5,1164.jpg,89,False
2.5,1165.jpg,100,False
2.5,1166.jpg,88,False
2.5,1167.jpg,98,False
2.5,1168.jpg,94,False
2.5,1169.jpg,100,False
2.5,1170.jpg,90,False
2.5,1171.jpg,100,False
2.5,1172.jpg,93,False
2.5,1173.jpg,98,False
2.5,1174.jpg,94,False
2.5,1175.jpg,100,False
2.5,1176.jpg,90,False
2.5,1177.jpg,98,False
2.5,1178.jpg,93,False
2.5,1179.jpg,95,False
2.5,1180.jpg,88,False
2.5,1181.jpg,99,False
2.5,1182.jpg,92,False
2.5,1183.jpg,98,False
2.5,1184.jpg,92,False
2.5,1185.jpg,98,False
2.5,1186.jpg,90,False
2.5,1187.jpg,100,False
2.5,1188.jpg,94,False
2.5,1189.jpg,98,False
2.5,1190.jpg,90,False
2.5,1191.jpg,95,False
2.5,1192.jpg,94,False
2.5,1193.jpg,99,False
2.5,1194.jpg,90,False
2.5,1195.jpg,98,False
2.5,1196.jpg,94,False
2.5,1197.jpg,96,False
2.5,1198.jpg,90,False
2.5,1199.jpg,98,False
2.5,1200.jpg,89,False
2.5,1201.jpg,96,False
2.5,1202.jpg,94,False
2.5,1203.jpg,100,False
2.5,1204.jpg,89,False
2.5,1205.jpg,98,False
2.5,1206.jpg,90,False
2.5,1207.jpg,95,False
2.5,1208.jpg,92,False
2.5,1209.jpg,100,False
2.5,1210.jpg,89,False
2.5,1211.jpg,100,False
2.5,1212.jpg,89,False
2.5,1213.jpg,99,False
2.5,1214.jpg,93,False
2.5,1215.jpg,99,False
2.5,1216.jpg,88,False
2.5,1217.jpg,100,False
2.5,1218.jpg,88,False
2.5,1219.jpg,100,False
2.5,1220.jpg,92,False
2.5,1221.jpg,95,False
2.5,1222.jpg,94,False
2.5,1223.jpg,98,False
2.5,1224.jpg,92,False
2.5,1225.jpg,98,False
2.5,1226.jpg,92,False
2.5,1227.jpg,95,False
2.5,1228.jpg,90,False
2.5,1229.jpg,98,False
2.5,1230.jpg,94,False
2.5,1231.jpg,102,False
2.5,1232.jpg,90,False
2.5,1233.jpg,98,False
2.5,1234.jpg,91,False
2.5,1235.jpg,100,False
2.5,1236.jpg,94,False
2.5,1237.jpg,98,False
2.5,1238.jpg,91,False
2.5,1239.jpg,98,False
2.5,1240.jpg,90,False
2.5,1241.jpg,95,False
2.5,1242.jpg,86,False
2.5,1243.jpg,97,False
2.5,1244.jpg,94,False
2.5,1245.jpg,99,False
2.5,1246.jpg,92,False
2.5,1247.jpg,98,False
2.5,1248.jpg,89,False
2.5,1249.jpg,98,False
2.5,1250.jpg,90,False
2.5,1251.jpg,98,False
2.5,1252.jpg,89,False
2.5,1253.jpg,100,False
2.5,1254.jpg,94,False
2.5,1255.jpg,98,False
2.5,1256.jpg,89,False
2.5,1257.jpg,98,False
2.5,1258.jpg,90,False
2.5,1259.jpg,95,False
2.5,1260.jpg,90,False
2.5,1261.jpg,98,False
2.5,1262.jpg,92,False
2.5,1263.jpg,98,False
2.5,1264.jpg,90,False
2.5,1265.jpg,98,False
2.5,1266.jpg,89,False
2.5,1267.jpg,98,False
2.5,1268.jpg,95,False
2.5,1269.jpg,98,False
2.5,1270.jpg,91,False
2.5,1271.jpg,98,False
2.5,1272.jpg,92,False
2.5,1273.jpg,97,False
2.5,1274.jpg,89,False
2.5,1275.jpg,98,False
2.5,1276.jpg,90,False
2.5,1277.jpg,98,False
2.5,1278.jpg,92,False
2.5,1279.jpg,98,False
2.5,1280.jpg,90,False
2.5,1281.jpg,95,False
2.5,1282.jpg,90,False
2.5,1283.jpg,97,False
2.5,1284.jpg,93,False
2.5,1285.jpg,100,False
2.5,1286.jpg,89,False
2.5,1287.jpg,97,False
2.5,1288.jpg,90,False
2.5,1289.jpg,98,False
2.5,1290.jpg,89,False
2.5,1291.jpg,98,False
2.5,1292.jpg,90,False
2.5,1293.jpg,100,False
2.5,1294.jpg,90,False
2.5,1295.jpg,98,False
2.5,1296.jpg,89,False
2.5,1297.jpg,95,False
2.5,1298.jpg,92,False
2.5,1299.jpg,98,False
2.5,1300.jpg,90,False
2.5,1301.jpg,98,False
2.5,1302.jpg,90,False
2.5,1303.jpg,98,False
2.5,1304.jpg,94,False
2.5,1305.jpg,98,False
2.5,1306.jpg,89,False
2.5,1307.jpg,98,False
2.5,1308.jpg,90,False
2.5,1309.jpg,98,False
2.5,1310.jpg,92,False
2.5,1311.jpg,94,False
2.5,1312.jpg,89,False
2.5,1313.jpg,98,False
2.5,1314.jpg,94,False
2.5,1315.jpg,99,False
2.5,1316.jpg,88,False
2.5,1317.jpg,98,False
2.5,1318.jpg,90,False
2.5,1319.jpg,100,False
2.5,1320.jpg,90,False
2.5,1321.jpg,98,False
2.5,1322.jpg,90,False
2.5,1323.jpg,98,False
2.5,1324.jpg,90,False
2.5,1325.jpg,97,False
2.5,1326.jpg,94,False
2.5,1327.jpg,98,False
2.5,1328.jpg,88,False
2.5,1329.jpg,95,False
2.5,1330.jpg,90,False
2.5,1331.jpg,95,False
2.5,1332.jpg,89,False
2.5,1333.jpg,98,False
2.5,1334.jpg,92,False
2.5,1335.jpg,102,False
2.5,1336.jpg,95,False
2.5,1337.jpg,98,False
2.5,1338.jpg,89,False
2.5,1339.jpg,100,False
2.5,1340.jpg,94,False
2.5,1341.jpg,98,False
2.5,1342.jpg,94,False
2.5,1343.jpg,98,False
2.5,1344.jpg,90,False
2.5,1345.jpg,100,False
2.5,1346.jpg,93,False
2.5,1347.jpg,100,False
2.5,1348.jpg,90,False
2.5,1349.jpg,98,False
2.5,1350.jpg,90,False
2.5,1351.jpg,95,False
2.5,1352.jpg,90,False
2.5,1353.jpg,97,False
2.5,1354.jpg,89,False
2.5,1355.jpg,98,False
2.5,1356.jpg,90,False
2.5,1357.jpg,98,False
2.5,1358.jpg,88,False
2.5,1359.jpg,98,False
2.5,1360.jpg,89,False
2.5,1361.jpg,97,False
2.5,1362.jpg,89,False
2.5,1363.jpg,98,False
2.5,1364.jpg,94,False
2.5,1365.jpg,94,False
2.5,1366.jpg,92,False
2.5,1367.jpg,98,False
2.5,1368.jpg,95,False
2.5,1369.jpg,98,False
2.5,1370.jpg,89,False
2.5,1371.jpg,98,False
2.5,1372.jpg,88,False
2.5,1373.jpg,98,False
2.5,1374.jpg,90,False
2.5,1375.jpg,98,False
2.5,1376.jpg,89,False
2.5,1377.jpg,97,False
2.5,1378.jpg,90,False
2.5,1379.jpg,100,False
2.5,1380.jpg,87,False
2.5,1381.jpg,99,False
2.5,1382.jpg,92,False
2.5,1383.jpg,98,False
2.5,1384.jpg,89,False
2.5,1385.jpg,98,False
2.5,1386.jpg,94,False
2.5,1387.jpg,98,False
2.5,1388.jpg,90,False
2.5,1389.jpg,99,False
2.5,1390.jpg,90,False
2.5,1391.jpg,95,False
2.5,1392.jpg,92,False
2.5,1393.jpg,98,False
2.5,1394.jpg,89,False
2.5,1395.jpg,100,False
2.5,1396.jpg,90,False
2.5,1397.jpg,98,False
2.5,1398.jpg,94,False
2.5,1399.jpg,98,False
2.5,1400.jpg,90,False
2.5,1401.jpg,98,False
2.5,1402.jpg,94,False
2.5,1403.jpg,98,False
2.5,1404.jpg,92,False
2.5,1405.jpg,98,False
2.5,1406.jpg,90,False
2.5,1407.jpg,100,False
2.5,1408.jpg,94,False
2.5,1409.jpg,100,False
2.5,1410.jpg,92,False
2.5,1411.jpg,98,False
2.5,1412.jpg,90,False
2.5,1413.jpg,98,False
2.5,1414.jpg,93,False
2.5,1415.jpg,102,False
2.5,1416.jpg,89,False
2.5,1417.jpg,95,False
2.5,1418.jpg,93,False
2.5,1419.jpg,100,False
2.5,1420.jpg,90,False
2.5,1421.jpg,98,False
2.5,1422.jpg,90,False
2.5,1423.jpg,100,False
2.5,1424.jpg,87,False
2.5,1425.jpg,98,False
2.5,1426.jpg,89,False
2.5,1427.jpg,98,False
2.5,1428.jpg,92,False
2.5,1429.jpg,98,False
2.5,1430.jpg,94,False
2.5,1431.jpg,98,False
2.5,1432.jpg,89,False
2.5,1433.jpg,96,False
2.5,1434.jpg,94,False
2.5,1435.jpg,100,False
2.5,1436.jpg,91,False
2.5,1437.jpg,96,False
2.5,1438.jpg,90,False
2.5,1439.jpg,95,False
2.5,1440.jpg,90,False
2.5,1441.jpg,98,False
2.5,1442.jpg,89,False
2.5,1443.jpg,100,False
2.5,1444.jpg,89,False
2.5,1445.jpg,95,False
2.5,1446.jpg,92,False
2.5,1447.jpg,98,False
2.5,1448.jpg,91,False
2.5,1449.jpg,95,False
2.5,1450.jpg,89,False
2.5,1451.jpg,98,False
2.5,1452.jpg,90,False
2.5,1453.jpg,98,False
2.5,1454.jpg,94,False
2.5,1455.jpg,95,False
2.5,1456.jpg,89,False
2.5,1457.jpg,98,False
2.5,1458.jpg,88,False
2.5,1459.jpg,98,False
2.5,1460.jpg,94,False
2.5,1461.jpg,98,False
2.5,1462.jpg,93,False
2.5,1463.jpg,98,False
2.5,1464.jpg,97,False
2.5,1465.jpg,94,False
2.5,1466.jpg,94,False
2.5,1467.jpg,100,False
2.5,1468.jpg,94,False
2.5,1469.jpg,98,False
2.5,1470.jpg,91,False
2.5,1471.jpg,98,False
2.5,1472.jpg,89,False
2.5,1473.jpg,98,False
2.5,1474.jpg,92,False
2.5,1475.jpg,99,False
2.5,1476.jpg,94,False
2.5,1477.jpg,100,False
2.5,1478.jpg,90,False
2.5,1479.jpg,98,False
2.5,1480.jpg,89,False
2.5,1481.jpg,100,False
2.5,1482.jpg,90,False
2.5,1483.jpg,98,False
2.5,1484.jpg,90,False
2.5,1485.jpg,98,False
2.5,1486.jpg,93,False
2.5,1487.jpg,98,False
2.5,1488.jpg,96,False
2.5,1489.jpg,98,False
2.5,1490.jpg,92,False
2.5,1491.jpg,96,False
2.5,1492.jpg,90,False
2.5,1493.jpg,100,False
2.5,1494.jpg,89,False
2.5,1495.jpg,98,False
2.5,1496.jpg,90,False
2.5,1497.jpg,99,False
2.5,1498.jpg,89,False
2.5,1499.jpg,98,False
2.5,1500.jpg,89,False
2.5,1501.jpg,98,False
2.5,1502.jpg,94,False
2.5,1503.jpg,98,False
2.5,1504.jpg,90,False
2.5,1505.jpg,98,False
2.5,1506.jpg,92,False
2.5,1507.jpg,95,False
2.5,1508.jpg,90,False
2.5,1509.jpg,98,False
2.5,1510.jpg,87,False
2.5,1511.jpg,97,False
2.5,1512.jpg,91,False
2.5,1513.jpg,98,False
2.5,1514.jpg,90,False
2.5,1515.jpg,98,False
2.5,1516.jpg,94,False
2.5,1517.jpg,98,False
2.5,1518.jpg,94,False
2.5,1519.jpg,98,False
2.5,1520.jpg,90,False
2.5,1521.jpg,99,False
2.5,1522.jpg,88,False
2.5,1523.jpg,98,False
2.5,1524.jpg,91,False
2.5,1525.jpg,98,False
2.5,1526.jpg,86,False
2.5,1527.jpg,97,False
2.5,1528.jpg,95,False
2.5,1529.jpg,100,False
2.5,1530.jpg,89,False
2.5,1531.jpg,98,False
2.5,1532.jpg,93,False
2.5,1533.jpg,98,False
2.5,1534.jpg,93,False
2.5,1535.jpg,100,False
2.5,1536.jpg,89,False
2.5,1537.jpg,95,False
2.5,1538.jpg,90,False
2.5,1539.jpg,98,False
2.5,1540.jpg,92,False
2.5,1541.jpg,97,False
2.5,1542.jpg,92,False
2.5,1543.jpg,97,False
2.5,1544.jpg,89,False
2.5,1545.jpg,98,False
2.5,1546.jpg,89,False
2.5,1547.jpg,98,False
2.5,1548.jpg,90,False
2.5,1549.jpg,99,False
2.5,1550.jpg,88,False
2.5,1551.jpg,98,False
2.5,1552.jpg,94,False
2.5,1553.jpg,98,False
2.5,1554.jpg,89,False
2.5,1555.jpg,100,False
2.5,1556.jpg,89,False
2.5,1557.jpg,98,False
2.5,1558.jpg,89,False
2.5,1559.jpg,100,False
2.5,1560.jpg,90,False
2.5,1561.jpg,100,False
2.5,1562.jpg,88,False
2.5,1563.jpg,98,False
2.5,1564.jpg,93,False
2.5,1565.jpg,98,False
2.5,1566.jpg,92,False
2.5,1567.jpg,98,False
2.5,1568.jpg,96,False
2.5,1569.jpg,95,False
2.5,1570.jpg,90,False
2.5,1571.jpg,95,False
2.5,1572.jpg,88,False
2.5,1573.jpg,98,False
2.5,1574.jpg,93,False
2.5,1575.jpg,98,False
2.5,1576.jpg,93,False
2.5,1577.jpg,98,False
2.5,1578.jpg,89,False
2.5,1579.jpg,98,False
2.5,1580.jpg,90,False
2.5,1581.jpg,97,False
2.5,1582.jpg,92,False
2.5,1583.jpg,96,False
2.5,1584.jpg,90,False
2.5,1585.jpg,95,False
2.5,1586.jpg,92,False
2.5,1587.jpg,98,False
2.5,1588.jpg,89,False
2.5,1589.jpg,98,False
2.5,1590.jpg,90,False
2.5,1591.jpg,100,False
2.5,1592.jpg,92,False
2.5,1593.jpg,98,False
2.5,1594.jpg,93,False
2.5,1595.jpg,100,False
2.5,1596.jpg,90,False
2.5,1597.jpg,98,False
2.5,1598.jpg,90,False
2.5,1599.jpg,100,False
2.5,1600.jpg,90,False
2.5,1601.jpg,99,False
2.5,1602.jpg,91,False
2.5,1603.jpg,100,False
2.5,1604.jpg,90,False
2.5,1605.jpg,98,False
2.5,1606.jpg,91,False
2.5,1607.jpg,95,False
2.5,1608.jpg,90,False
2.5,1609.jpg,98,False
2.5,1610.jpg,89,False
2.5,1611.jpg,100,False
2.5,1612.jpg,92,False
2.5,1613.jpg,98,False
2.5,1614.jpg,92,False
2.5,1615.jpg,95,False
2.5,1616.jpg,93,False
2.5,1617.jpg,100,False
2.5,1618.jpg,94,False
2.5,1619.jpg,98,False
2.5,1620.jpg,90,False
2.5,1621.jpg,100,False
2.5,1622.jpg,90,False
2.5,1623.jpg,100,False
2.5,1624.jpg,90,False
2.5,1625.jpg,98,False
2.5,1626.jpg,91,False
2.5,1627.jpg,97,False
2.5,1628.jpg,93,False
2.5,1629.jpg,98,False
2.5,1630.jpg,89,False
2.5,1631.jpg,98,False
2.5,1632.jpg,90,False
2.5,1633.jpg,100,False
2.5,1634.jpg,90,False
2.5,1635.jpg,95,False
2.5,1636.jpg,95,False
2.5,1637.jpg,100,False
2.5,1638.jpg,91,False
2.5,1639.jpg,96,False
2.5,1640.jpg,89,False
2.5,1641.jpg,98,False
2.5,1642.jpg,94,False
2.5,1643.jpg,100,False
2.5,1644.jpg,86,False
2.5,1645.jpg,95,False
2.5,1646.jpg,93,False
2.5,1647.jpg,100,False
2.5,1648.jpg,89,False
2.5,1649.jpg,98,False
2.5,1650.jpg,92,False
2.5,1651.jpg,98,False
2.5,1652.jpg,89,False
2.5,1653.jpg,95,False
2.5,1654.jpg,90,False
2.5,1655.jpg,98,False
2.5,1656.jpg,88,False
2.5,1657.jpg,95,False
2.5,1658.jpg,92,False
2.5,1659.jpg,100,False
2.5,1660.jpg,90,False
2.5,1661.jpg,98,False
2.5,1662.jpg,94,False
2.5,1663.jpg,98,False
2.5,1664.jpg,90,False
2.5,1665.jpg,98,False
2.5,1666.jpg,90,False
2.5,1667.jpg,100,False
2.5,1668.jpg,90,False
2.5,1669.jpg,98,False
2.5,1670.jpg,90,False
2.5,1671.jpg,98,False
2.5,1672.jpg,90,False
2.5,1673.jpg,98,False
2.5,1674.jpg,93,False
2.5,1675.jpg,96,False
2.5,1676.jpg,90,False
2.5,1677.jpg,95,False
2.5,1678.jpg,94,False
2.5,1679.jpg,100,False
2.5,1680.jpg,95,False
2.5,1681.jpg,98,False
2.5,1682.jpg,90,False
2.5,1683.jpg,98,False
2.5,1684.jpg,90,False
2.5,1685.jpg,100,False
2.5,1686.jpg,94,False
2.5,1687.jpg,100,False
2.5,1688.jpg,90,False
2.5,1689.jpg,98,False
2.5,1690.jpg,89,False
2.5,1691.jpg,100,False
2.5,1692.jpg,95,False
2.5,1693.jpg,98,False
2.5,1694.jpg,89,False
2.5,1695.jpg,98,False
2.5,1696.jpg,89,False
2.5,1697.jpg,98,False
2.5,1698.jpg,90,False
2.5,1699.jpg,98,False
2.5,1700.jpg,93,False
2.5,1701.jpg,98,False
2.5,1702.jpg,90,False
2.5,1703.jpg,98,False
2.5,1704.jpg,86,False
2.5,1705.jpg,98,False
2.5,1706.jpg,94,False
2.5,1707.jpg,98,False
2.5,1708.jpg,94,False
2.5,1709.jpg,98,False
2.5,1710.jpg,95,False
2.5,1711.jpg,98,False
2.5,1712.jpg,90,False
2.5,1713.jpg,95,False
2.5,1714.jpg,89,False
2.5,1715.jpg,96,False
2.5,1716.jpg,92,False
2.5,1717.jpg,100,False
2.5,1718.jpg,94,False
2.5,1719.jpg,98,False
2.5,1720.jpg,90,False
2.5,1721.jpg,98,False
2.5,1722.jpg,88,False
2.5,1723.jpg,98,False
2.5,1724.jpg,90,False
2.5,1725.jpg,100,False
2.5,1726.jpg,92,False
2.5,1727.jpg,98,False
2.5,1728.jpg,94,False
2.5,1729.jpg,98,False
2.5,1730.jpg,93,False
2.5,1731.jpg,100,False
2.5,1732.jpg,95,False
2.5,1733.jpg,98,False
2.5,1734.jpg,89,False
2.5,1735.jpg,96,False
2.5,1736.jpg,90,False
2.5,1737.jpg,100,False
2.5,1738.jpg,92,False
2.5,1739.jpg,96,False
2.5,1740.jpg,90,False
2.5,1741.jpg,100,False
2.5,1742.jpg,94,False
2.5,1743.jpg,98,False
2.5,1744.jpg,90,False
2.5,1745.jpg,100,False
2.5,1746.jpg,88,False
2.5,1747.jpg,95,False
2.5,1748.jpg,92,False
2.5,1749.jpg,95,False
2.5,1750.jpg,94,False
2.5,1751.jpg,98,False
2.5,1752.jpg,94,False
2.5,1753.jpg,98,False
2.5,1754.jpg,90,False
2.5,1755.jpg,96,False
2.5,1756.jpg,90,False
2.5,1757.jpg,98,False
2.5,1758.jpg,94,False
2.5,1759.jpg,98,False
2.5,1760.jpg,94,False
2.5,1761.jpg,99,False
2.5,1762.jpg,89,False
2.5,1763.jpg,98,False
2.5,1764.jpg,92,False
2.5,1765.jpg,98,False
2.5,1766.jpg,93,False
2.5,1767.jpg,98,False
2.5,1768.jpg,89,False
2.5,1769.jpg,98,False
2.5,1770.jpg,89,False
2.5,1771.jpg,98,False
2.5,1772.jpg,90,False
2.5,1773.jpg,98,False
2.5,1774.jpg,89,False
2.5,1775.jpg,100,False
2.5,1776.jpg,89,False
2.5,1777.jpg,98,False
2.5,1778.jpg,88,False
2.5,1779.jpg,95,False
2.5,1780.jpg,90,False
2.5,1781.jpg,98,False
2.5,1782.jpg,92,False
2.5,1783.jpg,95,False
2.5,1784.jpg,90,False
2.5,1785.jpg,98,False
2.5,1786.jpg,90,False
2.5,1787.jpg,98,False
2.5,1788.jpg,93,False
2.5,1789.jpg,100,False
2.5,1790.jpg,92,False
2.5,1791.jpg,98,False
2.5,1792.jpg,90,False
2.5,1793.jpg,100,False
2.5,1794.jpg,94,False
2.5,1795.jpg,95,False
2.5,1796.jpg,95,False
2.5,1797.jpg,99,False
2.5,1798.jpg,92,False
2.5,1799.jpg,98,False
2.5,1800.jpg,94,False
2.5,1801.jpg,98,False
2.5,1802.jpg,90,False
2.5,1803.jpg,98,False
2.5,1804.jpg,95,False
2.5,1805.jpg,98,False
2.5,1806.jpg,90,False
2.5,1807.jpg,98,False
2.5,1808.jpg,90,False
2.5,1809.jpg,98,False
2.5,1810.jpg,92,False
2.5,1811.jpg,98,False
2.5,1812.jpg,94,False
2.5,1813.jpg,100,False
2.5,1814.jpg,94,False
2.5,1815.jpg,98,False
2.5,1816.jpg,94,False
2.5,1817.jpg,100,False
2.5,1818.jpg,90,False
2.5,1819.jpg,95,False
2.5,1820.jpg,95,False
2.5,1821.jpg,98,False
4,0.jpg,92,False
4,1.jpg,98,False
4,2.jpg,94,False
4,3.jpg,98,False
4,4.jpg,90,False
4,5.jpg,98,False
4,6.jpg,92,False
4,7.jpg,92,False
4,8.jpg,90,False
4,9.jpg,100,False
4,10.jpg,94,False
4,11.jpg,98,False
4,12.jpg,92,False
4,13.jpg,98,False
4,14.jpg,89,False
4,15.jpg,100,False
4,16.jpg,90,False
4,17.jpg,95,False
4,18.jpg,85,True
4,19.jpg,98,False
4,20.jpg,93,False
4,21.jpg,98,False
4,22.jpg,92,False
4,23.jpg,94,False
4,24.jpg,95,False
4,25.jpg,98,False
4,26.jpg,90,False
4,27.jpg,100,False
4,28.jpg,95,False
4,29.jpg,98,False
4,30.jpg,95,False
4,31.jpg,98,False
4,32.jpg,94,False
4,33.jpg,98,False
4,34.jpg,95,False
4,35.jpg,98,False
4,36.jpg,91,False
4,37.jpg,98,False
4,38.jpg,92,False
4,39.jpg,96,False
4,40.jpg,93,False
4,41.jpg,98,False
4,42.jpg,90,False
4,43.jpg,100,False
4,44.jpg,92,False
4,45.jpg,95,False
4,46.jpg,90,False
4,47.jpg,98,False
4,48.jpg,92,False
4,49.jpg,98,False
4,50.jpg,92,False
4,51.jpg,98,False
4,52.jpg,94,False
4,53.jpg,95,False
4,54.jpg,86,False
4,55.jpg,98,False
4,56.jpg,89,False
4,57.jpg,98,False
4,58.jpg,90,False
4,59.jpg,95,False
4,60.jpg,94,False
4,61.jpg,94,False
4,62.jpg,92,False
4,63.jpg,95,False
4,64.jpg,92,False
4,65.jpg,98,False
4,66.jpg,92,False
4,67.jpg,96,False
4,68.jpg,94,False
4,69.jpg,94,False
4,70.jpg,92,False
4,71.jpg,96,False
4,72.jpg,91,False
4,73.jpg,98,False
4,74.jpg,94,False
4,75.jpg,98,False
4,76.jpg,95,False
4,77.jpg,98,False
4,78.jpg,94,False
4,79.jpg,98,False
4,80.jpg,95,False
4,81.jpg,98,False
4,82.jpg,93,False
4,83.jpg,98,False
4,84.jpg,93,False
4,85.jpg,100,False
4,86.jpg,90,False
4,87.jpg,98,False
4,88.jpg,89,False
4,89.jpg,98,False
4,90.jpg,94,False
4,91.jpg,98,False
4,92.jpg,90,False
4,93.jpg,100,False
4,94.jpg,89,False
4,95.jpg,98,False
4,96.jpg,92,False
4,97.jpg,98,False
4,98.jpg,90,False
4,99.jpg,98,False
4,100.jpg,90,False
4,101.jpg,98,False
4,102.jpg,92,False
4,103.jpg,100,False
4,104.jpg,89,False
4,105.jpg,98,False
4,106.jpg,92,False
4,107.jpg,98,False
4,108.jpg,92,False
4,109.jpg,98,False
4,110.jpg,94,False
4,111.jpg,94,False
4,112.jpg,86,False
4,113.jpg,98,False
4,114.jpg,92,False
4,115.jpg,97,False
4,116.jpg,90,False
4,117.jpg,98,False
4,118.jpg,95,False
4,119.jpg,94,False
4,120.jpg,91,False
4,121.jpg,98,False
4,122.jpg,93,False
4,123.jpg,96,False
4,124.jpg,92,False
4,125.jpg,98,False
4,126.jpg,94,False
4,127.jpg,99,False
4,128.jpg,91,False
4,129.jpg,95,False
4,130.jpg,94,False
4,131.jpg,98,False
4,132.jpg,90,False
4,133.jpg,98,False
4,134.jpg,90,False
4,135.jpg,98,False
4,136.jpg,95,False
4,137.jpg,98,False
4,138.jpg,90,False
4,139.jpg,98,False
4,140.jpg,90,False
4,141.jpg,98,False
4,142.jpg,94,False
4,143.jpg,94,False
4,144.jpg,92,False
4,145.jpg,98,False
4,146.jpg,90,False
4,147.jpg,98,False
4,148.jpg,88,False
4,149.jpg,98,False
4,150.jpg,92,False
4,151.jpg,98,False
4,152.jpg,89,False
4,153.jpg,96,False
4,154.jpg,90,False
4,155.jpg,99,False
4,156.jpg,92,False
4,157.jpg,100,False
4,158.jpg,90,False
4,159.jpg,96,False
4,160.jpg,91,False
4,161.jpg,95,False
4,162.jpg,94,False
4,163.jpg,100,False
4,164.jpg,94,False
4,165.jpg,98,False
4,166.jpg,92,False
4,167.jpg,98,False
4,168.jpg,93,False
4,169.jpg,95,False
4,170.jpg,92,False
4,171.jpg,100,False
4,172.jpg,95,False
4,173.jpg,100,False
4,174.jpg,90,False
4,175.jpg,95,False
4,176.jpg,90,False
4,177.jpg,98,False
4,178.jpg,89,False
4,179.jpg,100,False
4,180.jpg,92,False
4,181.jpg,92,False
4,182.jpg,90,False
4,183.jpg,98,False
4,184.jpg,91,False
4,185.jpg,98,False
4,186.jpg,93,False
4,187.jpg,98,False
4,188.jpg,92,False
4,189.jpg,98,False
4,190.jpg,90,False
4,191.jpg,100,False
4,192.jpg,98,False
4,193.jpg,98,False
4,194.jpg,94,False
4,195.jpg,95,False
4,196.jpg,89,False
4,197.jpg,98,False
4,198.jpg,90,False
4,199.jpg,100,False
4,200.jpg,93,False
4,201.jpg,98,False
4,202.jpg,91,False
4,203.jpg,100,False
4,204.jpg,90,False
4,205.jpg,98,False
4,206.jpg,86,False
4,207.jpg,98,False
4,208.jpg,94,False
4,209.jpg,98,False
4,210.jpg,90,False
4,211.jpg,98,False
4,212.jpg,94,False
4,213.jpg,100,False
4,214.jpg,94,False
4,215.jpg,94,False
4,216.jpg,90,False
4,217.jpg,100,False
4,218.jpg,92,False
4,219.jpg,98,False
4,220.jpg,92,False
4,221.jpg,95,False
4,222.jpg,94,False
4,223.jpg,98,False
4,224.jpg,95,False
4,225.jpg,98,False
4,226.jpg,90,False
4,227.jpg,100,False
4,228.jpg,90,False
4,229.jpg,99,False
4,230.jpg,92,False
4,231.jpg,94,False
4,232.jpg,97,False
4,233.jpg,98,False
4,234.jpg,89,False
4,235.jpg,97,False
4,236.jpg,95,False
4,237.jpg,98,False
4,238.jpg,92,False
4,239.jpg,95,False
4,240.jpg,93,False
4,241.jpg,96,False
4,242.jpg,89,False
4,243.jpg,100,False
4,244.jpg,90,False
4,245.jpg,98,False
4,246.jpg,90,False
4,247.jpg,100,False
4,248.jpg,89,False
4,249.jpg,98,False
4,250.jpg,88,False
4,251.jpg,98,False
4,252.jpg,94,False
4,253.jpg,98,False
4,254.jpg,97,False
4,255.jpg,95,False
4,256.jpg,90,False
4,257.jpg,98,False
4,258.jpg,93,False
4,259.jpg,92,False
4,260.jpg,89,False
4,261.jpg,95,False
4,262.jpg,89,False
4,263.jpg,98,False
4,264.jpg,95,False
4,265.jpg,94,False
4,266.jpg,95,False
4,267.jpg,95,False
4,268.jpg,92,False
4,269.jpg,98,False
4,270.jpg,92,False
4,271.jpg,95,False
4,272.jpg,90,False
4,273.jpg,98,False
4,274.jpg,93,False
4,275.jpg,96,False
4,276.jpg,93,False
4,277.jpg,95,False
4,278.jpg,93,False
4,279.jpg,94,False
4,280.jpg,94,False
4,281.jpg,98,False
4,282.jpg,89,False
4,283.jpg,98,False
4,284.jpg,90,False
4,285.jpg,98,False
4,286.jpg,92,False
4,287.jpg,94,False
4,288.jpg,90,False
4,289.jpg,98,False
4,290.jpg,92,False
4,291.jpg,97,False
4,292.jpg,86,False
4,293.jpg,98,False
4,294.jpg,94,False
4,295.jpg,98,False
4,296.jpg,88,False
4,297.jpg,98,False
4,298.jpg,89,False
4,299.jpg,98,False
4,300.jpg,108,False
4,301.jpg,111,False
4,302.jpg,86,False
4,303.jpg,98,False
4,304.jpg,92,False
4,305.jpg,95,False
4,306.jpg,90,False
4,307.jpg,98,False
4,308.jpg,90,False
4,309.jpg,100,False
4,310.jpg,94,False
4,311.jpg,94,False
4,312.jpg,92,False
4,313.jpg,98,False
4,314.jpg,92,False
4,315.jpg,98,False
4,316.jpg,92,False
4,317.jpg,94,False
4,318.jpg,95,False
4,319.jpg,98,False
4,320.jpg,90,False
4,321.jpg,98,False
4,322.jpg,89,False
4,323.jpg,98,False
4,324.jpg,95,False
4,325.jpg,95,False
4,326.jpg,87,False
4,327.jpg,98,False
4,328.jpg,88,False
4,329.jpg,100,False
4,330.jpg,92,False
4,331.jpg,98,False
4,332.jpg,90,False
4,333.jpg,100,False
4,334.jpg,94,False
4,335.jpg,95,False
4,336.jpg,94,False
4,337.jpg,94,False
4,338.jpg,92,False
4,339.jpg,98,False
4,340.jpg,89,False
4,341.jpg,98,False
4,342.jpg,89,False
4,343.jpg,98,False
4,344.jpg,89,False
4,345.jpg,98,False
4,346.jpg,92,False
4,347.jpg,98,False
4,348.jpg,92,False
4,349.jpg,96,False
4,350.jpg,89,False
4,351.jpg,97,False
4,352.jpg,92,False
4,353.jpg,98,False
4,354.jpg,95,False
4,355.jpg,98,False
4,356.jpg,92,False
4,357.jpg,98,False
4,358.jpg,92,False
4,359.jpg,98,False
4,360.jpg,95,False
4,361.jpg,98,False
4,362.jpg,89,False
4,363.jpg,95,False
4,364.jpg,98,False
4,365.jpg,98,False
4,366.jpg,90,False
4,367.jpg,98,False
4,368.jpg,95,False
4,369.jpg,98,False
4,370.jpg,92,False
4,371.jpg,98,False
4,372.jpg,92,False
4,373.jpg,98,False
4,374.jpg,86,False
4,375.jpg,98,False
4,376.jpg,92,False
4,377.jpg,98,False
4,378.jpg,92,False
4,379.jpg,100,False
4,380.jpg,92,False
4,381.jpg,95,False
4,382.jpg,95,False
4,383.jpg,94,False
4,384.jpg,90,False
4,385.jpg,100,False
4,386.jpg,92,False
4,387.jpg,98,False
4,388.jpg,92,False
4,389.jpg,97,False
4,390.jpg,95,False
4,391.jpg,98,False
4,392.jpg,89,False
4,393.jpg,100,False
4,394.jpg,90,False
4,395.jpg,98,False
4,396.jpg,94,False
4,397.jpg,95,False
4,398.jpg,90,False
4,399.jpg,98,False
4,400.jpg,92,False
4,401.jpg,98,False
4,402.jpg,98,False
4,403.jpg,98,False
4,404.jpg,92,False
4,405.jpg,98,False
4,406.jpg,92,False
4,407.jpg,95,False
4,408.jpg,92,False
4,409.jpg,94,False
4,410.jpg,90,False
4,411.jpg,98,False
4,412.jpg,92,False
4,413.jpg,98,False
4,414.jpg,93,False
4,415.jpg,94,False
4,416.jpg,93,False
4,417.jpg,98,False
4,418.jpg,95,False
4,419.jpg,98,False
4,420.jpg,92,False
4,421.jpg,100,False
4,422.jpg,90,False
4,423.jpg,96,False
4,424.jpg,90,False
4,425.jpg,97,False
4,426.jpg,94,False
4,427.jpg,98,False
4,428.jpg,90,False
4,429.jpg,98,False
4,430.jpg,93,False
4,431.jpg,98,False
4,432.jpg,92,False
4,433.jpg,98,False
4,434.jpg,88,False
4,435.jpg,98,False
4,436.jpg,90,False
4,437.jpg,100,False
4,438.jpg,90,False
4,439.jpg,100,False
4,440.jpg,95,False
4,441.jpg,98,False
4,442.jpg,92,False
4,443.jpg,98,False
4,444.jpg,92,False
4,445.jpg,94,False
4,446.jpg,92,False
4,447.jpg,92,False
4,448.jpg,89,False
4,449.jpg,98,False
4,450.jpg,92,False
4,451.jpg,98,False
4,452.jpg,94,False
4,453.jpg,95,False
4,454.jpg,93,False
4,455.jpg,98,False
4,456.jpg,90,False
4,457.jpg,98,False
4,458.jpg,88,False
4,459.jpg,98,False
4,460.jpg,95,False
4,461.jpg,95,False
4,462.jpg,90,False
4,463.jpg,98,False
4,464.jpg,94,False
4,465.jpg,94,False
4,466.jpg,95,False
4,467.jpg,98,False
4,468.jpg,95,False
4,469.jpg,98,False
4,470.jpg,95,False
4,471.jpg,95,False
4,472.jpg,89,False
4,473.jpg,98,False
4,474.jpg,92,False
4,475.jpg,98,False
4,476.jpg,94,False
4,477.jpg,96,False
4,478.jpg,89,False
4,479.jpg,98,False
4,480.jpg,92,False
4,481.jpg,95,False
4,482.jpg,90,False
4,483.jpg,98,False
4,484.jpg,94,False
4,485.jpg,100,False
4,486.jpg,92,False
4,487.jpg,94,False
4,488.jpg,93,False
4,489.jpg,98,False
4,490.jpg,101,False
4,491.jpg,110,False
4,492.jpg,90,False
4,493.jpg,95,False
4,494.jpg,90,False
4,495.jpg,98,False
4,496.jpg,94,False
4,497.jpg,95,False
4,498.jpg,92,False
4,499.jpg,94,False
4,500.jpg,92,False
4,501.jpg,98,False
4,502.jpg,92,False
4,503.jpg,98,False
4,504.jpg,92,False
4,505.jpg,100,False
4,506.jpg,92,False
4,507.jpg,97,False
4,508.jpg,90,False
4,509.jpg,98,False
4,510.jpg,92,False
4,511.jpg,94,False
4,512.jpg,90,False
4,513.jpg,95,False
4,514.jpg,92,False
4,515.jpg,98,False
4,516.jpg,90,False
4,517.jpg,98,False
4,518.jpg,90,False
4,519.jpg,98,False
4,520.jpg,95,False
4,521.jpg,98,False
4,522.jpg,92,False
4,523.jpg,98,False
4,524.jpg,90,False
4,525.jpg,94,False
4,526.jpg,92,False
4,527.jpg,98,False
4,528.jpg,97,False
4,529.jpg,98,False
4,530.jpg,90,False
4,531.jpg,98,False
4,532.jpg,90,False
4,533.jpg,94,False
4,534.jpg,97,False
4,535.jpg,100,False
4,536.jpg,90,False
4,537.jpg,98,False
4,538.jpg,94,False
4,539.jpg,95,False
4,540.jpg,89,False
4,541.jpg,98,False
4,542.jpg,92,False
4,543.jpg,95,False
4,544.jpg,92,False
4,545.jpg,97,False
4,546.jpg,90,False
4,547.jpg,100,False
4,548.jpg,92,False
4,549.jpg,98,False
4,550.jpg,92,False
4,551.jpg,98,False
4,552.jpg,92,False
4,553.jpg,99,False
4,554.jpg,90,False
4,555.jpg,98,False
4,556.jpg,90,False
4,557.jpg,98,False
4,558.jpg,89,False
4,559.jpg,95,False
4,560.jpg,92,False
4,561.jpg,98,False
4,562.jpg,92,False
4,563.jpg,94,False
4,564.jpg,95,False
4,565.jpg,95,False
4,566.jpg,95,False
4,567.jpg,98,False
4,568.jpg,88,False
4,569.jpg,98,False
4,570.jpg,94,False
4,571.jpg,98,False
4,572.jpg,92,False
4,573.jpg,96,False
4,574.jpg,89,False
4,575.jpg,98,False
4,576.jpg,90,False
4,577.jpg,98,False
4,578.jpg,90,False
4,579.jpg,98,False
4,580.jpg,92,False
4,581.jpg,98,False
4,582.jpg,92,False
4,583.jpg,94,False
4,584.jpg,94,False
4,585.jpg,94,False
4,586.jpg,92,False
4,587.jpg,97,False
4,588.jpg,89,False
4,589.jpg,97,False
4,590.jpg,93,False
4,591.jpg,98,False
4,592.jpg,92,False
4,593.jpg,98,False
4,594.jpg,91,False
4,595.jpg,98,False
4,596.jpg,90,False
4,597.jpg,98,False
4,598.jpg,92,False
4,599.jpg,98,False
4,600.jpg,98,False
4,601.jpg,94,False
4,602.jpg,90,False
4,603.jpg,98,False
4,604.jpg,90,False
4,605.jpg,100,False
4,606.jpg,88,False
4,607.jpg,98,False
4,608.jpg,94,False
4,609.jpg,94,False
4,610.jpg,92,False
4,611.jpg,98,False
4,612.jpg,95,False
4,613.jpg,94,False
4,614.jpg,90,False
4,615.jpg,97,False
4,616.jpg,94,False
4,617.jpg,95,False
4,618.jpg,89,False
4,619.jpg,98,False
4,620.jpg,87,False
4,621.jpg,98,False
4,622.jpg,87,False
4,623.jpg,98,False
4,624.jpg,92,False
4,625.jpg,94,False
4,626.jpg,92,False
4,627.jpg,95,False
4,628.jpg,92,False
4,629.jpg,98,False
4,630.jpg,92,False
4,631.jpg,98,False
4,632.jpg,92,False
4,633.jpg,98,False
4,634.jpg,98,False
4,635.jpg,94,False
4,636.jpg,90,False
4,637.jpg,98,False
4,638.jpg,51,True
4,639.jpg,105,False
4,640.jpg,92,False
4,641.jpg,94,False
4,642.jpg,94,False
4,643.jpg,98,False
4,644.jpg,95,False
4,645.jpg,98,False
4,646.jpg,92,False
4,647.jpg,96,False
4,648.jpg,93,False
4,649.jpg,95,False
4,650.jpg,92,False
4,651.jpg,94,False
4,652.jpg,90,False
4,653.jpg,98,False
4,654.jpg,92,False
4,655.jpg,98,False
4,656.jpg,92,False
4,657.jpg,98,False
4,658.jpg,94,False
4,659.jpg,98,False
4,660.jpg,92,False
4,661.jpg,98,False
4,662.jpg,95,False
4,663.jpg,94,False
4,664.jpg,92,False
4,665.jpg,97,False
4,666.jpg,93,False
4,667.jpg,94,False
4,668.jpg,90,False
4,669.jpg,100,False
4,670.jpg,89,False
4,671.jpg,100,False
4,672.jpg,87,False
4,673.jpg,94,False
4,674.jpg,91,False
4,675.jpg,98,False
4,676.jpg,92,False
4,677.jpg,98,False
4,678.jpg,90,False
4,679.jpg,95,False
4,680.jpg,92,False
4,681.jpg,96,False
4,682.jpg,89,False
4,683.jpg,100,False
4,684.jpg,95,False
4,685.jpg,96,False
4,686.jpg,94,False
4,687.jpg,98,False
4,688.jpg,92,False
4,689.jpg,98,False
4,690.jpg,92,False
4,691.jpg,98,False
4,692.jpg,94,False
4,693.jpg,95,False
4,694.jpg,95,False
4,695.jpg,98,False
4,696.jpg,92,False
4,697.jpg,97,False
4,698.jpg,92,False
4,699.jpg,98,False
4,700.jpg,92,False
4,701.jpg,98,False
4,702.jpg,106,False
4,703.jpg,108,False
4,704.jpg,90,False
4,705.jpg,98,False
4,706.jpg,90,False
4,707.jpg,95,False
4,708.jpg,92,False
4,709.jpg,96,False
4,710.jpg,90,False
4,711.jpg,98,False
4,712.jpg,92,False
4,713.jpg,94,False
4,714.jpg,92,False
4,715.jpg,97,False
4,716.jpg,90,False
4,717.jpg,98,False
4,718.jpg,94,False
4,719.jpg,98,False
4,720.jpg,90,False
4,721.jpg,98,False
4,722.jpg,92,False
4,723.jpg,94,False
4,724.jpg,90,False
4,725.jpg,98,False
4,726.jpg,93,False
4,727.jpg,98,False
4,728.jpg,92,False
4,729.jpg,100,False
4,730.jpg,92,False
4,731.jpg,98,False
4,732.jpg,92,False
4,733.jpg,94,False
4,734.jpg,90,False
4,735.jpg,98,False
4,736.jpg,92,False
4,737.jpg,95,False
4,738.jpg,94,False
4,739.jpg,99,False
4,740.jpg,92,False
4,741.jpg,98,False
4,742.jpg,90,False
4,743.jpg,98,False
4,744.jpg,90,False
4,745.jpg,98,False
4,746.jpg,92,False
4,747.jpg,98,False
4,748.jpg,92,False
4,749.jpg,94,False
4,750.jpg,91,False
4,751.jpg,98,False
4,752.jpg,92,False
4,753.jpg,98,False
4,754.jpg,92,False
4,755.jpg,98,False
4,756.jpg,89,False
4,757.jpg,95,False
4,758.jpg,90,False
4,759.jpg,95,False
4,760.jpg,92,False
4,761.jpg,98,False
4,762.jpg,90,False
4,763.jpg,98,False
4,764.jpg,92,False
4,765.jpg,97,False
4,766.jpg,109,False
4,767.jpg,108,False
4,768.jpg,95,False
4,769.jpg,98,False
4,770.jpg,92,False
4,771.jpg,96,False
4,772.jpg,90,False
4,773.jpg,98,False
4,774.jpg,89,False
4,775.jpg,97,False
4,776.jpg,95,False
4,777.jpg,98,False
4,778.jpg,95,False
4,779.jpg,94,False
4,780.jpg,89,False
4,781.jpg,97,False
4,782.jpg,90,False
4,783.jpg,98,False
4,784.jpg,91,False
4,785.jpg,98,False
4,786.jpg,89,False
4,787.jpg,98,False
4,788.jpg,89,False
4,789.jpg,96,False
4,790.jpg,92,False
4,791.jpg,98,False
4,792.jpg,92,False
4,793.jpg,94,False
4,794.jpg,94,False
4,795.jpg,98,False
4,796.jpg,56,True
4,797.jpg,105,False
4,798.jpg,90,False
4,799.jpg,98,False
4,800.jpg,92,False
4,801.jpg,94,False
4,802.jpg,90,False
4,803.jpg,98,False
4,804.jpg,92,False
4,805.jpg,98,False
4,806.jpg,90,False
4,807.jpg,98,False
4,808.jpg,94,False
4,809.jpg,98,False
4,810.jpg,93,False
4,811.jpg,94,False
4,812.jpg,92,False
4,813.jpg,98,False
4,814.jpg,92,False
4,815.jpg,98,False
4,816.jpg,95,False
4,817.jpg,95,False
4,818.jpg,91,False
4,819.jpg,99,False
4,820.jpg,92,False
4,821.jpg,98,False
4,822.jpg,91,False
4,823.jpg,98,False
4,824.jpg,91,False
4,825.jpg,98,False
4,826.jpg,94,False
4,827.jpg,94,False
4,828.jpg,92,False
4,829.jpg,98,False
4,830.jpg,90,False
4,831.jpg,100,False
4,832.jpg,92,False
4,833.jpg,94,False
4,834.jpg,90,False
4,835.jpg,98,False
4,836.jpg,92,False
4,837.jpg,98,False
4,838.jpg,92,False
4,839.jpg,98,False
4,840.jpg,88,False
4,841.jpg,98,False
4,842.jpg,90,False
4,843.jpg,95,False
4,844.jpg,98,False
4,845.jpg,98,False
4,846.jpg,92,False
4,847.jpg,98,False
4,848.jpg,92,False
4,849.jpg,98,False
4,850.jpg,92,False
4,851.jpg,98,False
4,852.jpg,90,False
4,853.jpg,100,False
4,854.jpg,92,False
4,855.jpg,98,False
4,856.jpg,90,False
4,857.jpg,98,False
4,858.jpg,90,False
4,859.jpg,98,False
4,860.jpg,90,False
4,861.jpg,99,False
4,862.jpg,91,False
4,863.jpg,98,False
4,864.jpg,94,False
4,865.jpg,97,False
4,866.jpg,92,False
4,867.jpg,95,False
4,868.jpg,90,False
4,869.jpg,98,False
4,870.jpg,90,False
4,871.jpg,98,False
4,872.jpg,93,False
4,873.jpg,98,False
4,874.jpg,90,False
4,875.jpg,98,False
4,876.jpg,94,False
4,877.jpg,100,False
4,878.jpg,89,False
4,879.jpg,94,False
4,880.jpg,90,False
4,881.jpg,100,False
4,882.jpg,90,False
4,883.jpg,98,False
4,884.jpg,92,False
4,885.jpg,98,False
4,886.jpg,95,False
4,887.jpg,98,False
4,888.jpg,94,False
4,889.jpg,97,False
4,890.jpg,92,False
4,891.jpg,95,False
4,892.jpg,92,False
4,893.jpg,98,False
4,894.jpg,92,False
4,895.jpg,98,False
4,896.jpg,94,False
4,897.jpg,98,False
4,898.jpg,92,False
4,899.jpg,94,False
4,900.jpg,92,False
4,901.jpg,96,False
4,902.jpg,92,False
4,903.jpg,98,False
4,904.jpg,92,False
4,905.jpg,98,False
4,906.jpg,92,False
4,907.jpg,98,False
4,908.jpg,94,False
4,909.jpg,98,False
4,910.jpg,94,False
4,911.jpg,95,False
4,912.jpg,92,False
4,913.jpg,97,False
4,914.jpg,92,False
4,915.jpg,94,False
4,916.jpg,92,False
4,917.jpg,98,False
4,918.jpg,90,False
4,919.jpg,98,False
4,920.jpg,92,False
4,921.jpg,98,False
4,922.jpg,89,False
4,923.jpg,98,False
4,924.jpg,92,False
4,925.jpg,98,False
4,926.jpg,90,False
4,927.jpg,94,False
4,928.jpg,90,False
4,929.jpg,98,False
4,930.jpg,97,False
4,931.jpg,98,False
4,932.jpg,92,False
4,933.jpg,95,False
4,934.jpg,94,False
4,935.jpg,98,False
4,936.jpg,94,False
4,937.jpg,94,False
4,938.jpg,90,False
4,939.jpg,98,False
4,940.jpg,94,False
4,941.jpg,94,False
4,942.jpg,96,False
4,943.jpg,98,False
4,944.jpg,90,False
4,945.jpg,98,False
4,946.jpg,98,False
4,947.jpg,100,False
4,948.jpg,92,False
4,949.jpg,94,False
4,950.jpg,92,False
4,951.jpg,98,False
4,952.jpg,92,False
4,953.jpg,97,False
4,954.jpg,98,False
4,955.jpg,98,False
4,956.jpg,90,False
4,957.jpg,100,False
4,958.jpg,92,False
4,959.jpg,98,False
4,960.jpg,93,False
4,961.jpg,96,False
4,962.jpg,92,False
4,963.jpg,98,False
4,964.jpg,92,False
4,965.jpg,97,False
4,966.jpg,94,False
4,967.jpg,94,False
4,968.jpg,90,False
4,969.jpg,98,False
4,970.jpg,92,False
4,971.jpg,98,False
4,972.jpg,92,False
4,973.jpg,98,False
4,974.jpg,94,False
4,975.jpg,94,False
4,976.jpg,91,False
4,977.jpg,94,False
4,978.jpg,92,False
4,979.jpg,99,False
4,980.jpg,92,False
4,981.jpg,95,False
4,982.jpg,94,False
4,983.jpg,95,False
4,984.jpg,92,False
4,985.jpg,100,False
4,986.jpg,90,False
4,987.jpg,98,False
4,988.jpg,97,False
4,989.jpg,96,False
4,990.jpg,90,False
4,991.jpg,98,False
4,992.jpg,90,False
4,993.jpg,98,False
4,994.jpg,92,False
4,995.jpg,98,False
4,996.jpg,90,False
4,997.jpg,95,False
4,998.jpg,92,False
4,999.jpg,98,False
4,1000.jpg,90,False
4,1001.jpg,96,False
4,1002.jpg,92,False
4,1003.jpg,97,False
4,1004.jpg,92,False
4,1005.jpg,96,False
4,1006.jpg,94,False
4,1007.jpg,94,False
4,1008.jpg,94,False
4,1009.jpg,96,False
4,1010.jpg,90,False
4,1011.jpg,100,False
4,1012.jpg,89,False
4,1013.jpg,98,False
4,1014.jpg,93,False
4,1015.jpg,94,False
4,1016.jpg,94,False
4,1017.jpg,98,False
4,1018.jpg,90,False
4,1019.jpg,98,False
4,1020.jpg,92,False
4,1021.jpg,98,False
4,1022.jpg,90,False
4,1023.jpg,98,False
4,1024.jpg,92,False
4,1025.jpg,98,False
4,1026.jpg,90,False
4,1027.jpg,98,False
4,1028.jpg,89,False
4,1029.jpg,98,False
4,1030.jpg,94,False
4,1031.jpg,94,False
4,1032.jpg,89,False
4,1033.jpg,100,False
4,1034.jpg,90,False
4,1035.jpg,100,False
4,1036.jpg,92,False
4,1037.jpg,95,False
4,1038.jpg,90,False
4,1039.jpg,96,False
4,1040.jpg,89,False
4,1041.jpg,98,False
4,1042.jpg,89,False
4,1043.jpg,100,False
4,1044.jpg,92,False
4,1045.jpg,98,False
4,1046.jpg,89,False
4,1047.jpg,98,False
4,1048.jpg,92,False
4,1049.jpg,97,False
4,1050.jpg,91,False
4,1051.jpg,96,False
4,1052.jpg,89,False
4,1053.jpg,98,False
4,1054.jpg,92,False
4,1055.jpg,94,False
4,1056.jpg,93,False
4,1057.jpg,95,False
4,1058.jpg,92,False
4,1059.jpg,94,False
4,1060.jpg,90,False
4,1061.jpg,98,False
4,1062.jpg,85,True
4,1063.jpg,98,False
4,1064.jpg,89,False
4,1065.jpg,98,False
4,1066.jpg,89,False
4,1067.jpg,98,False
4,1068.jpg,92,False
4,1069.jpg,100,False
4,1070.jpg,90,False
4,1071.jpg,98,False
4,1072.jpg,92,False
4,1073.jpg,98,False
4,1074.jpg,89,False
4,1075.jpg,98,False
4,1076.jpg,94,False
4,1077.jpg,98,False
4,1078.jpg,92,False
4,1079.jpg,98,False
4,1080.jpg,92,False
4,1081.jpg,100,False
4,1082.jpg,94,False
4,1083.jpg,94,False
4,1084.jpg,95,False
4,1085.jpg,97,False
4,1086.jpg,93,False
4,1087.jpg,98,False
4,1088.jpg,92,False
4,1089.jpg,97,False
4,1090.jpg,90,False
4,1091.jpg,98,False
4,1092.jpg,92,False
4,1093.jpg,94,False
4,1094.jpg,90,False
4,1095.jpg,98,False
4,1096.jpg,92,False
4,1097.jpg,98,False
4,1098.jpg,89,False
4,1099.jpg,95,False
4,1100.jpg,86,False
4,1101.jpg,98,False
4,1102.jpg,92,False
4,1103.jpg,98,False
4,1104.jpg,89,False
4,1105.jpg,98,False
4,1106.jpg,91,False
4,1107.jpg,98,False
4,1108.jpg,92,False
4,1109.jpg,95,False
4,1110.jpg,90,False
4,1111.jpg,100,False
4,1112.jpg,94,False
4,1113.jpg,95,False
4,1114.jpg,92,False
4,1115.jpg,98,False
4,1116.jpg,92,False
4,1117.jpg,97,False
4,1118.jpg,92,False
4,1119.jpg,98,False
4,1120.jpg,90,False
4,1121.jpg,100,False
4,1122.jpg,93,False
4,1123.jpg,95,False
4,1124.jpg,94,False
4,1125.jpg,94,False
4,1126.jpg,94,False
4,1127.jpg,98,False
4,1128.jpg,92,False
4,1129.jpg,98,False
4,1130.jpg,95,False
4,1131.jpg,98,False
4,1132.jpg,92,False
4,1133.jpg,92,False
4,1134.jpg,92,False
4,1135.jpg,97,False
4,1136.jpg,89,False
4,1137.jpg,100,False
4,1138.jpg,97,False
4,1139.jpg,95,False
4,1140.jpg,90,False
4,1141.jpg,98,False
4,1142.jpg,90,False
4,1143.jpg,98,False
4,1144.jpg,88,False
4,1145.jpg,98,False
4,1146.jpg,92,False
4,1147.jpg,95,False
4,1148.jpg,94,False
4,1149.jpg,95,False
4,1150.jpg,95,False
4,1151.jpg,94,False
4,1152.jpg,93,False
4,1153.jpg,98,False
4,1154.jpg,90,False
4,1155.jpg,98,False
4,1156.jpg,96,False
4,1157.jpg,96,False
4,1158.jpg,94,False
4,1159.jpg,98,False
4,1160.jpg,89,False
4,1161.jpg,96,False
4,1162.jpg,89,False
4,1163.jpg,98,False
4,1164.jpg,90,False
4,1165.jpg,98,False
4,1166.jpg,90,False
4,1167.jpg,98,False
4,1168.jpg,90,False
4,1169.jpg,100,False
4,1170.jpg,92,False
4,1171.jpg,100,False
4,1172.jpg,93,False
4,1173.jpg,95,False
4,1174.jpg,92,False
4,1175.jpg,100,False
4,1176.jpg,92,False
4,1177.jpg,98,False
4,1178.jpg,93,False
4,1179.jpg,98,False
4,1180.jpg,90,False
4,1181.jpg,100,False
4,1182.jpg,89,False
4,1183.jpg,98,False
4,1184.jpg,92,False
4,1185.jpg,97,False
4,1186.jpg,90,False
4,1187.jpg,95,False
4,1188.jpg,90,False
4,1189.jpg,98,False
4,1190.jpg,92,False
4,1191.jpg,98,False
4,1192.jpg,90,False
4,1193.jpg,100,False
4,1194.jpg,93,False
4,1195.jpg,98,False
4,1196.jpg,92,False
4,1197.jpg,94,False
4,1198.jpg,90,False
4,1199.jpg,100,False
4,1200.jpg,90,False
4,1201.jpg,100,False
4,1202.jpg,90,False
4,1203.jpg,98,False
4,1204.jpg,91,False
4,1205.jpg,98,False
4,1206.jpg,92,False
4,1207.jpg,98,False
4,1208.jpg,95,False
4,1209.jpg,98,False
4,1210.jpg,92,False
4,1211.jpg,98,False
4,1212.jpg,93,False
4,1213.jpg,95,False
4,1214.jpg,92,False
4,1215.jpg,98,False
4,1216.jpg,87,False
4,1217.jpg,98,False
4,1218.jpg,95,False
4,1219.jpg,98,False
4,1220.jpg,94,False
4,1221.jpg,96,False
4,1222.jpg,90,False
4,1223.jpg,98,False
4,1224.jpg,92,False
4,1225.jpg,98,False
4,1226.jpg,88,False
4,1227.jpg,98,False
4,1228.jpg,92,False
4,1229.jpg,95,False
4,1230.jpg,93,False
4,1231.jpg,98,False
4,1232.jpg,94,False
4,1233.jpg,94,False
4,1234.jpg,94,False
4,1235.jpg,94,False
4,1236.jpg,92,False
4,1237.jpg,95,False
4,1238.jpg,92,False
4,1239.jpg,98,False
4,1240.jpg,90,False
4,1241.jpg,99,False
4,1242.jpg,94,False
4,1243.jpg,97,False
4,1244.jpg,90,False
4,1245.jpg,98,False
4,1246.jpg,90,False
4,1247.jpg,98,False
4,1248.jpg,92,False
4,1249.jpg,98,False
4,1250.jpg,92,False
4,1251.jpg,98,False
4,1252.jpg,94,False
4,1253.jpg,94,False
4,1254.jpg,91,False
4,1255.jpg,98,False
4,1256.jpg,90,False
4,1257.jpg,98,False
4,1258.jpg,88,False
4,1259.jpg,100,False
4,1260.jpg,94,False
4,1261.jpg,95,False
4,1262.jpg,92,False
4,1263.jpg,98,False
4,1264.jpg,90,False
4,1265.jpg,100,False
4,1266.jpg,90,False
4,1267.jpg,100,False
4,1268.jpg,90,False
4,1269.jpg,98,False
4,1270.jpg,88,False
4,1271.jpg,98,False
4,1272.jpg,92,False
4,1273.jpg,98,False
4,1274.jpg,95,False
4,1275.jpg,98,False
4,1276.jpg,93,False
4,1277.jpg,94,False
4,1278.jpg,90,False
4,1279.jpg,98,False
4,1280.jpg,90,False
4,1281.jpg,98,False
4,1282.jpg,89,False
4,1283.jpg,98,False
4,1284.jpg,90,False
4,1285.jpg,98,False
4,1286.jpg,88,False
4,1287.jpg,99,False
4,1288.jpg,94,False
4,1289.jpg,100,False
4,1290.jpg,90,False
4,1291.jpg,98,False
4,1292.jpg,92,False
4,1293.jpg,100,False
4,1294.jpg,90,False
4,1295.jpg,98,False
4,1296.jpg,90,False
4,1297.jpg,98,False
4,1298.jpg,92,False
4,1299.jpg,95,False
4,1300.jpg,90,False
4,1301.jpg,98,False
4,1302.jpg,92,False
4,1303.jpg,98,False
4,1304.jpg,90,False
4,1305.jpg,99,False
4,1306.jpg,95,False
4,1307.jpg,100,False
4,1308.jpg,92,False
4,1309.jpg,95,False
4,1310.jpg,94,False
4,1311.jpg,95,False
4,1312.jpg,92,False
4,1313.jpg,96,False
4,1314.jpg,93,False
4,1315.jpg,98,False
4,1316.jpg,86,False
4,1317.jpg,98,False
4,1318.jpg,95,False
4,1319.jpg,98,False
4,1320.jpg,94,False
4,1321.jpg,98,False
4,1322.jpg,91,False
4,1323.jpg,99,False
4,1324.jpg,90,False
4,1325.jpg,99,False
4,1326.jpg,93,False
4,1327.jpg,96,False
4,1328.jpg,88,False
4,1329.jpg,98,False
4,1330.jpg,94,False
4,1331.jpg,94,False
4,1332.jpg,92,False
4,1333.jpg,95,False
4,1334.jpg,92,False
4,1335.jpg,98,False
4,1336.jpg,92,False
4,1337.jpg,98,False
4,1338.jpg,104,False
4,1339.jpg,110,False
4,1340.jpg,92,False
4,1341.jpg,98,False
4,1342.jpg,90,False
4,1343.jpg,100,False
4,1344.jpg,91,False
4,1345.jpg,95,False
4,1346.jpg,90,False
4,1347.jpg,98,False
4,1348.jpg,90,False
4,1349.jpg,98,False
4,1350.jpg,94,False
4,1351.jpg,98,False
4,1352.jpg,90,False
4,1353.jpg,98,False
4,1354.jpg,94,False
4,1355.jpg,98,False
4,1356.jpg,92,False
4,1357.jpg,98,False
4,1358.jpg,95,False
4,1359.jpg,98,False
4,1360.jpg,90,False
4,1361.jpg,98,False
4,1362.jpg,90,False
4,1363.jpg,98,False
4,1364.jpg,90,False
4,1365.jpg,98,False
4,1366.jpg,92,False
4,1367.jpg,98,False
4,1368.jpg,90,False
4,1369.jpg,98,False
4,1370.jpg,95,False
4,1371.jpg,98,False
4,1372.jpg,91,False
4,1373.jpg,94,False
4,1374.jpg,92,False
4,1375.jpg,94,False
4,1376.jpg,90,False
4,1377.jpg,98,False
4,1378.jpg,92,False
4,1379.jpg,98,False
4,1380.jpg,94,False
4,1381.jpg,95,False
4,1382.jpg,61,True
4,1383.jpg,106,False
4,1384.jpg,92,False
4,1385.jpg,98,False
4,1386.jpg,90,False
4,1387.jpg,98,False
4,1388.jpg,92,False
4,1389.jpg,98,False
4,1390.jpg,90,False
4,1391.jpg,100,False
4,1392.jpg,92,False
4,1393.jpg,97,False
4,1394.jpg,94,False
4,1395.jpg,98,False
4,1396.jpg,92,False
4,1397.jpg,98,False
4,1398.jpg,90,False
4,1399.jpg,94,False
4,1400.jpg,90,False
4,1401.jpg,100,False
4,1402.jpg,90,False
4,1403.jpg,100,False
4,1404.jpg,92,False
4,1405.jpg,98,False
4,1406.jpg,94,False
4,1407.jpg,95,False
4,1408.jpg,92,False
4,1409.jpg,95,False
4,1410.jpg,90,False
4,1411.jpg,96,False
4,1412.jpg,92,False
4,1413.jpg,98,False
4,1414.jpg,89,False
4,1415.jpg,95,False
4,1416.jpg,92,False
4,1417.jpg,98,False
4,1418.jpg,91,False
4,1419.jpg,100,False
4,1420.jpg,92,False
4,1421.jpg,97,False
4,1422.jpg,91,False
4,1423.jpg,100,False
4,1424.jpg,90,False
4,1425.jpg,98,False
4,1426.jpg,90,False
4,1427.jpg,97,False
4,1428.jpg,94,False
4,1429.jpg,98,False
4,1430.jpg,92,False
4,1431.jpg,98,False
4,1432.jpg,92,False
4,1433.jpg,98,False
4,1434.jpg,95,False
4,1435.jpg,95,False
4,1436.jpg,92,False
4,1437.jpg,98,False
4,1438.jpg,95,False
4,1439.jpg,98,False
4,1440.jpg,92,False
4,1441.jpg,98,False
4,1442.jpg,95,False
4,1443.jpg,98,False
4,1444.jpg,89,False
4,1445.jpg,98,False
4,1446.jpg,90,False
4,1447.jpg,97,False
4,1448.jpg,92,False
4,1449.jpg,95,False
4,1450.jpg,92,False
4,1451.jpg,100,False
4,1452.jpg,92,False
4,1453.jpg,98,False
4,1454.jpg,92,False
4,1455.jpg,98,False
4,1456.jpg,90,False
4,1457.jpg,98,False
4,1458.jpg,88,False
4,1459.jpg,100,False
4,1460.jpg,92,False
4,1461.jpg,98,False
4,1462.jpg,92,False
4,1463.jpg,98,False
4,1464.jpg,92,False
4,1465.jpg,94,False
4,1466.jpg,91,False
4,1467.jpg,94,False
4,1468.jpg,90,False
4,1469.jpg,98,False
4,1470.jpg,91,False
4,1471.jpg,100,False
4,1472.jpg,90,False
4,1473.jpg,98,False
4,1474.jpg,90,False
4,1475.jpg,98,False
4,1476.jpg,90,False
4,1477.jpg,98,False
4,1478.jpg,92,False
4,1479.jpg,97,False
4,1480.jpg,94,False
4,1481.jpg,98,False
4,1482.jpg,89,False
4,1483.jpg,96,False
4,1484.jpg,94,False
4,1485.jpg,95,False
4,1486.jpg,90,False
4,1487.jpg,98,False
4,1488.jpg,88,False
4,1489.jpg,98,False
4,1490.jpg,90,False
4,1491.jpg,100,False
4,1492.jpg,90,False
4,1493.jpg,97,False
4,1494.jpg,94,False
4,1495.jpg,94,False
4,1496.jpg,92,False
4,1497.jpg,98,False
4,1498.jpg,92,False
4,1499.jpg,97,False
4,1500.jpg,86,False
4,1501.jpg,98,False
4,1502.jpg,90,False
4,1503.jpg,98,False
4,1504.jpg,90,False
4,1505.jpg,98,False
4,1506.jpg,93,False
4,1507.jpg,94,False
4,1508.jpg,94,False
4,1509.jpg,97,False
4,1510.jpg,89,False
4,1511.jpg,100,False
4,1512.jpg,88,False
4,1513.jpg,98,False
4,1514.jpg,92,False
4,1515.jpg,98,False
4,1516.jpg,88,False
4,1517.jpg,98,False
4,1518.jpg,91,False
4,1519.jpg,98,False
4,1520.jpg,90,False
4,1521.jpg,100,False
4,1522.jpg,88,False
4,1523.jpg,98,False
4,1524.jpg,88,False
4,1525.jpg,98,False
4,1526.jpg,92,False
4,1527.jpg,98,False
4,1528.jpg,94,False
4,1529.jpg,96,False
4,1530.jpg,94,False
4,1531.jpg,96,False
4,1532.jpg,90,False
4,1533.jpg,98,False
4,1534.jpg,89,False
4,1535.jpg,98,False
4,1536.jpg,90,False
4,1537.jpg,100,False
4,1538.jpg,88,False
4,1539.jpg,97,False
4,1540.jpg,96,False
4,1541.jpg,98,False
4,1542.jpg,95,False
4,1543.jpg,95,False
4,1544.jpg,90,False
4,1545.jpg,94,False
4,1546.jpg,92,False
4,1547.jpg,100,False
4,1548.jpg,88,False
4,1549.jpg,97,False
4,1550.jpg,89,False
4,1551.jpg,96,False
4,1552.jpg,94,False
4,1553.jpg,98,False
4,1554.jpg,95,False
4,1555.jpg,98,False
4,1556.jpg,98,False
4,1557.jpg,96,False
4,1558.jpg,96,False
4,1559.jpg,98,False
4,1560.jpg,94,False
4,1561.jpg,95,False
4,1562.jpg,90,False
4,1563.jpg,100,False
4,1564.jpg,90,False
4,1565.jpg,98,False
4,1566.jpg,90,False
4,1567.jpg,99,False
4,1568.jpg,90,False
4,1569.jpg,100,False
4,1570.jpg,90,False
4,1571.jpg,100,False
4,1572.jpg,91,False
4,1573.jpg,98,False
4,1574.jpg,88,False
4,1575.jpg,98,False
4,1576.jpg,91,False
4,1577.jpg,98,False
4,1578.jpg,91,False
4,1579.jpg,98,False
4,1580.jpg,94,False
4,1581.jpg,97,False
4,1582.jpg,90,False
4,1583.jpg,98,False
4,1584.jpg,88,False
4,1585.jpg,98,False
4,1586.jpg,92,False
4,1587.jpg,98,False
4,1588.jpg,90,False
4,1589.jpg,98,False
4,1590.jpg,92,False
4,1591.jpg,98,False
4,1592.jpg,92,False
4,1593.jpg,94,False
4,1594.jpg,92,False
4,1595.jpg,98,False
4,1596.jpg,93,False
4,1597.jpg,94,False
4,1598.jpg,90,False
4,1599.jpg,98,False
4,1600.jpg,92,False
4,1601.jpg,98,False
4,1602.jpg,89,False
4,1603.jpg,98,False
4,1604.jpg,92,False
4,1605.jpg,100,False
4,1606.jpg,90,False
4,1607.jpg,100,False
4,1608.jpg,90,False
4,1609.jpg,98,False
4,1610.jpg,92,False
4,1611.jpg,98,False
4,1612.jpg,93,False
4,1613.jpg,95,False
4,1614.jpg,92,False
4,1615.jpg,98,False
4,1616.jpg,90,False
4,1617.jpg,100,False
4,1618.jpg,92,False
4,1619.jpg,98,False
4,1620.jpg,91,False
4,1621.jpg,98,False
4,1622.jpg,94,False
4,1623.jpg,98,False
4,1624.jpg,93,False
4,1625.jpg,98,False
4,1626.jpg,92,False
4,1627.jpg,95,False
4,1628.jpg,89,False
4,1629.jpg,98,False
4,1630.jpg,88,False
4,1631.jpg,99,False
4,1632.jpg,89,False
4,1633.jpg,98,False
4,1634.jpg,92,False
4,1635.jpg,98,False
4,1636.jpg,94,False
4,1637.jpg,98,False
4,1638.jpg,90,False
4,1639.jpg,98,False
4,1640.jpg,92,False
4,1641.jpg,98,False
4,1642.jpg,90,False
4,1643.jpg,98,False
4,1644.jpg,93,False
4,1645.jpg,98,False
4,1646.jpg,90,False
4,1647.jpg,98,False
4,1648.jpg,90,False
4,1649.jpg,98,False
4,1650.jpg,90,False
4,1651.jpg,100,False
4,1652.jpg,90,False
4,1653.jpg,98,False
4,1654.jpg,87,False
4,1655.jpg,98,False
4,1656.jpg,92,False
4,1657.jpg,94,False
4,1658.jpg,93,False
4,1659.jpg,98,False
4,1660.jpg,92,False
4,1661.jpg,98,False
4,1662.jpg,90,False
4,1663.jpg,98,False
4,1664.jpg,91,False
4,1665.jpg,98,False
4,1666.jpg,92,False
4,1667.jpg,98,False
4,1668.jpg,89,False
4,1669.jpg,98,False
4,1670.jpg,92,False
4,1671.jpg,98,False
4,1672.jpg,92,False
4,1673.jpg,94,False
4,1674.jpg,94,False
4,1675.jpg,97,False
4,1676.jpg,94,False
4,1677.jpg,98,False
4,1678.jpg,94,False
4,1679.jpg,100,False
4,1680.jpg,94,False
4,1681.jpg,95,False
4,1682.jpg,93,False
4,1683.jpg,98,False
4,1684.jpg,90,False
4,1685.jpg,98,False
4,1686.jpg,92,False
4,1687.jpg,98,False
4,1688.jpg,92,False
4,1689.jpg,98,False
4,1690.jpg,94,False
4,1691.jpg,94,False
4,1692.jpg,90,False
4,1693.jpg,98,False
4,1694.jpg,90,False
4,1695.jpg,98,False
4,1696.jpg,92,False
4,1697.jpg,95,False
4,1698.jpg,93,False
4,1699.jpg,94,False
4,1700.jpg,91,False
4,1701.jpg,98,False
4,1702.jpg,92,False
4,1703.jpg,98,False
4,1704.jpg,90,False
4,1705.jpg,98,False
4,1706.jpg,90,False
4,1707.jpg,98,False
4,1708.jpg,92,False
4,1709.jpg,98,False
4,1710.jpg,93,False
4,1711.jpg,95,False
4,1712.jpg,92,False
4,1713.jpg,100,False
4,1714.jpg,92,False
4,1715.jpg,98,False
4,1716.jpg,89,False
4,1717.jpg,98,False
4,1718.jpg,90,False
4,1719.jpg,98,False
4,1720.jpg,90,False
4,1721.jpg,95,False
4,1722.jpg,94,False
4,1723.jpg,98,False
4,1724.jpg,94,False
4,1725.jpg,95,False
4,1726.jpg,97,False
4,1727.jpg,98,False
4,1728.jpg,92,False
4,1729.jpg,95,False
4,1730.jpg,95,False
4,1731.jpg,95,False
4,1732.jpg,89,False
4,1733.jpg,98,False
4,1734.jpg,92,False
4,1735.jpg,95,False
4,1736.jpg,95,False
4,1737.jpg,98,False
4,1738.jpg,90,False
4,1739.jpg,98,False
4,1740.jpg,92,False
4,1741.jpg,98,False
4,1742.jpg,94,False
4,1743.jpg,95,False
4,1744.jpg,92,False
4,1745.jpg,95,False
4,1746.jpg,90,False
4,1747.jpg,98,False
4,1748.jpg,92,False
4,1749.jpg,98,False
4,1750.jpg,92,False
4,1751.jpg,94,False
4,1752.jpg,90,False
4,1753.jpg,98,False
4,1754.jpg,91,False
4,1755.jpg,98,False
4,1756.jpg,91,False
4,1757.jpg,96,False
4,1758.jpg,92,False
4,1759.jpg,96,False
4,1760.jpg,91,False
4,1761.jpg,98,False
4,1762.jpg,90,False
4,1763.jpg,100,False
4,1764.jpg,90,False
4,1765.jpg,98,False
4,1766.jpg,94,False
4,1767.jpg,94,False
4,1768.jpg,95,False
4,1769.jpg,94,False
4,1770.jpg,92,False
4,1771.jpg,98,False
4,1772.jpg,90,False
4,1773.jpg,98,False
4,1774.jpg,94,False
4,1775.jpg,98,False
4,1776.jpg,92,False
4,1777.jpg,98,False
4,1778.jpg,89,False
4,1779.jpg,98,False
4,1780.jpg,95,False
4,1781.jpg,100,False
4,1782.jpg,90,False
4,1783.jpg,100,False
4,1784.jpg,89,False
4,1785.jpg,100,False
4,1786.jpg,93,False
4,1787.jpg,95,False
4,1788.jpg,89,False
4,1789.jpg,98,False
4,1790.jpg,92,False
4,1791.jpg,98,False
4,1792.jpg,95,False
4,1793.jpg,98,False
4,1794.jpg,92,False
4,1795.jpg,98,False
4,1796.jpg,94,False
4,1797.jpg,98,False
4,1798.jpg,89,False
4,1799.jpg,98,False
4,1800.jpg,92,False
4,1801.jpg,97,False
4,1802.jpg,98,False
4,1803.jpg,95,False
4,1804.jpg,90,False
4,1805.jpg,99,False
40,0.jpg,90,False
40,1.jpg,100,False
40,2.jpg,90,False
40,3.jpg,98,False
40,4.jpg,29,True
40,5.jpg,80,True
40,6.jpg,90,False
40,7.jpg,95,False
40,8.jpg,88,False
40,9.jpg,98,False
40,10.jpg,88,False
40,11.jpg,100,False
40,12.jpg,90,False
40,13.jpg,100,False
40,14.jpg,88,False
40,15.jpg,100,False
40,16.jpg,88,False
40,17.jpg,94,False
40,18.jpg,86,False
40,19.jpg,97,False
40,20.jpg,86,False
40,21.jpg,100,False
40,22.jpg,90,False
40,23.jpg,100,False
40,24.jpg,86,False
40,25.jpg,98,False
40,26.jpg,86,False
40,27.jpg,98,False
40,28.jpg,88,False
40,29.jpg,92,False
40,30.jpg,86,False
40,31.jpg,97,False
40,32.jpg,88,False
40,33.jpg,100,False
40,34.jpg,85,True
40,35.jpg,100,False
40,36.jpg,86,False
40,37.jpg,98,False
40,38.jpg,88,False
40,39.jpg,97,False
40,40.jpg,85,True
40,41.jpg,100,False
40,42.jpg,86,False
40,43.jpg,98,False
40,44.jpg,88,False
40,45.jpg,92,False
40,46.jpg,90,False
40,47.jpg,94,False
40,48.jpg,90,False
40,49.jpg,100,False
40,50.jpg,89,False
40,51.jpg,94,False
40,52.jpg,90,False
40,53.jpg,98,False
40,54.jpg,92,False
40,55.jpg,95,False
40,56.jpg,86,False
40,57.jpg,103,False
40,58.jpg,93,False
40,59.jpg,98,False
40,60.jpg,90,False
40,61.jpg,94,False
40,62.jpg,90,False
40,63.jpg,97,False
40,64.jpg,88,False
40,65.jpg,98,False
40,66.jpg,92,False
40,67.jpg,95,False
40,68.jpg,88,False
40,69.jpg,100,False
40,70.jpg,90,False
40,71.jpg,98,False
40,72.jpg,88,False
40,73.jpg,92,False
40,74.jpg,93,False
40,75.jpg,100,False
40,76.jpg,86,False
40,77.jpg,98,False
40,78.jpg,88,False
40,79.jpg,98,False
40,80.jpg,88,False
40,81.jpg,98,False
40,82.jpg,90,False
40,83.jpg,98,False
40,84.jpg,86,False
40,85.jpg,98,False
40,86.jpg,89,False
40,87.jpg,97,False
40,88.jpg,95,False
40,89.jpg,98,False
40,90.jpg,90,False
40,91.jpg,97,False
40,92.jpg,90,False
40,93.jpg,94,False
40,94.jpg,90,False
40,95.jpg,98,False
40,96.jpg,88,False
40,97.jpg,96,False
40,98.jpg,96,False
40,99.jpg,98,False
40,100.jpg,94,False
40,101.jpg,100,False
40,102.jpg,88,False
40,103.jpg,97,False
40,104.jpg,88,False
40,105.jpg,94,False
40,106.jpg,86,False
40,107.jpg,100,False
40,108.jpg,88,False
40,109.jpg,98,False
40,110.jpg,90,False
40,111.jpg,98,False
40,112.jpg,93,False
40,113.jpg,100,False
40,114.jpg,88,False
40,115.jpg,97,False
40,116.jpg,88,False
40,117.jpg,95,False
40,118.jpg,90,False
40,119.jpg,98,False
40,120.jpg,92,False
40,121.jpg,98,False
40,122.jpg,90,False
40,123.jpg,98,False
40,124.jpg,88,False
40,125.jpg,95,False
40,126.jpg,88,False
40,127.jpg,98,False
40,128.jpg,90,False
40,129.jpg,98,False
40,130.jpg,86,False
40,131.jpg,100,False
40,132.jpg,85,True
40,133.jpg,100,False
40,134.jpg,90,False
40,135.jpg,100,False
40,136.jpg,86,False
40,137.jpg,98,False
40,138.jpg,88,False
40,139.jpg,92,False
40,140.jpg,88,False
40,141.jpg,94,False
40,142.jpg,88,False
40,143.jpg,100,False
40,144.jpg,88,False
40,145.jpg,98,False
40,146.jpg,86,False
40,147.jpg,100,False
40,148.jpg,93,False
40,149.jpg,98,False
40,150.jpg,88,False
40,151.jpg,100,False
40,152.jpg,90,False
40,153.jpg,98,False
40,154.jpg,90,False
40,155.jpg,100,False
40,156.jpg,93,False
40,157.jpg,100,False
40,158.jpg,86,False
40,159.jpg,100,False
40,160.jpg,88,False
40,161.jpg,98,False
40,162.jpg,85,True
40,163.jpg,100,False
40,164.jpg,88,False
40,165.jpg,92,False
40,166.jpg,90,False
40,167.jpg,98,False
40,168.jpg,90,False
40,169.jpg,100,False
40,170.jpg,88,False
40,171.jpg,100,False
40,172.jpg,85,True
40,173.jpg,100,False
40,174.jpg,88,False
40,175.jpg,92,False
40,176.jpg,92,False
40,177.jpg,98,False
40,178.jpg,92,False
40,179.jpg,98,False
40,180.jpg,90,False
40,181.jpg,98,False
40,182.jpg,88,False
40,183.jpg,95,False
40,184.jpg,90,False
40,185.jpg,100,False
40,186.jpg,90,False
40,187.jpg,100,False
40,188.jpg,88,False
40,189.jpg,98,False
40,190.jpg,90,False
40,191.jpg,97,False
40,192.jpg,88,False
40,193.jpg,98,False
40,194.jpg,88,False
40,195.jpg,100,False
40,196.jpg,91,False
40,197.jpg,98,False
40,198.jpg,90,False
40,199.jpg,100,False
40,200.jpg,91,False
40,201.jpg,100,False
40,202.jpg,88,False
40,203.jpg,100,False
40,204.jpg,90,False
40,205.jpg,102,False
40,206.jpg,90,False
40,207.jpg,100,False
40,208.jpg,88,False
40,209.jpg,98,False
40,210.jpg,90,False
40,211.jpg,94,False
40,212.jpg,88,False
40,213.jpg,100,False
40,214.jpg,88,False
40,215.jpg,98,False
40,216.jpg,90,False
40,217.jpg,100,False
40,218.jpg,90,False
40,219.jpg,98,False
40,220.jpg,98,False
40,221.jpg,92,False
40,222.jpg,86,False
40,223.jpg,98,False
40,224.jpg,90,False
40,225.jpg,98,False
40,226.jpg,90,False
40,227.jpg,100,False
40,228.jpg,88,False
40,229.jpg,98,False
40,230.jpg,86,False
40,231.jpg,98,False
40,232.jpg,88,False
40,233.jpg,100,False
40,234.jpg,90,False
40,235.jpg,97,False
40,236.jpg,90,False
40,237.jpg,100,False
40,238.jpg,86,False
40,239.jpg,100,False
40,240.jpg,88,False
40,241.jpg,97,False
40,242.jpg,86,False
40,243.jpg,100,False
40,244.jpg,90,False
40,245.jpg,100,False
40,246.jpg,85,True
40,247.jpg,102,False
40,248.jpg,88,False
40,249.jpg,100,False
40,250.jpg,88,False
40,251.jpg,98,False
40,252.jpg,90,False
40,253.jpg,95,False
40,254.jpg,93,False
40,255.jpg,98,False
40,256.jpg,90,False
40,257.jpg,100,False
40,258.jpg,21,True
40,259.jpg,82,True
40,260.jpg,88,False
40,261.jpg,95,False
40,262.jpg,90,False
40,263.jpg,96,False
40,264.jpg,88,False
40,265.jpg,92,False
40,266.jpg,85,True
40,267.jpg,100,False
40,268.jpg,90,False
40,269.jpg,100,False
40,270.jpg,88,False
40,271.jpg,97,False
40,272.jpg,88,False
40,273.jpg,97,False
40,274.jpg,90,False
40,275.jpg,100,False
40,276.jpg,86,False
40,277.jpg,100,False
40,278.jpg,90,False
40,279.jpg,100,False
40,280.jpg,88,False
40,281.jpg,98,False
40,282.jpg,86,False
40,283.jpg,100,False
40,284.jpg,94,False
40,285.jpg,96,False
40,286.jpg,89,False
40,287.jpg,100,False
40,288.jpg,92,False
40,289.jpg,98,False
40,290.jpg,86,False
40,291.jpg,100,False
40,292.jpg,88,False
40,293.jpg,96,False
40,294.jpg,86,False
40,295.jpg,98,False
40,296.jpg,89,False
40,297.jpg,98,False
40,298.jpg,86,False
40,299.jpg,92,False
40,300.jpg,88,False
40,301.jpg,100,False
40,302.jpg,88,False
40,303.jpg,100,False
40,304.jpg,94,False
40,305.jpg,97,False
40,306.jpg,88,False
40,307.jpg,97,False
40,308.jpg,90,False
40,309.jpg,98,False
40,310.jpg,92,False
40,311.jpg,97,False
40,312.jpg,86,False
40,313.jpg,100,False
40,314.jpg,86,False
40,315.jpg,100,False
40,316.jpg,90,False
40,317.jpg,97,False
40,318.jpg,88,False
40,319.jpg,97,False
40,320.jpg,88,False
40,321.jpg,92,False
40,322.jpg,88,False
40,323.jpg,97,False
40,324.jpg,88,False
40,325.jpg,97,False
40,326.jpg,93,False
40,327.jpg,98,False
40,328.jpg,86,False
40,329.jpg,98,False
40,330.jpg,85,True
40,331.jpg,100,False
40,332.jpg,90,False
40,333.jpg,100,False
40,334.jpg,67,True
40,335.jpg,80,True
40,336.jpg,90,False
40,337.jpg,98,False
40,338.jpg,90,False
40,339.jpg,98,False
40,340.jpg,90,False
40,341.jpg,100,False
40,342.jpg,88,False
40,343.jpg,98,False
40,344.jpg,88,False
40,345.jpg,98,False
40,346.jpg,90,False
40,347.jpg,100,False
40,348.jpg,82,True
40,349.jpg,102,False
40,350.jpg,89,False
40,351.jpg,92,False
40,352.jpg,88,False
40,353.jpg,100,False
40,354.jpg,94,False
40,355.jpg,97,False
40,356.jpg,86,False
40,357.jpg,98,False
40,358.jpg,88,False
40,359.jpg,98,False
40,360.jpg,90,False
40,361.jpg,98,False
40,362.jpg,88,False
40,363.jpg,98,False
40,364.jpg,90,False
40,365.jpg,98,False
40,366.jpg,90,False
40,367.jpg,100,False
40,368.jpg,90,False
40,369.jpg,97,False
40,370.jpg,88,False
40,371.jpg,100,False
40,372.jpg,93,False
40,373.jpg,98,False
40,374.jpg,86,False
40,375.jpg,97,False
40,376.jpg,86,False
40,377.jpg,98,False
40,378.jpg,85,True
40,379.jpg,100,False
40,380.jpg,93,False
40,381.jpg,95,False
40,382.jpg,86,False
40,383.jpg,100,False
40,384.jpg,90,False
40,385.jpg,100,False
40,386.jpg,86,False
40,387.jpg,100,False
40,388.jpg,92,False
40,389.jpg,98,False
40,390.jpg,88,False
40,391.jpg,100,False
40,392.jpg,85,True
40,393.jpg,100,False
40,394.jpg,94,False
40,395.jpg,94,False
40,396.jpg,92,False
40,397.jpg,95,False
40,398.jpg,88,False
40,399.jpg,98,False
40,400.jpg,90,False
40,401.jpg,95,False
40,402.jpg,88,False
40,403.jpg,97,False
40,404.jpg,88,False
40,405.jpg,100,False
40,406.jpg,86,False
40,407.jpg,100,False
40,408.jpg,93,False
40,409.jpg,98,False
40,410.jpg,88,False
40,411.jpg,100,False
40,412.jpg,86,False
40,413.jpg,98,False
40,414.jpg,86,False
40,415.jpg,100,False
40,416.jpg,90,False
40,417.jpg,100,False
40,418.jpg,88,False
40,419.jpg,98,False
40,420.jpg,86,False
40,421.jpg,100,False
40,422.jpg,90,False
40,423.jpg,95,False
40,424.jpg,90,False
40,425.jpg,100,False
40,426.jpg,88,False
40,427.jpg,98,False
40,428.jpg,94,False
40,429.jpg,95,False
40,430.jpg,90,False
40,431.jpg,102,False
40,432.jpg,85,True
40,433.jpg,100,False
40,434.jpg,92,False
40,435.jpg,100,False
40,436.jpg,86,False
40,437.jpg,98,False
40,438.jpg,27,True
40,439.jpg,82,True
40,440.jpg,86,False
40,441.jpg,98,False
40,442.jpg,90,False
40,443.jpg,100,False
40,444.jpg,88,False
40,445.jpg,92,False
40,446.jpg,88,False
40,447.jpg,100,False
40,448.jpg,89,False
40,449.jpg,95,False
40,450.jpg,88,False
40,451.jpg,100,False
40,452.jpg,88,False
40,453.jpg,100,False
40,454.jpg,88,False
40,455.jpg,92,False
40,456.jpg,90,False
40,457.jpg,98,False
40,458.jpg,90,False
40,459.jpg,98,False
40,460.jpg,90,False
40,461.jpg,100,False
40,462.jpg,88,False
40,463.jpg,100,False
40,464.jpg,87,False
40,465.jpg,98,False
40,466.jpg,88,False
40,467.jpg,100,False
40,468.jpg,88,False
40,469.jpg,97,False
40,470.jpg,88,False
40,471.jpg,102,False
40,472.jpg,90,False
40,473.jpg,98,False
40,474.jpg,86,False
40,475.jpg,100,False
40,476.jpg,90,False
40,477.jpg,100,False
40,478.jpg,88,False
40,479.jpg,98,False
40,480.jpg,88,False
40,481.jpg,100,False
40,482.jpg,91,False
40,483.jpg,98,False
40,484.jpg,85,True
40,485.jpg,100,False
40,486.jpg,90,False
40,487.jpg,98,False
40,488.jpg,86,False
40,489.jpg,94,False
40,490.jpg,96,False
40,491.jpg,100,False
40,492.jpg,90,False
40,493.jpg,98,False
40,494.jpg,90,False
40,495.jpg,98,False
40,496.jpg,90,False
40,497.jpg,100,False
40,498.jpg,90,False
40,499.jpg,98,False
40,500.jpg,90,False
40,501.jpg,98,False
40,502.jpg,86,False
40,503.jpg,100,False
40,504.jpg,98,False
40,505.jpg,98,False
40,506.jpg,88,False
40,507.jpg,97,False
40,508.jpg,90,False
40,509.jpg,102,False
40,510.jpg,88,False
40,511.jpg,97,False
40,512.jpg,21,True
40,513.jpg,82,True
40,514.jpg,98,False
40,515.jpg,98,False
40,516.jpg,90,False
40,517.jpg,100,False
40,518.jpg,92,False
40,519.jpg,94,False
40,520.jpg,86,False
40,521.jpg,102,False
40,522.jpg,88,False
40,523.jpg,100,False
40,524.jpg,88,False
40,525.jpg,98,False
40,526.jpg,90,False
40,527.jpg,97,False
40,528.jpg,86,False
40,529.jpg,100,False
40,530.jpg,93,False
40,531.jpg,95,False
40,532.jpg,88,False
40,533.jpg,98,False
40,534.jpg,88,False
40,535.jpg,98,False
40,536.jpg,88,False
40,537.jpg,102,False
40,538.jpg,88,False
40,539.jpg,102,False
40,540.jpg,86,False
40,541.jpg,97,False
40,542.jpg,88,False
40,543.jpg,98,False
40,544.jpg,90,False
40,545.jpg,102,False
40,546.jpg,88,False
40,547.jpg,95,False
40,548.jpg,88,False
40,549.jpg,98,False
40,550.jpg,86,False
40,551.jpg,94,False
40,552.jpg,90,False
40,553.jpg,95,False
40,554.jpg,88,False
40,555.jpg,98,False
40,556.jpg,88,False
40,557.jpg,100,False
40,558.jpg,90,False
40,559.jpg,100,False
40,560.jpg,90,False
40,561.jpg,100,False
40,562.jpg,90,False
40,563.jpg,98,False
40,564.jpg,88,False
40,565.jpg,92,False
40,566.jpg,86,False
40,567.jpg,102,False
40,568.jpg,27,True
40,569.jpg,80,True
40,570.jpg,85,True
40,571.jpg,100,False
40,572.jpg,90,False
40,573.jpg,97,False
40,574.jpg,90,False
40,575.jpg,98,False
40,576.jpg,88,False
40,577.jpg,98,False
40,578.jpg,84,True
40,579.jpg,100,False
40,580.jpg,90,False
40,581.jpg,98,False
40,582.jpg,86,False
40,583.jpg,98,False
40,584.jpg,90,False
40,585.jpg,95,False
40,586.jpg,86,False
40,587.jpg,100,False
40,588.jpg,88,False
40,589.jpg,92,False
40,590.jpg,88,False
40,591.jpg,95,False
40,592.jpg,90,False
40,593.jpg,100,False
40,594.jpg,89,False
40,595.jpg,98,False
40,596.jpg,86,False
40,597.jpg,100,False
40,598.jpg,90,False
40,599.jpg,100,False
40,600.jpg,88,False
40,601.jpg,98,False
40,602.jpg,92,False
40,603.jpg,94,False
40,604.jpg,89,False
40,605.jpg,96,False
40,606.jpg,88,False
40,607.jpg,100,False
40,608.jpg,90,False
40,609.jpg,98,False
40,610.jpg,89,False
40,611.jpg,92,False
40,612.jpg,94,False
40,613.jpg,95,False
40,614.jpg,85,True
40,615.jpg,92,False
40,616.jpg,86,False
40,617.jpg,94,False
40,618.jpg,96,False
40,619.jpg,95,False
40,620.jpg,88,False
40,621.jpg,94,False
40,622.jpg,88,False
40,623.jpg,97,False
40,624.jpg,86,False
40,625.jpg,100,False
40,626.jpg,88,False
40,627.jpg,97,False
40,628.jpg,85,True
40,629.jpg,100,False
40,630.jpg,86,False
40,631.jpg,100,False
40,632.jpg,88,False
40,633.jpg,98,False
40,634.jpg,86,False
40,635.jpg,100,False
40,636.jpg,86,False
40,637.jpg,97,False
40,638.jpg,88,False
40,639.jpg,100,False
40,640.jpg,83,True
40,641.jpg,100,False
40,642.jpg,88,False
40,643.jpg,92,False
40,644.jpg,94,False
40,645.jpg,96,False
40,646.jpg,93,False
40,647.jpg,95,False
40,648.jpg,86,False
40,649.jpg,100,False
40,650.jpg,88,False
40,651.jpg,100,False
40,652.jpg,92,False
40,653.jpg,95,False
40,654.jpg,85,True
40,655.jpg,100,False
40,656.jpg,85,True
40,657.jpg,100,False
40,658.jpg,90,False
40,659.jpg,95,False
40,660.jpg,90,False
40,661.jpg,100,False
40,662.jpg,88,False
40,663.jpg,100,False
40,664.jpg,88,False
40,665.jpg,98,False
40,666.jpg,88,False
40,667.jpg,95,False
40,668.jpg,89,False
40,669.jpg,98,False
40,670.jpg,88,False
40,671.jpg,98,False
40,672.jpg,88,False
40,673.jpg,98,False
40,674.jpg,88,False
40,675.jpg,98,False
40,676.jpg,88,False
40,677.jpg,100,False
40,678.jpg,88,False
40,679.jpg,95,False
40,680.jpg,90,False
40,681.jpg,100,False
40,682.jpg,82,True
40,683.jpg,102,False
40,684.jpg,88,False
40,685.jpg,97,False
40,686.jpg,88,False
40,687.jpg,98,False
40,688.jpg,90,False
40,689.jpg,102,False
40,690.jpg,88,False
40,691.jpg,98,False
40,692.jpg,90,False
40,693.jpg,94,False
40,694.jpg,85,True
40,695.jpg,102,False
40,696.jpg,88,False
40,697.jpg,94,False
40,698.jpg,86,False
40,699.jpg,98,False
40,700.jpg,86,False
40,701.jpg,103,False
40,702.jpg,90,False
40,703.jpg,100,False
40,704.jpg,86,False
40,705.jpg,100,False
40,706.jpg,27,True
40,707.jpg,82,True
40,708.jpg,88,False
40,709.jpg,98,False
40,710.jpg,90,False
40,711.jpg,100,False
40,712.jpg,88,False
40,713.jpg,98,False
40,714.jpg,93,False
40,715.jpg,98,False
40,716.jpg,90,False
40,717.jpg,98,False
40,718.jpg,88,False
40,719.jpg,98,False
40,720.jpg,90,False
40,721.jpg,97,False
40,722.jpg,90,False
40,723.jpg,98,False
40,724.jpg,90,False
40,725.jpg,98,False
40,726.jpg,93,False
40,727.jpg,94,False
40,728.jpg,86,False
40,729.jpg,92,False
40,730.jpg,86,False
40,731.jpg,102,False
40,732.jpg,88,False
40,733.jpg,98,False
40,734.jpg,88,False
40,735.jpg,98,False
40,736.jpg,86,False
40,737.jpg,94,False
40,738.jpg,90,False
40,739.jpg,98,False
40,740.jpg,88,False
40,741.jpg,92,False
40,742.jpg,86,False
40,743.jpg,100,False
40,744.jpg,94,False
40,745.jpg,95,False
40,746.jpg,88,False
40,747.jpg,100,False
40,748.jpg,88,False
40,749.jpg,98,False
40,750.jpg,96,False
40,751.jpg,94,False
40,752.jpg,83,True
40,753.jpg,102,False
40,754.jpg,94,False
40,755.jpg,100,False
40,756.jpg,88,False
40,757.jpg,98,False
40,758.jpg,87,False
40,759.jpg,98,False
40,760.jpg,90,False
40,761.jpg,94,False
40,762.jpg,86,False
40,763.jpg,98,False
40,764.jpg,90,False
40,765.jpg,94,False
40,766.jpg,90,False
40,767.jpg,100,False
40,768.jpg,87,False
40,769.jpg,98,False
40,770.jpg,88,False
40,771.jpg,102,False
40,772.jpg,88,False
40,773.jpg,98,False
40,774.jpg,83,True
40,775.jpg,108,False
40,776.jpg,85,True
40,777.jpg,98,False
40,778.jpg,86,False
40,779.jpg,100,False
40,780.jpg,90,False
40,781.jpg,98,False
40,782.jpg,86,False
40,783.jpg,102,False
40,784.jpg,85,True
40,785.jpg,100,False
40,786.jpg,88,False
40,787.jpg,98,False
40,788.jpg,90,False
40,789.jpg,98,False
40,790.jpg,88,False
40,791.jpg,98,False
40,792.jpg,82,True
40,793.jpg,98,False
40,794.jpg,90,False
40,795.jpg,95,False
40,796.jpg,88,False
40,797.jpg,100,False
40,798.jpg,88,False
40,799.jpg,98,False
40,800.jpg,91,False
40,801.jpg,95,False
40,802.jpg,90,False
40,803.jpg,98,False
40,804.jpg,91,False
40,805.jpg,98,False
40,806.jpg,88,False
40,807.jpg,92,False
40,808.jpg,94,False
40,809.jpg,95,False
40,810.jpg,90,False
40,811.jpg,100,False
40,812.jpg,90,False
40,813.jpg,98,False
40,814.jpg,88,False
40,815.jpg,100,False
40,816.jpg,88,False
40,817.jpg,98,False
40,818.jpg,85,True
40,819.jpg,100,False
40,820.jpg,94,False
40,821.jpg,100,False
40,822.jpg,90,False
40,823.jpg,100,False
40,824.jpg,88,False
40,825.jpg,98,False
40,826.jpg,86,False
40,827.jpg,100,False
40,828.jpg,90,False
40,829.jpg,100,False
40,830.jpg,92,False
40,831.jpg,94,False
40,832.jpg,86,False
40,833.jpg,100,False
40,834.jpg,42,True
40,835.jpg,151,False
40,836.jpg,88,False
40,837.jpg,98,False
40,838.jpg,86,False
40,839.jpg,100,False
40,840.jpg,85,True
40,841.jpg,98,False
40,842.jpg,86,False
40,843.jpg,98,False
40,844.jpg,86,False
40,845.jpg,100,False
40,846.jpg,89,False
40,847.jpg,98,False
40,848.jpg,96,False
40,849.jpg,98,False
40,850.jpg,88,False
40,851.jpg,98,False
40,852.jpg,88,False
40,853.jpg,94,False
40,854.jpg,86,False
40,855.jpg,92,False
40,856.jpg,91,False
40,857.jpg,92,False
40,858.jpg,86,False
40,859.jpg,98,False
40,860.jpg,86,False
40,861.jpg,97,False
40,862.jpg,88,False
40,863.jpg,98,False
40,864.jpg,23,True
40,865.jpg,82,True
40,866.jpg,90,False
40,867.jpg,94,False
40,868.jpg,90,False
40,869.jpg,100,False
40,870.jpg,85,True
40,871.jpg,100,False
40,872.jpg,85,True
40,873.jpg,100,False
40,874.jpg,96,False
40,875.jpg,92,False
40,876.jpg,88,False
40,877.jpg,98,False
40,878.jpg,92,False
40,879.jpg,97,False
40,880.jpg,88,False
40,881.jpg,98,False
40,882.jpg,90,False
40,883.jpg,98,False
40,884.jpg,90,False
40,885.jpg,100,False
40,886.jpg,88,False
40,887.jpg,98,False
40,888.jpg,88,False
40,889.jpg,98,False
40,890.jpg,88,False
40,891.jpg,97,False
40,892.jpg,86,False
40,893.jpg,102,False
40,894.jpg,92,False
40,895.jpg,100,False
40,896.jpg,90,False
40,897.jpg,98,False
40,898.jpg,86,False
40,899.jpg,100,False
40,900.jpg,88,False
40,901.jpg,100,False
40,902.jpg,88,False
40,903.jpg,98,False
40,904.jpg,88,False
40,905.jpg,100,False
40,906.jpg,90,False
40,907.jpg,98,False
40,908.jpg,86,False
40,909.jpg,98,False
40,910.jpg,90,False
40,911.jpg,100,False
40,912.jpg,92,False
40,913.jpg,100,False
40,914.jpg,91,False
40,915.jpg,98,False
40,916.jpg,90,False
40,917.jpg,98,False
40,918.jpg,82,True
40,919.jpg,100,False
40,920.jpg,84,True
40,921.jpg,100,False
40,922.jpg,86,False
40,923.jpg,100,False
40,924.jpg,86,False
40,925.jpg,100,False
40,926.jpg,82,True
40,927.jpg,102,False
40,928.jpg,94,False
40,929.jpg,100,False
40,930.jpg,86,False
40,931.jpg,100,False
40,932.jpg,88,False
40,933.jpg,100,False
40,934.jpg,88,False
40,935.jpg,100,False
40,936.jpg,86,False
40,937.jpg,103,False
40,938.jpg,86,False
40,939.jpg,97,False
40,940.jpg,89,False
40,941.jpg,100,False
40,942.jpg,90,False
40,943.jpg,95,False
40,944.jpg,93,False
40,945.jpg,97,False
40,946.jpg,86,False
40,947.jpg,100,False
40,948.jpg,90,False
40,949.jpg,100,False
40,950.jpg,89,False
40,951.jpg,100,False
40,952.jpg,85,True
40,953.jpg,100,False
40,954.jpg,90,False
40,955.jpg,98,False
40,956.jpg,88,False
40,957.jpg,98,False
40,958.jpg,86,False
40,959.jpg,92,False
40,960.jpg,94,False
40,961.jpg,94,False
40,962.jpg,90,False
40,963.jpg,100,False
40,964.jpg,88,False
40,965.jpg,97,False
40,966.jpg,88,False
40,967.jpg,100,False
40,968.jpg,88,False
40,969.jpg,95,False
40,970.jpg,83,True
40,971.jpg,102,False
40,972.jpg,21,True
40,973.jpg,81,True
40,974.jpg,93,False
40,975.jpg,100,False
40,976.jpg,88,False
40,977.jpg,100,False
40,978.jpg,88,False
40,979.jpg,92,False
40,980.jpg,94,False
40,981.jpg,102,False
40,982.jpg,88,False
40,983.jpg,100,False
40,984.jpg,91,False
40,985.jpg,98,False
40,986.jpg,90,False
40,987.jpg,100,False
40,988.jpg,90,False
40,989.jpg,95,False
40,990.jpg,86,False
40,991.jpg,98,False
40,992.jpg,86,False
40,993.jpg,95,False
40,994.jpg,88,False
40,995.jpg,100,False
40,996.jpg,88,False
40,997.jpg,100,False
40,998.jpg,86,False
40,999.jpg,102,False
40,1000.jpg,95,False
40,1001.jpg,100,False
40,1002.jpg,21,True
40,1003.jpg,81,True
40,1004.jpg,88,False
40,1005.jpg,100,False
40,1006.jpg,72,True
40,1007.jpg,82,True
40,1008.jpg,90,False
40,1009.jpg,100,False
40,1010.jpg,88,False
40,1011.jpg,92,False
40,1012.jpg,89,False
40,1013.jpg,92,False
40,1014.jpg,88,False
40,1015.jpg,100,False
40,1016.jpg,91,False
40,1017.jpg,102,False
40,1018.jpg,90,False
40,1019.jpg,100,False
40,1020.jpg,86,False
40,1021.jpg,100,False
40,1022.jpg,85,True
40,1023.jpg,100,False
40,1024.jpg,89,False
40,1025.jpg,98,False
40,1026.jpg,90,False
40,1027.jpg,98,False
40,1028.jpg,90,False
40,1029.jpg,100,False
40,1030.jpg,94,False
40,1031.jpg,100,False
40,1032.jpg,82,True
40,1033.jpg,100,False
40,1034.jpg,88,False
40,1035.jpg,100,False
40,1036.jpg,94,False
40,1037.jpg,97,False
40,1038.jpg,88,False
40,1039.jpg,98,False
40,1040.jpg,88,False
40,1041.jpg,98,False
40,1042.jpg,90,False
40,1043.jpg,98,False
40,1044.jpg,86,False
40,1045.jpg,100,False
40,1046.jpg,90,False
40,1047.jpg,102,False
40,1048.jpg,83,True
40,1049.jpg,102,False
40,1050.jpg,90,False
40,1051.jpg,100,False
40,1052.jpg,90,False
40,1053.jpg,100,False
40,1054.jpg,88,False
40,1055.jpg,92,False
40,1056.jpg,88,False
40,1057.jpg,100,False
40,1058.jpg,88,False
40,1059.jpg,100,False
40,1060.jpg,86,False
40,1061.jpg,100,False
40,1062.jpg,88,False
40,1063.jpg,96,False
40,1064.jpg,88,False
40,1065.jpg,98,False
40,1066.jpg,90,False
40,1067.jpg,98,False
40,1068.jpg,90,False
40,1069.jpg,92,False
40,1070.jpg,86,False
40,1071.jpg,98,False
40,1072.jpg,88,False
40,1073.jpg,98,False
40,1074.jpg,96,False
40,1075.jpg,28,True
40,1076.jpg,90,False
40,1077.jpg,100,False
40,1078.jpg,85,True
40,1079.jpg,100,False
40,1080.jpg,88,False
40,1081.jpg,97,False
40,1082.jpg,90,False
40,1083.jpg,98,False
40,1084.jpg,88,False
40,1085.jpg,98,False
40,1086.jpg,90,False
40,1087.jpg,100,False
40,1088.jpg,88,False
40,1089.jpg,92,False
40,1090.jpg,88,False
40,1091.jpg,94,False
40,1092.jpg,88,False
40,1093.jpg,97,False
40,1094.jpg,94,False
40,1095.jpg,98,False
40,1096.jpg,90,False
40,1097.jpg,100,False
40,1098.jpg,93,False
40,1099.jpg,97,False
40,1100.jpg,88,False
40,1101.jpg,98,False
40,1102.jpg,88,False
40,1103.jpg,98,False
40,1104.jpg,86,False
40,1105.jpg,98,False
40,1106.jpg,90,False
40,1107.jpg,100,False
40,1108.jpg,88,False
40,1109.jpg,98,False
40,1110.jpg,90,False
40,1111.jpg,98,False
40,1112.jpg,89,False
40,1113.jpg,98,False
40,1114.jpg,86,False
40,1115.jpg,97,False
40,1116.jpg,90,False
40,1117.jpg,98,False
40,1118.jpg,88,False
40,1119.jpg,100,False
40,1120.jpg,86,False
40,1121.jpg,102,False
40,1122.jpg,86,False
40,1123.jpg,98,False
40,1124.jpg,93,False
40,1125.jpg,98,False
40,1126.jpg,90,False
40,1127.jpg,98,False
40,1128.jpg,86,False
40,1129.jpg,100,False
40,1130.jpg,88,False
40,1131.jpg,98,False
40,1132.jpg,88,False
40,1133.jpg,98,False
40,1134.jpg,88,False
40,1135.jpg,98,False
40,1136.jpg,89,False
40,1137.jpg,98,False
40,1138.jpg,88,False
40,1139.jpg,100,False
40,1140.jpg,90,False
40,1141.jpg,100,False
40,1142.jpg,90,False
40,1143.jpg,98,False
40,1144.jpg,94,False
40,1145.jpg,95,False
40,1146.jpg,86,False
40,1147.jpg,97,False
40,1148.jpg,87,False
40,1149.jpg,100,False
40,1150.jpg,88,False
40,1151.jpg,92,False
40,1152.jpg,86,False
40,1153.jpg,92,False
40,1154.jpg,84,True
40,1155.jpg,100,False
40,1156.jpg,86,False
40,1157.jpg,100,False
40,1158.jpg,86,False
40,1159.jpg,100,False
40,1160.jpg,90,False
40,1161.jpg,100,False
40,1162.jpg,88,False
40,1163.jpg,97,False
40,1164.jpg,86,False
40,1165.jpg,98,False
40,1166.jpg,88,False
40,1167.jpg,97,False
40,1168.jpg,88,False
40,1169.jpg,98,False
40,1170.jpg,88,False
40,1171.jpg,100,False
40,1172.jpg,90,False
40,1173.jpg,98,False
40,1174.jpg,90,False
40,1175.jpg,100,False
40,1176.jpg,88,False
40,1177.jpg,98,False
40,1178.jpg,56,True
40,1179.jpg,82,True
40,1180.jpg,98,False
40,1181.jpg,97,False
40,1182.jpg,89,False
40,1183.jpg,100,False
40,1184.jpg,82,True
40,1185.jpg,100,False
40,1186.jpg,87,False
40,1187.jpg,98,False
40,1188.jpg,85,True
40,1189.jpg,100,False
40,1190.jpg,86,False
40,1191.jpg,97,False
40,1192.jpg,89,False
40,1193.jpg,98,False
40,1194.jpg,91,False
40,1195.jpg,95,False
40,1196.jpg,88,False
40,1197.jpg,94,False
40,1198.jpg,90,False
40,1199.jpg,98,False
40,1200.jpg,94,False
40,1201.jpg,100,False
40,1202.jpg,90,False
40,1203.jpg,95,False
40,1204.jpg,88,False
40,1205.jpg,102,False
40,1206.jpg,90,False
40,1207.jpg,92,False
40,1208.jpg,88,False
40,1209.jpg,94,False
40,1210.jpg,90,False
40,1211.jpg,100,False
40,1212.jpg,88,False
40,1213.jpg,95,False
40,1214.jpg,88,False
40,1215.jpg,98,False
40,1216.jpg,90,False
40,1217.jpg,100,False
40,1218.jpg,86,False
40,1219.jpg,94,False
40,1220.jpg,86,False
40,1221.jpg,100,False
40,1222.jpg,89,False
40,1223.jpg,92,False
40,1224.jpg,90,False
40,1225.jpg,100,False
40,1226.jpg,88,False
40,1227.jpg,100,False
40,1228.jpg,89,False
40,1229.jpg,100,False
40,1230.jpg,88,False
40,1231.jpg,100,False
40,1232.jpg,90,False
40,1233.jpg,100,False
40,1234.jpg,88,False
40,1235.jpg,97,False
40,1236.jpg,90,False
40,1237.jpg,94,False
40,1238.jpg,90,False
40,1239.jpg,100,False
40,1240.jpg,21,True
40,1241.jpg,82,True
40,1242.jpg,86,False
40,1243.jpg,100,False
40,1244.jpg,86,False
40,1245.jpg,102,False
40,1246.jpg,90,False
40,1247.jpg,94,False
40,1248.jpg,89,False
40,1249.jpg,100,False
40,1250.jpg,98,False
40,1251.jpg,92,False
40,1252.jpg,90,False
40,1253.jpg,98,False
40,1254.jpg,86,False
40,1255.jpg,98,False
40,1256.jpg,27,True
40,1257.jpg,81,True
40,1258.jpg,88,False
40,1259.jpg,100,False
40,1260.jpg,92,False
40,1261.jpg,98,False
40,1262.jpg,85,True
40,1263.jpg,98,False
40,1264.jpg,92,False
40,1265.jpg,98,False
40,1266.jpg,88,False
40,1267.jpg,96,False
40,1268.jpg,86,False
40,1269.jpg,97,False
40,1270.jpg,21,True
40,1271.jpg,82,True
40,1272.jpg,91,False
40,1273.jpg,100,False
40,1274.jpg,90,False
40,1275.jpg,98,False
40,1276.jpg,88,False
40,1277.jpg,100,False
40,1278.jpg,88,False
40,1279.jpg,94,False
40,1280.jpg,88,False
40,1281.jpg,100,False
40,1282.jpg,88,False
40,1283.jpg,98,False
40,1284.jpg,85,True
40,1285.jpg,100,False
40,1286.jpg,88,False
40,1287.jpg,100,False
40,1288.jpg,90,False
40,1289.jpg,95,False
40,1290.jpg,88,False
40,1291.jpg,98,False
40,1292.jpg,90,False
40,1293.jpg,100,False
40,1294.jpg,88,False
40,1295.jpg,97,False
40,1296.jpg,88,False
40,1297.jpg,84,True
40,1298.jpg,88,False
40,1299.jpg,98,False
40,1300.jpg,86,False
40,1301.jpg,100,False
40,1302.jpg,85,True
40,1303.jpg,98,False
40,1304.jpg,90,False
40,1305.jpg,100,False
40,1306.jpg,88,False
40,1307.jpg,100,False
40,1308.jpg,90,False
40,1309.jpg,98,False
40,1310.jpg,88,False
40,1311.jpg,97,False
40,1312.jpg,90,False
40,1313.jpg,94,False
40,1314.jpg,86,False
40,1315.jpg,98,False
40,1316.jpg,96,False
40,1317.jpg,98,False
40,1318.jpg,88,False
40,1319.jpg,100,False
40,1320.jpg,90,False
40,1321.jpg,100,False
40,1322.jpg,98,False
40,1323.jpg,100,False
40,1324.jpg,88,False
40,1325.jpg,100,False
40,1326.jpg,88,False
40,1327.jpg,97,False
40,1328.jpg,90,False
40,1329.jpg,98,False
40,1330.jpg,94,False
40,1331.jpg,98,False
40,1332.jpg,86,False
40,1333.jpg,97,False
40,1334.jpg,90,False
40,1335.jpg,99,False
40,1336.jpg,86,False
40,1337.jpg,98,False
40,1338.jpg,86,False
40,1339.jpg,100,False
40,1340.jpg,88,False
40,1341.jpg,100,False
40,1342.jpg,88,False
40,1343.jpg,100,False
40,1344.jpg,88,False
40,1345.jpg,97,False
40,1346.jpg,90,False
40,1347.jpg,98,False
40,1348.jpg,90,False
40,1349.jpg,100,False
40,1350.jpg,90,False
40,1351.jpg,100,False
40,1352.jpg,90,False
40,1353.jpg,95,False
40,1354.jpg,85,True
40,1355.jpg,100,False
40,1356.jpg,88,False
40,1357.jpg,100,False
40,1358.jpg,90,False
40,1359.jpg,98,False
40,1360.jpg,90,False
40,1361.jpg,98,False
40,1362.jpg,90,False
40,1363.jpg,98,False
40,1364.jpg,90,False
40,1365.jpg,98,False
40,1366.jpg,88,False
40,1367.jpg,100,False
40,1368.jpg,86,False
40,1369.jpg,100,False
40,1370.jpg,85,True
40,1371.jpg,102,False
40,1372.jpg,82,True
40,1373.jpg,100,False
40,1374.jpg,88,False
40,1375.jpg,92,False
40,1376.jpg,90,False
40,1377.jpg,98,False
40,1378.jpg,85,True
40,1379.jpg,98,False
40,1380.jpg,94,False
40,1381.jpg,98,False
40,1382.jpg,85,True
40,1383.jpg,102,False
40,1384.jpg,86,False
40,1385.jpg,100,False
40,1386.jpg,86,False
40,1387.jpg,102,False
40,1388.jpg,90,False
40,1389.jpg,98,False
40,1390.jpg,88,False
40,1391.jpg,100,False
40,1392.jpg,87,False
40,1393.jpg,97,False
40,1394.jpg,93,False
40,1395.jpg,95,False
40,1396.jpg,90,False
40,1397.jpg,98,False
40,1398.jpg,90,False
40,1399.jpg,100,False
40,1400.jpg,86,False
40,1401.jpg,100,False
40,1402.jpg,90,False
40,1403.jpg,102,False
40,1404.jpg,94,False
40,1405.jpg,100,False
40,1406.jpg,89,False
40,1407.jpg,100,False
40,1408.jpg,85,True
40,1409.jpg,95,False
40,1410.jpg,84,True
40,1411.jpg,100,False
40,1412.jpg,88,False
40,1413.jpg,98,False
40,1414.jpg,86,False
40,1415.jpg,100,False
40,1416.jpg,94,False
40,1417.jpg,98,False
40,1418.jpg,85,True
40,1419.jpg,100,False
40,1420.jpg,94,False
40,1421.jpg,100,False
40,1422.jpg,86,False
40,1423.jpg,100,False
40,1424.jpg,90,False
40,1425.jpg,100,False
40,1426.jpg,86,False
40,1427.jpg,102,False
40,1428.jpg,91,False
40,1429.jpg,98,False
40,1430.jpg,92,False
40,1431.jpg,98,False
40,1432.jpg,93,False
40,1433.jpg,98,False
40,1434.jpg,90,False
40,1435.jpg,100,False
40,1436.jpg,89,False
40,1437.jpg,98,False
40,1438.jpg,88,False
40,1439.jpg,98,False
40,1440.jpg,88,False
40,1441.jpg,100,False
40,1442.jpg,92,False
40,1443.jpg,98,False
40,1444.jpg,90,False
40,1445.jpg,98,False
40,1446.jpg,88,False
40,1447.jpg,100,False
40,1448.jpg,88,False
40,1449.jpg,97,False
40,1450.jpg,88,False
40,1451.jpg,100,False
40,1452.jpg,86,False
40,1453.jpg,97,False
40,1454.jpg,93,False
40,1455.jpg,100,False
40,1456.jpg,90,False
40,1457.jpg,98,False
40,1458.jpg,83,True
40,1459.jpg,102,False
40,1460.jpg,86,False
40,1461.jpg,100,False
40,1462.jpg,86,False
40,1463.jpg,100,False
40,1464.jpg,90,False
40,1465.jpg,97,False
40,1466.jpg,90,False
40,1467.jpg,98,False
40,1468.jpg,85,True
40,1469.jpg,100,False
40,1470.jpg,86,False
40,1471.jpg,100,False
40,1472.jpg,90,False
40,1473.jpg,98,False
40,1474.jpg,90,False
40,1475.jpg,94,False
40,1476.jpg,82,True
40,1477.jpg,102,False
40,1478.jpg,89,False
40,1479.jpg,100,False
40,1480.jpg,82,True
40,1481.jpg,102,False
40,1483.jpg,82,True
40,1484.jpg,88,False
40,1485.jpg,98,False
40,1486.jpg,90,False
40,1487.jpg,98,False
40,1488.jpg,86,False
40,1489.jpg,98,False
40,1490.jpg,93,False
40,1491.jpg,100,False
40,1492.jpg,86,False
40,1493.jpg,100,False
40,1494.jpg,88,False
40,1495.jpg,100,False
40,1496.jpg,90,False
40,1497.jpg,100,False
40,1498.jpg,86,False
40,1499.jpg,100,False
40,1500.jpg,90,False
40,1501.jpg,97,False
40,1502.jpg,88,False
40,1503.jpg,98,False
40,1504.jpg,90,False
40,1505.jpg,98,False
40,1506.jpg,89,False
40,1507.jpg,94,False
40,1508.jpg,88,False
40,1509.jpg,100,False
40,1510.jpg,91,False
40,1511.jpg,100,False
40,1512.jpg,86,False
40,1513.jpg,97,False
40,1514.jpg,90,False
40,1515.jpg,98,False
40,1516.jpg,88,False
40,1517.jpg,100,False
40,1518.jpg,98,False
40,1519.jpg,95,False
40,1520.jpg,90,False
40,1521.jpg,100,False
40,1522.jpg,82,True
40,1523.jpg,100,False
40,1524.jpg,86,False
40,1525.jpg,100,False
40,1526.jpg,88,False
40,1527.jpg,92,False
40,1528.jpg,86,False
40,1529.jpg,95,False
40,1530.jpg,85,True
40,1531.jpg,98,False
40,1532.jpg,94,False
40,1533.jpg,100,False
40,1534.jpg,90,False
40,1535.jpg,94,False
40,1536.jpg,90,False
40,1537.jpg,100,False
40,1538.jpg,88,False
40,1539.jpg,94,False
40,1540.jpg,90,False
40,1541.jpg,100,False
40,1542.jpg,90,False
40,1543.jpg,100,False
40,1544.jpg,90,False
40,1545.jpg,94,False
40,1546.jpg,86,False
40,1547.jpg,94,False
40,1548.jpg,84,True
40,1549.jpg,100,False
40,1550.jpg,88,False
40,1551.jpg,100,False
40,1552.jpg,88,False
40,1553.jpg,94,False
40,1554.jpg,90,False
40,1555.jpg,100,False
40,1556.jpg,87,False
40,1557.jpg,95,False
40,1558.jpg,82,True
40,1559.jpg,102,False
40,1560.jpg,90,False
40,1561.jpg,98,False
40,1562.jpg,29,True
40,1563.jpg,79,True
40,1564.jpg,92,False
40,1565.jpg,92,False
40,1566.jpg,88,False
40,1567.jpg,100,False
40,1568.jpg,90,False
40,1569.jpg,96,False
40,1570.jpg,86,False
40,1571.jpg,100,False
40,1572.jpg,86,False
40,1573.jpg,98,False
40,1574.jpg,90,False
40,1575.jpg,98,False
40,1576.jpg,86,False
40,1577.jpg,98,False
40,1580.jpg,89,False
40,1581.jpg,100,False
40,1582.jpg,88,False
40,1583.jpg,100,False
5,0.jpg,88,False
5,1.jpg,100,False
5,2.jpg,90,False
5,3.jpg,100,False
5,4.jpg,90,False
5,5.jpg,100,False
5,6.jpg,86,False
5,7.jpg,98,False
5,8.jpg,86,False
5,9.jpg,97,False
5,10.jpg,94,False
5,11.jpg,98,False
5,12.jpg,90,False
5,13.jpg,100,False
5,14.jpg,84,True
5,15.jpg,102,False
5,16.jpg,92,False
5,17.jpg,98,False
5,18.jpg,84,True
5,19.jpg,98,False
5,20.jpg,90,False
5,21.jpg,98,False
5,22.jpg,86,False
5,23.jpg,102,False
5,24.jpg,92,False
5,25.jpg,98,False
5,26.jpg,86,False
5,27.jpg,100,False
5,28.jpg,86,False
5,29.jpg,98,False
5,30.jpg,88,False
5,31.jpg,98,False
5,32.jpg,90,False
5,33.jpg,98,False
5,34.jpg,88,False
5,35.jpg,94,False
5,36.jpg,90,False
5,37.jpg,102,False
5,38.jpg,88,False
5,39.jpg,98,False
5,40.jpg,86,False
5,41.jpg,98,False
5,42.jpg,92,False
5,43.jpg,98,False
5,44.jpg,92,False
5,45.jpg,98,False
5,46.jpg,88,False
5,47.jpg,100,False
5,48.jpg,89,False
5,49.jpg,100,False
5,50.jpg,86,False
5,51.jpg,100,False
5,52.jpg,94,False
5,53.jpg,95,False
5,54.jpg,90,False
5,55.jpg,98,False
5,56.jpg,90,False
5,57.jpg,98,False
5,58.jpg,90,False
5,59.jpg,97,False
5,60.jpg,86,False
5,61.jpg,102,False
5,62.jpg,90,False
5,63.jpg,94,False
5,64.jpg,90,False
5,65.jpg,100,False
5,66.jpg,94,False
5,67.jpg,98,False
5,68.jpg,86,False
5,69.jpg,100,False
5,70.jpg,90,False
5,71.jpg,100,False
5,72.jpg,90,False
5,73.jpg,100,False
5,74.jpg,86,False
5,75.jpg,100,False
5,76.jpg,90,False
5,77.jpg,100,False
5,78.jpg,90,False
5,79.jpg,100,False
5,80.jpg,94,False
5,81.jpg,98,False
5,82.jpg,86,False
5,83.jpg,98,False
5,84.jpg,94,False
5,85.jpg,98,False
5,86.jpg,88,False
5,87.jpg,98,False
5,88.jpg,90,False
5,89.jpg,98,False
5,90.jpg,90,False
5,91.jpg,95,False
5,92.jpg,91,False
5,93.jpg,98,False
5,94.jpg,90,False
5,95.jpg,100,False
5,96.jpg,85,True
5,97.jpg,99,False
5,98.jpg,92,False
5,99.jpg,94,False
5,100.jpg,88,False
5,101.jpg,100,False
5,102.jpg,89,False
5,103.jpg,103,False
5,104.jpg,91,False
5,105.jpg,95,False
5,106.jpg,89,False
5,107.jpg,98,False
5,108.jpg,90,False
5,109.jpg,98,False
5,110.jpg,90,False
5,111.jpg,102,False
5,112.jpg,90,False
5,113.jpg,95,False
5,114.jpg,88,False
5,115.jpg,95,False
5,116.jpg,90,False
5,117.jpg,104,False
5,118.jpg,86,False
5,119.jpg,98,False
5,120.jpg,90,False
5,121.jpg,103,False
5,122.jpg,90,False
5,123.jpg,97,False
5,124.jpg,88,False
5,125.jpg,98,False
5,126.jpg,92,False
5,127.jpg,95,False
5,128.jpg,90,False
5,129.jpg,95,False
5,130.jpg,90,False
5,131.jpg,98,False
5,132.jpg,89,False
5,133.jpg,95,False
5,134.jpg,92,False
5,135.jpg,98,False
5,136.jpg,87,False
5,137.jpg,100,False
5,138.jpg,86,False
5,139.jpg,102,False
5,140.jpg,88,False
5,141.jpg,98,False
5,142.jpg,86,False
5,143.jpg,98,False
5,144.jpg,86,False
5,145.jpg,102,False
5,146.jpg,86,False
5,147.jpg,100,False
5,148.jpg,89,False
5,149.jpg,98,False
5,150.jpg,94,False
5,151.jpg,95,False
5,152.jpg,88,False
5,153.jpg,98,False
5,154.jpg,88,False
5,155.jpg,98,False
5,156.jpg,86,False
5,157.jpg,100,False
5,158.jpg,88,False
5,159.jpg,100,False
5,160.jpg,88,False
5,161.jpg,102,False
5,162.jpg,90,False
5,163.jpg,98,False
5,164.jpg,82,True
5,165.jpg,102,False
5,166.jpg,88,False
5,167.jpg,98,False
5,168.jpg,90,False
5,169.jpg,95,False
5,170.jpg,86,False
5,171.jpg,100,False
5,172.jpg,95,False
5,173.jpg,100,False
5,174.jpg,88,False
5,175.jpg,98,False
5,176.jpg,86,False
5,177.jpg,100,False
5,178.jpg,90,False
5,179.jpg,100,False
5,180.jpg,92,False
5,181.jpg,97,False
5,182.jpg,88,False
5,183.jpg,98,False
5,184.jpg,90,False
5,185.jpg,98,False
5,186.jpg,90,False
5,187.jpg,98,False
5,188.jpg,86,False
5,189.jpg,98,False
5,190.jpg,93,False
5,191.jpg,98,False
5,192.jpg,90,False
5,193.jpg,98,False
5,194.jpg,90,False
5,195.jpg,98,False
5,196.jpg,89,False
5,197.jpg,100,False
5,198.jpg,90,False
5,199.jpg,102,False
5,200.jpg,86,False
5,201.jpg,100,False
5,202.jpg,86,False
5,203.jpg,102,False
5,204.jpg,90,False
5,205.jpg,100,False
5,206.jpg,94,False
5,207.jpg,98,False
5,208.jpg,88,False
5,209.jpg,98,False
5,210.jpg,94,False
5,211.jpg,99,False
5,212.jpg,92,False
5,213.jpg,102,False
5,214.jpg,90,False
5,215.jpg,98,False
5,216.jpg,89,False
5,217.jpg,97,False
5,218.jpg,90,False
5,219.jpg,96,False
5,220.jpg,88,False
5,221.jpg,100,False
5,222.jpg,90,False
5,223.jpg,98,False
5,224.jpg,86,False
5,225.jpg,100,False
5,226.jpg,86,False
5,227.jpg,100,False
5,228.jpg,88,False
5,229.jpg,98,False
5,230.jpg,89,False
5,231.jpg,102,False
5,232.jpg,93,False
5,233.jpg,98,False
5,234.jpg,88,False
5,235.jpg,98,False
5,236.jpg,90,False
5,237.jpg,100,False
5,238.jpg,86,False
5,239.jpg,98,False
5,240.jpg,86,False
5,241.jpg,102,False
5,242.jpg,88,False
5,243.jpg,95,False
5,244.jpg,90,False
5,245.jpg,100,False
5,246.jpg,90,False
5,247.jpg,100,False
5,248.jpg,86,False
5,249.jpg,100,False
5,250.jpg,92,False
5,251.jpg,98,False
5,252.jpg,90,False
5,253.jpg,95,False
5,254.jpg,92,False
5,255.jpg,98,False
5,256.jpg,88,False
5,257.jpg,98,False
5,258.jpg,90,False
5,259.jpg,94,False
5,260.jpg,90,False
5,261.jpg,98,False
5,262.jpg,89,False
5,263.jpg,100,False
5,264.jpg,86,False
5,265.jpg,98,False
5,266.jpg,94,False
5,267.jpg,100,False
5,268.jpg,86,False
5,269.jpg,100,False
5,270.jpg,90,False
5,271.jpg,98,False
5,272.jpg,90,False
5,273.jpg,98,False
5,274.jpg,93,False
5,275.jpg,95,False
5,276.jpg,88,False
5,277.jpg,98,False
5,278.jpg,93,False
5,279.jpg,97,False
5,280.jpg,94,False
5,281.jpg,100,False
5,282.jpg,90,False
5,283.jpg,98,False
5,284.jpg,90,False
5,285.jpg,96,False
5,286.jpg,90,False
5,287.jpg,98,False
5,288.jpg,86,False
5,289.jpg,98,False
5,290.jpg,88,False
5,291.jpg,101,False
5,292.jpg,94,False
5,293.jpg,98,False
5,294.jpg,90,False
5,295.jpg,100,False
5,296.jpg,90,False
5,297.jpg,95,False
5,298.jpg,94,False
5,299.jpg,95,False
5,300.jpg,86,False
5,301.jpg,100,False
5,302.jpg,90,False
5,303.jpg,98,False
5,304.jpg,89,False
5,305.jpg,100,False
5,306.jpg,80,True
5,307.jpg,103,False
5,308.jpg,94,False
5,309.jpg,97,False
5,310.jpg,86,False
5,311.jpg,98,False
5,312.jpg,90,False
5,313.jpg,100,False
5,314.jpg,90,False
5,315.jpg,100,False
5,316.jpg,90,False
5,317.jpg,102,False
5,318.jpg,92,False
5,319.jpg,95,False
5,320.jpg,90,False
5,321.jpg,100,False
5,322.jpg,86,False
5,323.jpg,100,False
5,324.jpg,90,False
5,325.jpg,103,False
5,326.jpg,88,False
5,327.jpg,100,False
5,328.jpg,89,False
5,329.jpg,98,False
5,330.jpg,95,False
5,331.jpg,98,False
5,332.jpg,92,False
5,333.jpg,98,False
5,334.jpg,90,False
5,335.jpg,98,False
5,336.jpg,94,False
5,337.jpg,98,False
5,338.jpg,88,False
5,339.jpg,98,False
5,340.jpg,90,False
5,341.jpg,98,False
5,342.jpg,89,False
5,343.jpg,98,False
5,344.jpg,90,False
5,345.jpg,98,False
5,346.jpg,88,False
5,347.jpg,98,False
5,348.jpg,90,False
5,349.jpg,100,False
5,350.jpg,86,False
5,351.jpg,98,False
5,352.jpg,86,False
5,353.jpg,102,False
5,354.jpg,92,False
5,355.jpg,100,False
5,356.jpg,90,False
5,357.jpg,102,False
5,358.jpg,88,False
5,359.jpg,98,False
5,360.jpg,86,False
5,361.jpg,98,False
5,362.jpg,98,False
5,363.jpg,102,False
5,364.jpg,90,False
5,365.jpg,100,False
5,366.jpg,94,False
5,367.jpg,95,False
5,368.jpg,86,False
5,369.jpg,98,False
5,370.jpg,94,False
5,371.jpg,95,False
5,372.jpg,89,False
5,373.jpg,100,False
5,374.jpg,94,False
5,375.jpg,98,False
5,376.jpg,86,False
5,377.jpg,100,False
5,378.jpg,90,False
5,379.jpg,98,False
5,380.jpg,88,False
5,381.jpg,100,False
5,382.jpg,90,False
5,383.jpg,98,False
5,384.jpg,90,False
5,385.jpg,100,False
5,386.jpg,89,False
5,387.jpg,100,False
5,388.jpg,94,False
5,389.jpg,100,False
5,390.jpg,88,False
5,391.jpg,98,False
5,392.jpg,90,False
5,393.jpg,100,False
5,394.jpg,90,False
5,395.jpg,98,False
5,396.jpg,88,False
5,397.jpg,94,False
5,398.jpg,90,False
5,399.jpg,98,False
5,400.jpg,85,True
5,401.jpg,100,False
5,402.jpg,90,False
5,403.jpg,100,False
5,404.jpg,88,False
5,405.jpg,98,False
5,406.jpg,86,False
5,407.jpg,100,False
5,408.jpg,92,False
5,409.jpg,95,False
5,410.jpg,86,False
5,411.jpg,98,False
5,412.jpg,91,False
5,413.jpg,98,False
5,414.jpg,90,False
5,415.jpg,100,False
5,416.jpg,94,False
5,417.jpg,98,False
5,418.jpg,89,False
5,419.jpg,98,False
5,420.jpg,90,False
5,421.jpg,100,False
5,422.jpg,93,False
5,423.jpg,98,False
5,424.jpg,92,False
5,425.jpg,98,False
5,426.jpg,90,False
5,427.jpg,98,False
5,428.jpg,90,False
5,429.jpg,98,False
5,430.jpg,92,False
5,431.jpg,98,False
5,432.jpg,92,False
5,433.jpg,97,False
5,434.jpg,92,False
5,435.jpg,98,False
5,436.jpg,90,False
5,437.jpg,102,False
5,438.jpg,90,False
5,439.jpg,95,False
5,440.jpg,90,False
5,441.jpg,95,False
5,442.jpg,90,False
5,443.jpg,98,False
5,444.jpg,96,False
5,445.jpg,98,False
5,446.jpg,90,False
5,447.jpg,100,False
5,448.jpg,89,False
5,449.jpg,98,False
5,450.jpg,86,False
5,451.jpg,100,False
5,452.jpg,88,False
5,453.jpg,100,False
5,454.jpg,88,False
5,455.jpg,95,False
5,456.jpg,89,False
5,457.jpg,98,False
5,458.jpg,88,False
5,459.jpg,95,False
5,460.jpg,90,False
5,461.jpg,98,False
5,462.jpg,94,False
5,463.jpg,95,False
5,464.jpg,91,False
5,465.jpg,98,False
5,466.jpg,90,False
5,467.jpg,95,False
5,468.jpg,90,False
5,469.jpg,100,False
5,470.jpg,89,False
5,471.jpg,100,False
5,472.jpg,90,False
5,473.jpg,102,False
5,474.jpg,88,False
5,475.jpg,100,False
5,476.jpg,92,False
5,477.jpg,98,False
5,478.jpg,90,False
5,479.jpg,98,False
5,480.jpg,90,False
5,481.jpg,95,False
5,482.jpg,89,False
5,483.jpg,98,False
5,484.jpg,90,False
5,485.jpg,98,False
5,486.jpg,90,False
5,487.jpg,98,False
5,488.jpg,86,False
5,489.jpg,100,False
5,490.jpg,90,False
5,491.jpg,95,False
5,492.jpg,94,False
5,493.jpg,98,False
5,494.jpg,89,False
5,495.jpg,102,False
5,496.jpg,92,False
5,497.jpg,98,False
5,498.jpg,86,False
5,499.jpg,97,False
5,500.jpg,86,False
5,501.jpg,98,False
5,502.jpg,92,False
5,503.jpg,98,False
5,504.jpg,85,True
5,505.jpg,103,False
5,506.jpg,94,False
5,507.jpg,98,False
5,508.jpg,90,False
5,509.jpg,100,False
5,510.jpg,88,False
5,511.jpg,98,False
5,512.jpg,86,False
5,513.jpg,98,False
5,514.jpg,89,False
5,515.jpg,100,False
5,516.jpg,88,False
5,517.jpg,100,False
5,518.jpg,92,False
5,519.jpg,100,False
5,520.jpg,86,False
5,521.jpg,100,False
5,522.jpg,88,False
5,523.jpg,100,False
5,524.jpg,95,False
5,525.jpg,95,False
5,526.jpg,86,False
5,527.jpg,98,False
5,528.jpg,94,False
5,529.jpg,98,False
5,530.jpg,92,False
5,531.jpg,98,False
5,532.jpg,88,False
5,533.jpg,98,False
5,534.jpg,88,False
5,535.jpg,98,False
5,536.jpg,90,False
5,537.jpg,100,False
5,538.jpg,89,False
5,539.jpg,98,False
5,540.jpg,93,False
5,541.jpg,98,False
5,542.jpg,86,False
5,543.jpg,98,False
5,544.jpg,90,False
5,545.jpg,98,False
5,546.jpg,94,False
5,547.jpg,100,False
5,548.jpg,86,False
5,549.jpg,100,False
5,550.jpg,88,False
5,551.jpg,100,False
5,552.jpg,86,False
5,553.jpg,98,False
5,554.jpg,88,False
5,555.jpg,100,False
5,556.jpg,86,False
5,557.jpg,100,False
5,558.jpg,93,False
5,559.jpg,95,False
5,560.jpg,90,False
5,561.jpg,98,False
5,562.jpg,86,False
5,563.jpg,103,False
5,564.jpg,85,True
5,565.jpg,100,False
5,566.jpg,86,False
5,567.jpg,102,False
5,568.jpg,94,False
5,569.jpg,96,False
5,570.jpg,94,False
5,571.jpg,95,False
5,572.jpg,95,False
5,573.jpg,98,False
5,574.jpg,86,False
5,575.jpg,100,False
5,576.jpg,86,False
5,577.jpg,98,False
5,578.jpg,90,False
5,579.jpg,98,False
5,580.jpg,88,False
5,581.jpg,95,False
5,582.jpg,86,False
5,583.jpg,100,False
5,584.jpg,94,False
5,585.jpg,96,False
5,586.jpg,96,False
5,587.jpg,98,False
5,588.jpg,86,False
5,589.jpg,100,False
5,590.jpg,90,False
5,591.jpg,98,False
5,592.jpg,90,False
5,593.jpg,98,False
5,594.jpg,90,False
5,595.jpg,100,False
5,596.jpg,90,False
5,597.jpg,100,False
5,598.jpg,89,False
5,599.jpg,100,False
5,600.jpg,87,False
5,601.jpg,98,False
5,602.jpg,86,False
5,603.jpg,98,False
5,604.jpg,90,False
5,605.jpg,98,False
5,606.jpg,85,True
5,607.jpg,103,False
5,608.jpg,92,False
5,609.jpg,98,False
5,610.jpg,82,True
5,611.jpg,100,False
5,612.jpg,86,False
5,613.jpg,102,False
5,614.jpg,88,False
5,615.jpg,98,False
5,616.jpg,93,False
5,617.jpg,100,False
5,618.jpg,86,False
5,619.jpg,98,False
5,620.jpg,88,False
5,621.jpg,98,False
5,622.jpg,90,False
5,623.jpg,102,False
5,624.jpg,95,False
5,625.jpg,98,False
5,626.jpg,86,False
5,627.jpg,98,False
5,628.jpg,91,False
5,629.jpg,98,False
5,630.jpg,90,False
5,631.jpg,98,False
5,632.jpg,90,False
5,633.jpg,98,False
5,634.jpg,89,False
5,635.jpg,100,False
5,636.jpg,90,False
5,637.jpg,102,False
5,638.jpg,94,False
5,639.jpg,94,False
5,640.jpg,94,False
5,641.jpg,98,False
5,642.jpg,92,False
5,643.jpg,97,False
5,644.jpg,92,False
5,645.jpg,98,False
5,646.jpg,90,False
5,647.jpg,98,False
5,648.jpg,85,True
5,649.jpg,100,False
5,650.jpg,93,False
5,651.jpg,96,False
5,652.jpg,85,True
5,653.jpg,98,False
5,654.jpg,88,False
5,655.jpg,100,False
5,656.jpg,86,False
5,657.jpg,100,False
5,658.jpg,86,False
5,659.jpg,98,False
5,660.jpg,90,False
5,661.jpg,100,False
5,662.jpg,91,False
5,663.jpg,98,False
5,664.jpg,90,False
5,665.jpg,100,False
5,666.jpg,86,False
5,667.jpg,98,False
5,668.jpg,88,False
5,669.jpg,94,False
5,670.jpg,90,False
5,671.jpg,95,False
5,672.jpg,95,False
5,673.jpg,95,False
5,674.jpg,90,False
5,675.jpg,100,False
5,676.jpg,90,False
5,677.jpg,98,False
5,678.jpg,86,False
5,679.jpg,101,False
5,680.jpg,95,False
5,681.jpg,94,False
5,682.jpg,88,False
5,683.jpg,100,False
5,684.jpg,86,False
5,685.jpg,100,False
5,686.jpg,88,False
5,687.jpg,98,False
5,688.jpg,88,False
5,689.jpg,98,False
5,690.jpg,95,False
5,691.jpg,98,False
5,692.jpg,95,False
5,693.jpg,94,False
5,694.jpg,86,False
5,695.jpg,100,False
5,696.jpg,90,False
5,697.jpg,95,False
5,698.jpg,95,False
5,699.jpg,98,False
5,700.jpg,94,False
5,701.jpg,98,False
5,702.jpg,86,False
5,703.jpg,100,False
5,704.jpg,86,False
5,705.jpg,98,False
5,706.jpg,90,False
5,707.jpg,98,False
5,708.jpg,86,False
5,709.jpg,100,False
5,710.jpg,86,False
5,711.jpg,100,False
5,712.jpg,92,False
5,713.jpg,94,False
5,714.jpg,90,False
5,715.jpg,98,False
5,716.jpg,90,False
5,717.jpg,100,False
5,718.jpg,90,False
5,719.jpg,98,False
5,720.jpg,92,False
5,721.jpg,98,False
5,722.jpg,90,False
5,723.jpg,100,False
5,724.jpg,90,False
5,725.jpg,100,False
5,726.jpg,92,False
5,727.jpg,97,False
5,728.jpg,89,False
5,729.jpg,100,False
5,730.jpg,90,False
5,731.jpg,98,False
5,732.jpg,86,False
5,733.jpg,100,False
5,734.jpg,94,False
5,735.jpg,96,False
5,736.jpg,88,False
5,737.jpg,100,False
5,738.jpg,90,False
5,739.jpg,100,False
5,740.jpg,90,False
5,741.jpg,98,False
5,742.jpg,86,False
5,743.jpg,100,False
5,744.jpg,89,False
5,745.jpg,100,False
5,746.jpg,89,False
5,747.jpg,100,False
5,748.jpg,89,False
5,749.jpg,100,False
5,750.jpg,86,False
5,751.jpg,98,False
5,752.jpg,90,False
5,753.jpg,98,False
5,754.jpg,89,False
5,755.jpg,98,False
5,756.jpg,88,False
5,757.jpg,98,False
5,758.jpg,94,False
5,759.jpg,98,False
5,760.jpg,86,False
5,761.jpg,98,False
5,762.jpg,92,False
5,763.jpg,98,False
5,764.jpg,92,False
5,765.jpg,100,False
5,766.jpg,96,False
5,767.jpg,95,False
5,768.jpg,89,False
5,769.jpg,100,False
5,770.jpg,90,False
5,771.jpg,100,False
5,772.jpg,94,False
5,773.jpg,96,False
5,774.jpg,89,False
5,775.jpg,100,False
5,776.jpg,95,False
5,777.jpg,98,False
5,778.jpg,88,False
5,779.jpg,95,False
5,780.jpg,88,False
5,781.jpg,95,False
5,782.jpg,92,False
5,783.jpg,95,False
5,784.jpg,90,False
5,785.jpg,94,False
5,786.jpg,90,False
5,787.jpg,100,False
5,788.jpg,92,False
5,789.jpg,96,False
5,790.jpg,90,False
5,791.jpg,100,False
5,792.jpg,90,False
5,793.jpg,98,False
5,794.jpg,86,False
5,795.jpg,98,False
5,796.jpg,86,False
5,797.jpg,102,False
5,798.jpg,86,False
5,799.jpg,100,False
5,800.jpg,88,False
5,801.jpg,102,False
5,802.jpg,90,False
5,803.jpg,100,False
5,804.jpg,88,False
5,805.jpg,97,False
5,806.jpg,88,False
5,807.jpg,98,False
5,808.jpg,92,False
5,809.jpg,100,False
5,810.jpg,88,False
5,811.jpg,96,False
5,812.jpg,95,False
5,813.jpg,98,False
5,814.jpg,93,False
5,815.jpg,98,False
5,816.jpg,90,False
5,817.jpg,95,False
5,818.jpg,90,False
5,819.jpg,95,False
5,820.jpg,86,False
5,821.jpg,102,False
5,822.jpg,90,False
5,823.jpg,98,False
5,824.jpg,90,False
5,825.jpg,98,False
5,826.jpg,86,False
5,827.jpg,100,False
5,828.jpg,90,False
5,829.jpg,102,False
5,830.jpg,90,False
5,831.jpg,102,False
5,832.jpg,90,False
5,833.jpg,98,False
5,834.jpg,90,False
5,835.jpg,98,False
5,836.jpg,90,False
5,837.jpg,100,False
5,838.jpg,90,False
5,839.jpg,98,False
5,840.jpg,90,False
5,841.jpg,98,False
5,842.jpg,86,False
5,843.jpg,100,False
5,844.jpg,90,False
5,845.jpg,102,False
5,846.jpg,95,False
5,847.jpg,95,False
5,848.jpg,86,False
5,849.jpg,102,False
5,850.jpg,86,False
5,851.jpg,100,False
5,852.jpg,86,False
5,853.jpg,100,False
5,854.jpg,90,False
5,855.jpg,100,False
5,856.jpg,91,False
5,857.jpg,98,False
5,858.jpg,86,False
5,859.jpg,100,False
5,860.jpg,86,False
5,861.jpg,102,False
5,862.jpg,88,False
5,863.jpg,98,False
5,864.jpg,89,False
5,865.jpg,100,False
5,866.jpg,90,False
5,867.jpg,98,False
5,868.jpg,86,False
5,869.jpg,103,False
5,870.jpg,86,False
5,871.jpg,98,False
5,872.jpg,86,False
5,873.jpg,100,False
5,874.jpg,90,False
5,875.jpg,98,False
5,876.jpg,92,False
5,877.jpg,98,False
5,878.jpg,90,False
5,879.jpg,98,False
5,880.jpg,88,False
5,881.jpg,100,False
5,882.jpg,95,False
5,883.jpg,95,False
5,884.jpg,90,False
5,885.jpg,100,False
5,886.jpg,94,False
5,887.jpg,95,False
5,888.jpg,88,False
5,889.jpg,102,False
5,890.jpg,86,False
5,891.jpg,100,False
5,892.jpg,90,False
5,893.jpg,98,False
5,894.jpg,90,False
5,895.jpg,102,False
5,896.jpg,88,False
5,897.jpg,100,False
5,898.jpg,93,False
5,899.jpg,102,False
5,900.jpg,88,False
5,901.jpg,100,False
5,902.jpg,90,False
5,903.jpg,98,False
5,904.jpg,90,False
5,905.jpg,95,False
5,906.jpg,90,False
5,907.jpg,100,False
5,908.jpg,94,False
5,909.jpg,98,False
5,910.jpg,89,False
5,911.jpg,98,False
5,912.jpg,91,False
5,913.jpg,100,False
5,914.jpg,90,False
5,915.jpg,100,False
5,916.jpg,88,False
5,917.jpg,95,False
5,918.jpg,92,False
5,919.jpg,98,False
5,920.jpg,87,False
5,921.jpg,98,False
5,922.jpg,90,False
5,923.jpg,98,False
5,924.jpg,90,False
5,925.jpg,98,False
5,926.jpg,90,False
5,927.jpg,100,False
5,928.jpg,94,False
5,929.jpg,97,False
5,930.jpg,92,False
5,931.jpg,98,False
5,932.jpg,85,True
5,933.jpg,98,False
5,934.jpg,88,False
5,935.jpg,95,False
5,936.jpg,86,False
5,937.jpg,102,False
5,938.jpg,89,False
5,939.jpg,100,False
5,940.jpg,90,False
5,941.jpg,100,False
5,942.jpg,86,False
5,943.jpg,98,False
5,944.jpg,90,False
5,945.jpg,98,False
5,946.jpg,90,False
5,947.jpg,100,False
5,948.jpg,92,False
5,949.jpg,98,False
5,950.jpg,88,False
5,951.jpg,100,False
5,952.jpg,92,False
5,953.jpg,95,False
5,954.jpg,92,False
5,955.jpg,98,False
5,956.jpg,94,False
5,957.jpg,98,False
5,958.jpg,92,False
5,959.jpg,98,False
5,960.jpg,94,False
5,961.jpg,98,False
5,962.jpg,90,False
5,963.jpg,100,False
5,964.jpg,90,False
5,965.jpg,100,False
5,966.jpg,92,False
5,967.jpg,95,False
5,968.jpg,86,False
5,969.jpg,100,False
5,970.jpg,90,False
5,971.jpg,97,False
5,972.jpg,86,False
5,973.jpg,100,False
5,974.jpg,86,False
5,975.jpg,100,False
5,976.jpg,90,False
5,977.jpg,100,False
5,978.jpg,88,False
5,979.jpg,102,False
5,980.jpg,92,False
5,981.jpg,98,False
5,982.jpg,88,False
5,983.jpg,102,False
5,984.jpg,90,False
5,985.jpg,100,False
5,986.jpg,92,False
5,987.jpg,100,False
5,988.jpg,86,False
5,989.jpg,100,False
5,990.jpg,89,False
5,991.jpg,100,False
5,992.jpg,84,True
5,993.jpg,105,False
5,994.jpg,89,False
5,995.jpg,101,False
5,996.jpg,90,False
5,997.jpg,98,False
5,998.jpg,90,False
5,999.jpg,100,False
5,1000.jpg,94,False
5,1001.jpg,98,False
5,1002.jpg,92,False
5,1003.jpg,98,False
5,1004.jpg,88,False
5,1005.jpg,100,False
5,1006.jpg,86,False
5,1007.jpg,102,False
5,1008.jpg,93,False
5,1009.jpg,100,False
5,1010.jpg,94,False
5,1011.jpg,98,False
5,1012.jpg,90,False
5,1013.jpg,100,False
5,1014.jpg,86,False
5,1015.jpg,100,False
5,1016.jpg,89,False
5,1017.jpg,100,False
5,1018.jpg,88,False
5,1019.jpg,98,False
5,1020.jpg,90,False
5,1021.jpg,98,False
5,1022.jpg,86,False
5,1023.jpg,100,False
5,1024.jpg,88,False
5,1025.jpg,98,False
5,1026.jpg,90,False
5,1027.jpg,97,False
5,1028.jpg,90,False
5,1029.jpg,98,False
5,1030.jpg,90,False
5,1031.jpg,96,False
5,1032.jpg,90,False
5,1033.jpg,98,False
5,1034.jpg,89,False
5,1035.jpg,100,False
5,1036.jpg,93,False
5,1037.jpg,99,False
5,1038.jpg,90,False
5,1039.jpg,100,False
5,1040.jpg,91,False
5,1041.jpg,100,False
5,1042.jpg,86,False
5,1043.jpg,98,False
5,1044.jpg,88,False
5,1045.jpg,98,False
5,1046.jpg,90,False
5,1047.jpg,100,False
5,1048.jpg,82,True
5,1049.jpg,100,False
5,1050.jpg,90,False
5,1051.jpg,95,False
5,1052.jpg,86,False
5,1053.jpg,98,False
5,1054.jpg,90,False
5,1055.jpg,98,False
5,1056.jpg,88,False
5,1057.jpg,100,False
5,1058.jpg,89,False
5,1059.jpg,102,False
5,1060.jpg,90,False
5,1061.jpg,103,False
5,1062.jpg,86,False
5,1063.jpg,100,False
5,1064.jpg,95,False
5,1065.jpg,98,False
5,1066.jpg,96,False
5,1067.jpg,94,False
5,1068.jpg,91,False
5,1069.jpg,98,False
5,1070.jpg,92,False
5,1071.jpg,102,False
5,1072.jpg,91,False
5,1073.jpg,98,False
5,1074.jpg,86,False
5,1075.jpg,100,False
5,1076.jpg,85,True
5,1077.jpg,100,False
5,1078.jpg,88,False
5,1079.jpg,100,False
5,1080.jpg,94,False
5,1081.jpg,95,False
5,1082.jpg,90,False
5,1083.jpg,100,False
5,1084.jpg,86,False
5,1085.jpg,100,False
5,1086.jpg,86,False
5,1087.jpg,98,False
5,1088.jpg,88,False
5,1089.jpg,98,False
5,1090.jpg,94,False
5,1091.jpg,98,False
5,1092.jpg,89,False
5,1093.jpg,97,False
5,1094.jpg,92,False
5,1095.jpg,100,False
5,1096.jpg,88,False
5,1097.jpg,94,False
5,1098.jpg,89,False
5,1099.jpg,98,False
5,1100.jpg,92,False
5,1101.jpg,98,False
5,1102.jpg,88,False
5,1103.jpg,98,False
5,1104.jpg,86,False
5,1105.jpg,98,False
5,1106.jpg,90,False
5,1107.jpg,100,False
5,1108.jpg,85,True
5,1109.jpg,102,False
5,1110.jpg,88,False
5,1111.jpg,98,False
5,1112.jpg,92,False
5,1113.jpg,100,False
5,1114.jpg,90,False
5,1115.jpg,98,False
5,1116.jpg,88,False
5,1117.jpg,98,False
5,1118.jpg,86,False
5,1119.jpg,100,False
5,1120.jpg,90,False
5,1121.jpg,98,False
5,1122.jpg,93,False
5,1123.jpg,98,False
5,1124.jpg,90,False
5,1125.jpg,97,False
5,1126.jpg,92,False
5,1127.jpg,95,False
5,1128.jpg,89,False
5,1129.jpg,95,False
5,1130.jpg,93,False
5,1131.jpg,98,False
5,1132.jpg,86,False
5,1133.jpg,100,False
5,1134.jpg,90,False
5,1135.jpg,100,False
5,1136.jpg,88,False
5,1137.jpg,100,False
5,1138.jpg,86,False
5,1139.jpg,100,False
5,1140.jpg,92,False
5,1141.jpg,97,False
5,1142.jpg,94,False
5,1143.jpg,98,False
5,1144.jpg,90,False
5,1145.jpg,100,False
5,1146.jpg,92,False
5,1147.jpg,98,False
5,1148.jpg,88,False
5,1149.jpg,98,False
5,1150.jpg,90,False
5,1151.jpg,100,False
5,1152.jpg,81,True
5,1153.jpg,102,False
5,1154.jpg,90,False
5,1155.jpg,100,False
5,1156.jpg,92,False
5,1157.jpg,98,False
5,1158.jpg,88,False
5,1159.jpg,100,False
5,1160.jpg,89,False
5,1161.jpg,100,False
5,1162.jpg,90,False
5,1163.jpg,98,False
5,1164.jpg,88,False
5,1165.jpg,105,False
5,1166.jpg,88,False
5,1167.jpg,100,False
5,1168.jpg,92,False
5,1169.jpg,98,False
5,1170.jpg,92,False
5,1171.jpg,97,False
5,1172.jpg,92,False
5,1173.jpg,95,False
5,1174.jpg,86,False
5,1175.jpg,100,False
5,1176.jpg,92,False
5,1177.jpg,98,False
5,1178.jpg,92,False
5,1179.jpg,95,False
5,1180.jpg,89,False
5,1181.jpg,100,False
5,1182.jpg,86,False
5,1183.jpg,100,False
5,1184.jpg,93,False
5,1185.jpg,100,False
5,1186.jpg,90,False
5,1187.jpg,98,False
5,1188.jpg,91,False
5,1189.jpg,95,False
5,1190.jpg,94,False
5,1191.jpg,98,False
5,1192.jpg,86,False
5,1193.jpg,100,False
5,1194.jpg,90,False
5,1195.jpg,100,False
5,1196.jpg,85,True
5,1197.jpg,100,False
5,1198.jpg,92,False
5,1199.jpg,94,False
5,1200.jpg,94,False
5,1201.jpg,98,False
5,1202.jpg,86,False
5,1203.jpg,100,False
5,1204.jpg,89,False
5,1205.jpg,100,False
5,1206.jpg,92,False
5,1207.jpg,98,False
5,1208.jpg,90,False
5,1209.jpg,98,False
5,1210.jpg,88,False
5,1211.jpg,98,False
5,1212.jpg,91,False
5,1213.jpg,98,False
5,1214.jpg,90,False
5,1215.jpg,98,False
5,1216.jpg,88,False
5,1217.jpg,95,False
5,1218.jpg,85,True
5,1219.jpg,102,False
5,1220.jpg,88,False
5,1221.jpg,95,False
5,1222.jpg,86,False
5,1223.jpg,102,False
5,1224.jpg,86,False
5,1225.jpg,98,False
5,1226.jpg,86,False
5,1227.jpg,102,False
5,1228.jpg,86,False
5,1229.jpg,100,False
5,1230.jpg,90,False
5,1231.jpg,95,False
5,1232.jpg,94,False
5,1233.jpg,98,False
5,1234.jpg,92,False
5,1235.jpg,98,False
5,1236.jpg,88,False
5,1237.jpg,95,False
5,1238.jpg,88,False
5,1239.jpg,98,False
5,1240.jpg,90,False
5,1241.jpg,100,False
5,1242.jpg,86,False
5,1243.jpg,98,False
5,1244.jpg,88,False
5,1245.jpg,98,False
5,1246.jpg,89,False
5,1247.jpg,100,False
5,1248.jpg,88,False
5,1249.jpg,100,False
5,1250.jpg,86,False
5,1251.jpg,103,False
5,1252.jpg,86,False
5,1253.jpg,100,False
5,1254.jpg,86,False
5,1255.jpg,98,False
5,1256.jpg,90,False
5,1257.jpg,98,False
5,1258.jpg,94,False
5,1259.jpg,98,False
5,1260.jpg,90,False
5,1261.jpg,100,False
5,1262.jpg,86,False
5,1263.jpg,100,False
5,1264.jpg,90,False
5,1265.jpg,102,False
5,1266.jpg,32,True
5,1267.jpg,154,False
5,1268.jpg,88,False
5,1269.jpg,100,False
5,1270.jpg,92,False
5,1271.jpg,98,False
5,1272.jpg,86,False
5,1273.jpg,98,False
5,1274.jpg,90,False
5,1275.jpg,100,False
5,1276.jpg,82,True
5,1277.jpg,105,False
5,1278.jpg,86,False
5,1279.jpg,100,False
5,1280.jpg,93,False
5,1281.jpg,98,False
5,1282.jpg,89,False
5,1283.jpg,100,False
5,1284.jpg,91,False
5,1285.jpg,98,False
5,1286.jpg,88,False
5,1287.jpg,98,False
5,1288.jpg,91,False
5,1289.jpg,98,False
5,1290.jpg,94,False
5,1291.jpg,98,False
5,1292.jpg,86,False
5,1293.jpg,98,False
5,1294.jpg,96,False
5,1295.jpg,95,False
5,1296.jpg,93,False
5,1297.jpg,97,False
5,1298.jpg,92,False
5,1299.jpg,95,False
5,1300.jpg,90,False
5,1301.jpg,100,False
5,1302.jpg,92,False
5,1303.jpg,97,False
5,1304.jpg,90,False
5,1305.jpg,95,False
5,1306.jpg,90,False
5,1307.jpg,100,False
5,1308.jpg,92,False
5,1309.jpg,98,False
5,1310.jpg,86,False
5,1311.jpg,100,False
5,1312.jpg,92,False
5,1313.jpg,98,False
5,1314.jpg,94,False
5,1315.jpg,95,False
5,1316.jpg,86,False
5,1317.jpg,98,False
5,1318.jpg,92,False
5,1319.jpg,98,False
5,1320.jpg,86,False
5,1321.jpg,100,False
5,1322.jpg,89,False
5,1323.jpg,97,False
5,1324.jpg,90,False
5,1325.jpg,98,False
5,1326.jpg,88,False
5,1327.jpg,98,False
5,1328.jpg,90,False
5,1329.jpg,98,False
5,1330.jpg,90,False
5,1331.jpg,100,False
5,1332.jpg,93,False
5,1333.jpg,100,False
5,1334.jpg,89,False
5,1335.jpg,98,False
5,1336.jpg,89,False
5,1337.jpg,98,False
5,1338.jpg,88,False
5,1339.jpg,98,False
5,1340.jpg,92,False
5,1341.jpg,98,False
5,1342.jpg,92,False
5,1343.jpg,94,False
5,1344.jpg,91,False
5,1345.jpg,98,False
5,1346.jpg,89,False
5,1347.jpg,98,False
5,1348.jpg,90,False
5,1349.jpg,100,False
5,1350.jpg,88,False
5,1351.jpg,98,False
5,1352.jpg,93,False
5,1353.jpg,98,False
5,1354.jpg,92,False
5,1355.jpg,100,False
5,1356.jpg,88,False
5,1357.jpg,96,False
5,1358.jpg,89,False
5,1359.jpg,94,False
5,1360.jpg,86,False
5,1361.jpg,100,False
5,1362.jpg,90,False
5,1363.jpg,96,False
5,1364.jpg,88,False
5,1365.jpg,95,False
5,1366.jpg,82,True
5,1367.jpg,100,False
5,1368.jpg,92,False
5,1369.jpg,96,False
5,1370.jpg,94,False
5,1371.jpg,98,False
5,1372.jpg,92,False
5,1373.jpg,98,False
5,1374.jpg,86,False
5,1375.jpg,100,False
5,1376.jpg,88,False
5,1377.jpg,96,False
5,1378.jpg,92,False
5,1379.jpg,98,False
5,1380.jpg,88,False
5,1381.jpg,98,False
5,1382.jpg,88,False
5,1383.jpg,100,False
5,1384.jpg,93,False
5,1385.jpg,98,False
5,1386.jpg,86,False
5,1387.jpg,100,False
5,1388.jpg,90,False
5,1389.jpg,100,False
5,1390.jpg,86,False
5,1391.jpg,100,False
5,1392.jpg,90,False
5,1393.jpg,95,False
5,1394.jpg,86,False
5,1395.jpg,100,False
5,1396.jpg,93,False
5,1397.jpg,98,False
5,1398.jpg,89,False
5,1399.jpg,103,False
5,1400.jpg,89,False
5,1401.jpg,95,False
5,1402.jpg,91,False
5,1403.jpg,98,False
5,1404.jpg,86,False
5,1405.jpg,100,False
5,1406.jpg,92,False
5,1407.jpg,98,False
5,1408.jpg,86,False
5,1409.jpg,100,False
5,1410.jpg,94,False
5,1411.jpg,100,False
5,1412.jpg,94,False
5,1413.jpg,95,False
5,1414.jpg,86,False
5,1415.jpg,102,False
5,1416.jpg,86,False
5,1417.jpg,100,False
5,1418.jpg,94,False
5,1419.jpg,99,False
5,1420.jpg,88,False
5,1421.jpg,100,False
5,1422.jpg,90,False
5,1423.jpg,100,False
5,1424.jpg,89,False
5,1425.jpg,98,False
5,1426.jpg,86,False
5,1427.jpg,100,False
5,1428.jpg,89,False
5,1429.jpg,98,False
5,1430.jpg,89,False
5,1431.jpg,100,False
5,1432.jpg,88,False
5,1433.jpg,98,False
5,1434.jpg,92,False
5,1435.jpg,98,False
5,1436.jpg,90,False
5,1437.jpg,100,False
5,1438.jpg,88,False
5,1439.jpg,98,False
5,1440.jpg,90,False
5,1441.jpg,98,False
5,1442.jpg,86,False
5,1443.jpg,100,False
5,1444.jpg,90,False
5,1445.jpg,98,False
5,1446.jpg,88,False
5,1447.jpg,100,False
5,1448.jpg,88,False
5,1449.jpg,95,False
5,1450.jpg,90,False
5,1451.jpg,95,False
5,1452.jpg,86,False
5,1453.jpg,98,False
5,1454.jpg,90,False
5,1455.jpg,102,False
5,1456.jpg,96,False
5,1457.jpg,98,False
5,1458.jpg,86,False
5,1459.jpg,100,False
5,1460.jpg,90,False
5,1461.jpg,98,False
5,1462.jpg,86,False
5,1463.jpg,100,False
5,1464.jpg,86,False
5,1465.jpg,100,False
5,1466.jpg,90,False
5,1467.jpg,100,False
5,1468.jpg,92,False
5,1469.jpg,98,False
5,1470.jpg,90,False
5,1471.jpg,100,False
5,1472.jpg,90,False
5,1473.jpg,98,False
5,1474.jpg,90,False
5,1475.jpg,102,False
5,1476.jpg,89,False
5,1477.jpg,95,False
5,1478.jpg,86,False
5,1479.jpg,98,False
5,1480.jpg,90,False
5,1481.jpg,100,False
5,1482.jpg,86,False
5,1483.jpg,100,False
5,1484.jpg,86,False
5,1485.jpg,98,False
5,1486.jpg,86,False
5,1487.jpg,100,False
5,1488.jpg,89,False
5,1489.jpg,95,False
5,1490.jpg,86,False
5,1491.jpg,98,False
5,1492.jpg,86,False
5,1493.jpg,98,False
5,1494.jpg,86,False
5,1495.jpg,100,False
5,1496.jpg,85,True
5,1497.jpg,100,False
5,1498.jpg,86,False
5,1499.jpg,100,False
5,1500.jpg,93,False
5,1501.jpg,100,False
5,1502.jpg,90,False
5,1503.jpg,103,False
5,1504.jpg,89,False
5,1505.jpg,98,False
5,1506.jpg,86,False
5,1507.jpg,98,False
5,1508.jpg,93,False
5,1509.jpg,100,False
5,1510.jpg,94,False
5,1511.jpg,95,False
5,1512.jpg,92,False
5,1513.jpg,96,False
5,1514.jpg,92,False
5,1515.jpg,98,False
5,1516.jpg,96,False
5,1517.jpg,95,False
5,1518.jpg,90,False
5,1519.jpg,98,False
5,1520.jpg,85,True
5,1521.jpg,102,False
5,1522.jpg,89,False
5,1523.jpg,97,False
5,1524.jpg,90,False
5,1525.jpg,98,False
5,1526.jpg,89,False
5,1527.jpg,96,False
5,1528.jpg,85,True
5,1529.jpg,100,False
5,1530.jpg,90,False
5,1531.jpg,95,False
5,1532.jpg,91,False
5,1533.jpg,100,False
5,1534.jpg,92,False
5,1535.jpg,100,False
5,1536.jpg,89,False
5,1537.jpg,98,False
5,1538.jpg,90,False
5,1539.jpg,98,False
5,1540.jpg,92,False
5,1541.jpg,92,False
5,1542.jpg,94,False
5,1543.jpg,98,False
5,1544.jpg,90,False
5,1545.jpg,100,False
5,1546.jpg,86,False
5,1547.jpg,100,False
5,1548.jpg,94,False
5,1549.jpg,98,False
5,1550.jpg,88,False
5,1551.jpg,95,False
5,1552.jpg,86,False
5,1553.jpg,100,False
5,1554.jpg,89,False
5,1555.jpg,95,False
5,1556.jpg,86,False
5,1557.jpg,100,False
5,1558.jpg,90,False
5,1559.jpg,100,False
5,1560.jpg,90,False
5,1561.jpg,100,False
5,1562.jpg,90,False
5,1563.jpg,100,False
5,1564.jpg,94,False
5,1565.jpg,97,False
5,1566.jpg,90,False
5,1567.jpg,100,False
5,1568.jpg,92,False
5,1569.jpg,98,False
5,1570.jpg,92,False
5,1571.jpg,95,False
5,1572.jpg,92,False
5,1573.jpg,95,False
5,1574.jpg,88,False
5,1575.jpg,95,False
5,1576.jpg,86,False
5,1577.jpg,102,False
5,1578.jpg,89,False
5,1579.jpg,98,False
5,1580.jpg,86,False
5,1581.jpg,98,False
5,1582.jpg,86,False
5,1583.jpg,100,False
5,1584.jpg,93,False
5,1585.jpg,100,False
5,1586.jpg,90,False
5,1587.jpg,100,False
5,1588.jpg,88,False
5,1589.jpg,98,False
5,1590.jpg,85,True
5,1591.jpg,100,False
5,1592.jpg,90,False
5,1593.jpg,100,False
5,1594.jpg,90,False
5,1595.jpg,98,False
5,1596.jpg,93,False
5,1597.jpg,96,False
5,1598.jpg,91,False
5,1599.jpg,100,False
5,1600.jpg,92,False
5,1601.jpg,100,False
5,1602.jpg,90,False
5,1603.jpg,100,False
5,1604.jpg,88,False
5,1605.jpg,98,False
5,1606.jpg,86,False
5,1607.jpg,100,False
5,1608.jpg,94,False
5,1609.jpg,98,False
5,1610.jpg,93,False
5,1611.jpg,100,False
5,1612.jpg,90,False
5,1613.jpg,98,False
5,1614.jpg,88,False
5,1615.jpg,98,False
5,1616.jpg,88,False
5,1617.jpg,100,False
5,1618.jpg,85,True
5,1619.jpg,102,False
5,1620.jpg,86,False
5,1621.jpg,98,False
5,1622.jpg,89,False
5,1623.jpg,100,False
5,1624.jpg,88,False
5,1625.jpg,98,False
5,1626.jpg,93,False
5,1627.jpg,98,False
5,1628.jpg,88,False
5,1629.jpg,98,False
5,1630.jpg,89,False
5,1631.jpg,100,False
5,1632.jpg,88,False
5,1633.jpg,102,False
5,1634.jpg,86,False
5,1635.jpg,99,False
5,1636.jpg,86,False
5,1637.jpg,100,False
5,1638.jpg,88,False
5,1639.jpg,95,False
5,1640.jpg,85,True
5,1641.jpg,100,False
5,1642.jpg,88,False
5,1643.jpg,97,False
5,1644.jpg,85,True
5,1645.jpg,100,False
5,1646.jpg,90,False
5,1647.jpg,98,False
5,1648.jpg,92,False
5,1649.jpg,100,False
5,1650.jpg,91,False
5,1651.jpg,98,False
5,1652.jpg,90,False
5,1653.jpg,98,False
5,1654.jpg,91,False
5,1655.jpg,100,False
5,1656.jpg,90,False
5,1657.jpg,102,False
5,1658.jpg,96,False
5,1659.jpg,100,False
5,1660.jpg,90,False
5,1661.jpg,100,False
5,1662.jpg,86,False
5,1663.jpg,98,False
5,1664.jpg,90,False
5,1665.jpg,98,False
5,1666.jpg,88,False
5,1667.jpg,98,False
5,1668.jpg,86,False
5,1669.jpg,100,False
5,1670.jpg,85,True
5,1671.jpg,103,False
5,1672.jpg,90,False
5,1673.jpg,95,False
5,1674.jpg,86,False
5,1675.jpg,98,False
5,1676.jpg,93,False
5,1677.jpg,98,False
5,1678.jpg,90,False
5,1679.jpg,98,False
5,1680.jpg,86,False
5,1681.jpg,100,False
5,1682.jpg,91,False
5,1683.jpg,98,False
5,1684.jpg,85,True
5,1685.jpg,100,False
5,1686.jpg,94,False
5,1687.jpg,95,False
5,1688.jpg,89,False
5,1689.jpg,95,False
5,1690.jpg,92,False
5,1691.jpg,98,False
5,1692.jpg,90,False
5,1693.jpg,95,False
5,1694.jpg,90,False
5,1695.jpg,100,False
5,1696.jpg,94,False
5,1697.jpg,100,False
5,1698.jpg,94,False
5,1699.jpg,95,False
5,1700.jpg,85,True
5,1701.jpg,100,False
5,1702.jpg,94,False
5,1703.jpg,95,False
5,1704.jpg,86,False
5,1705.jpg,100,False
5,1706.jpg,90,False
5,1707.jpg,98,False
5,1708.jpg,95,False
5,1709.jpg,96,False
5,1710.jpg,88,False
5,1711.jpg,98,False
5,1712.jpg,90,False
5,1713.jpg,98,False
5,1714.jpg,86,False
5,1715.jpg,100,False
5,1716.jpg,94,False
5,1717.jpg,98,False
5,1718.jpg,89,False
5,1719.jpg,102,False
5,1720.jpg,90,False
5,1721.jpg,100,False
5,1722.jpg,94,False
5,1723.jpg,98,False
5,1724.jpg,92,False
5,1725.jpg,98,False
5,1726.jpg,86,False
5,1727.jpg,102,False
5,1728.jpg,91,False
5,1729.jpg,95,False
5,1730.jpg,91,False
5,1731.jpg,98,False
5,1732.jpg,88,False
5,1733.jpg,102,False
5,1734.jpg,89,False
5,1735.jpg,98,False
5,1736.jpg,93,False
5,1737.jpg,100,False
5,1738.jpg,92,False
5,1739.jpg,98,False
5,1740.jpg,88,False
5,1741.jpg,98,False
5,1742.jpg,90,False
5,1743.jpg,100,False
5,1744.jpg,86,False
5,1745.jpg,98,False
5,1746.jpg,92,False
5,1747.jpg,95,False
5,1748.jpg,90,False
5,1749.jpg,95,False
5,1750.jpg,86,False
5,1751.jpg,98,False
5,1752.jpg,93,False
5,1753.jpg,95,False
5,1754.jpg,86,False
5,1755.jpg,100,False
5,1756.jpg,89,False
5,1757.jpg,98,False
5,1758.jpg,90,False
5,1759.jpg,102,False
5,1760.jpg,92,False
5,1761.jpg,98,False
5,1762.jpg,88,False
5,1763.jpg,98,False
5,1764.jpg,86,False
5,1765.jpg,98,False
5,1766.jpg,86,False
5,1767.jpg,102,False
5,1768.jpg,86,False
5,1769.jpg,98,False
5,1770.jpg,86,False
5,1771.jpg,100,False
5,1772.jpg,94,False
5,1773.jpg,98,False
5,1774.jpg,90,False
5,1775.jpg,102,False
5,1776.jpg,86,False
5,1777.jpg,100,False
5,1778.jpg,91,False
5,1779.jpg,98,False
5,1780.jpg,86,False
5,1781.jpg,98,False
5,1782.jpg,90,False
5,1783.jpg,100,False
5,1784.jpg,94,False
5,1785.jpg,98,False
5,1786.jpg,92,False
5,1787.jpg,100,False
5,1788.jpg,86,False
5,1789.jpg,100,False
5,1790.jpg,86,False
5,1791.jpg,100,False
5,1792.jpg,86,False
5,1793.jpg,100,False
5,1794.jpg,92,False
5,1795.jpg,98,False
5,1796.jpg,92,False
5,1797.jpg,98,False
5,1798.jpg,86,False
5,1799.jpg,100,False
5,1800.jpg,96,False
5,1801.jpg,98,False
5,1802.jpg,88,False
5,1803.jpg,100,False
5,1804.jpg,89,False
5,1805.jpg,98,False
5,1806.jpg,86,False
5,1807.jpg,102,False
5,1808.jpg,96,False
5,1809.jpg,102,False
5,1810.jpg,86,False
5,1811.jpg,100,False
7.5,0.jpg,91,False
7.5,1.jpg,99,False
7.5,2.jpg,97,False
7.5,3.jpg,98,False
7.5,4.jpg,92,False
7.5,5.jpg,98,False
7.5,6.jpg,92,False
7.5,7.jpg,98,False
7.5,8.jpg,92,False
7.5,9.jpg,98,False
7.5,10.jpg,90,False
7.5,11.jpg,100,False
7.5,12.jpg,90,False
7.5,13.jpg,98,False
7.5,14.jpg,93,False
7.5,15.jpg,95,False
7.5,16.jpg,92,False
7.5,17.jpg,98,False
7.5,18.jpg,93,False
7.5,19.jpg,94,False
7.5,20.jpg,93,False
7.5,21.jpg,98,False
7.5,22.jpg,90,False
7.5,23.jpg,98,False
7.5,24.jpg,90,False
7.5,25.jpg,100,False
7.5,26.jpg,92,False
7.5,27.jpg,98,False
7.5,28.jpg,90,False
7.5,29.jpg,95,False
7.5,30.jpg,89,False
7.5,31.jpg,98,False
7.5,32.jpg,91,False
7.5,33.jpg,98,False
7.5,34.jpg,89,False
7.5,35.jpg,96,False
7.5,36.jpg,93,False
7.5,37.jpg,95,False
7.5,38.jpg,90,False
7.5,39.jpg,100,False
7.5,40.jpg,87,False
7.5,41.jpg,103,False
7.5,42.jpg,85,True
7.5,43.jpg,98,False
7.5,44.jpg,94,False
7.5,45.jpg,94,False
7.5,46.jpg,91,False
7.5,47.jpg,98,False
7.5,48.jpg,90,False
7.5,49.jpg,98,False
7.5,50.jpg,98,False
7.5,51.jpg,95,False
7.5,52.jpg,95,False
7.5,53.jpg,98,False
7.5,54.jpg,92,False
7.5,55.jpg,98,False
7.5,56.jpg,90,False
7.5,57.jpg,96,False
7.5,58.jpg,92,False
7.5,59.jpg,100,False
7.5,60.jpg,90,False
7.5,61.jpg,98,False
7.5,62.jpg,89,False
7.5,63.jpg,98,False
7.5,64.jpg,90,False
7.5,65.jpg,98,False
7.5,66.jpg,88,False
7.5,67.jpg,94,False
7.5,68.jpg,91,False
7.5,69.jpg,98,False
7.5,70.jpg,92,False
7.5,71.jpg,100,False
7.5,72.jpg,92,False
7.5,73.jpg,92,False
7.5,74.jpg,92,False
7.5,75.jpg,95,False
7.5,76.jpg,92,False
7.5,77.jpg,100,False
7.5,78.jpg,93,False
7.5,79.jpg,98,False
7.5,80.jpg,90,False
7.5,81.jpg,98,False
7.5,82.jpg,92,False
7.5,83.jpg,98,False
7.5,84.jpg,90,False
7.5,85.jpg,98,False
7.5,86.jpg,91,False
7.5,87.jpg,98,False
7.5,88.jpg,90,False
7.5,89.jpg,100,False
7.5,90.jpg,92,False
7.5,91.jpg,98,False
7.5,92.jpg,92,False
7.5,93.jpg,98,False
7.5,94.jpg,89,False
7.5,95.jpg,98,False
7.5,96.jpg,92,False
7.5,97.jpg,98,False
7.5,98.jpg,92,False
7.5,99.jpg,98,False
7.5,100.jpg,90,False
7.5,101.jpg,100,False
7.5,102.jpg,92,False
7.5,103.jpg,97,False
7.5,104.jpg,89,False
7.5,105.jpg,98,False
7.5,106.jpg,95,False
7.5,107.jpg,98,False
7.5,108.jpg,92,False
7.5,109.jpg,98,False
7.5,110.jpg,94,False
7.5,111.jpg,98,False
7.5,112.jpg,90,False
7.5,113.jpg,100,False
7.5,114.jpg,90,False
7.5,115.jpg,100,False
7.5,116.jpg,120,False
7.5,117.jpg,74,True
7.5,118.jpg,92,False
7.5,119.jpg,98,False
7.5,120.jpg,92,False
7.5,121.jpg,98,False
7.5,122.jpg,94,False
7.5,123.jpg,100,False
7.5,124.jpg,92,False
7.5,125.jpg,98,False
7.5,126.jpg,89,False
7.5,127.jpg,98,False
7.5,128.jpg,89,False
7.5,129.jpg,100,False
7.5,130.jpg,93,False
7.5,131.jpg,98,False
7.5,132.jpg,90,False
7.5,133.jpg,98,False
7.5,134.jpg,89,False
7.5,135.jpg,98,False
7.5,136.jpg,92,False
7.5,137.jpg,95,False
7.5,138.jpg,92,False
7.5,139.jpg,94,False
7.5,140.jpg,90,False
7.5,141.jpg,94,False
7.5,142.jpg,90,False
7.5,143.jpg,98,False
7.5,144.jpg,92,False
7.5,145.jpg,96,False
7.5,146.jpg,92,False
7.5,147.jpg,97,False
7.5,148.jpg,92,False
7.5,149.jpg,98,False
7.5,150.jpg,90,False
7.5,151.jpg,100,False
7.5,152.jpg,92,False
7.5,153.jpg,98,False
7.5,154.jpg,92,False
7.5,155.jpg,95,False
7.5,156.jpg,92,False
7.5,157.jpg,98,False
7.5,158.jpg,89,False
7.5,159.jpg,95,False
7.5,160.jpg,90,False
7.5,161.jpg,99,False
7.5,162.jpg,77,True
7.5,163.jpg,38,True
7.5,164.jpg,92,False
7.5,165.jpg,98,False
7.5,166.jpg,90,False
7.5,167.jpg,92,False
7.5,168.jpg,90,False
7.5,169.jpg,95,False
7.5,170.jpg,95,False
7.5,171.jpg,95,False
7.5,172.jpg,90,False
7.5,173.jpg,95,False
7.5,174.jpg,89,False
7.5,175.jpg,96,False
7.5,176.jpg,92,False
7.5,177.jpg,100,False
7.5,178.jpg,92,False
7.5,179.jpg,98,False
7.5,180.jpg,94,False
7.5,181.jpg,98,False
7.5,182.jpg,88,False
7.5,183.jpg,96,False
7.5,184.jpg,92,False
7.5,185.jpg,100,False
7.5,186.jpg,95,False
7.5,187.jpg,100,False
7.5,188.jpg,94,False
7.5,189.jpg,98,False
7.5,190.jpg,89,False
7.5,191.jpg,100,False
7.5,192.jpg,90,False
7.5,193.jpg,100,False
7.5,194.jpg,90,False
7.5,195.jpg,98,False
7.5,196.jpg,90,False
7.5,197.jpg,95,False
7.5,198.jpg,92,False
7.5,199.jpg,98,False
7.5,200.jpg,90,False
7.5,201.jpg,98,False
7.5,202.jpg,92,False
7.5,203.jpg,100,False
7.5,204.jpg,89,False
7.5,205.jpg,92,False
7.5,206.jpg,90,False
7.5,207.jpg,98,False
7.5,208.jpg,91,False
7.5,209.jpg,95,False
7.5,210.jpg,90,False
7.5,211.jpg,98,False
7.5,212.jpg,90,False
7.5,213.jpg,98,False
7.5,214.jpg,92,False
7.5,215.jpg,98,False
7.5,216.jpg,86,False
7.5,217.jpg,95,False
7.5,218.jpg,94,False
7.5,219.jpg,98,False
7.5,220.jpg,92,False
7.5,221.jpg,98,False
7.5,222.jpg,90,False
7.5,223.jpg,98,False
7.5,224.jpg,98,False
7.5,225.jpg,98,False
7.5,226.jpg,89,False
7.5,227.jpg,98,False
7.5,228.jpg,86,False
7.5,229.jpg,98,False
7.5,230.jpg,89,False
7.5,231.jpg,100,False
7.5,232.jpg,90,False
7.5,233.jpg,95,False
7.5,234.jpg,86,False
7.5,235.jpg,94,False
7.5,236.jpg,89,False
7.5,237.jpg,98,False
7.5,238.jpg,89,False
7.5,239.jpg,98,False
7.5,240.jpg,89,False
7.5,241.jpg,100,False
7.5,242.jpg,92,False
7.5,243.jpg,100,False
7.5,244.jpg,92,False
7.5,245.jpg,98,False
7.5,246.jpg,94,False
7.5,247.jpg,100,False
7.5,248.jpg,92,False
7.5,249.jpg,100,False
7.5,250.jpg,94,False
7.5,251.jpg,94,False
7.5,252.jpg,90,False
7.5,253.jpg,98,False
7.5,254.jpg,89,False
7.5,255.jpg,101,False
7.5,256.jpg,94,False
7.5,257.jpg,98,False
7.5,258.jpg,89,False
7.5,259.jpg,98,False
7.5,260.jpg,89,False
7.5,261.jpg,98,False
7.5,262.jpg,89,False
7.5,263.jpg,96,False
7.5,264.jpg,95,False
7.5,265.jpg,98,False
7.5,266.jpg,92,False
7.5,267.jpg,98,False
7.5,268.jpg,93,False
7.5,269.jpg,100,False
7.5,270.jpg,90,False
7.5,271.jpg,94,False
7.5,272.jpg,92,False
7.5,273.jpg,98,False
7.5,274.jpg,90,False
7.5,275.jpg,95,False
7.5,276.jpg,95,False
7.5,277.jpg,98,False
7.5,278.jpg,88,False
7.5,279.jpg,100,False
7.5,280.jpg,94,False
7.5,281.jpg,98,False
7.5,282.jpg,90,False
7.5,283.jpg,98,False
7.5,284.jpg,93,False
7.5,285.jpg,98,False
7.5,286.jpg,90,False
7.5,287.jpg,92,False
7.5,288.jpg,92,False
7.5,289.jpg,98,False
7.5,290.jpg,89,False
7.5,291.jpg,98,False
7.5,292.jpg,94,False
7.5,293.jpg,100,False
7.5,294.jpg,90,False
7.5,295.jpg,100,False
7.5,296.jpg,90,False
7.5,297.jpg,98,False
7.5,298.jpg,95,False
7.5,299.jpg,98,False
7.5,300.jpg,94,False
7.5,301.jpg,94,False
7.5,302.jpg,92,False
7.5,303.jpg,98,False
7.5,304.jpg,91,False
7.5,305.jpg,98,False
7.5,306.jpg,92,False
7.5,307.jpg,98,False
7.5,308.jpg,93,False
7.5,309.jpg,95,False
7.5,310.jpg,89,False
7.5,311.jpg,100,False
7.5,312.jpg,92,False
7.5,313.jpg,98,False
7.5,314.jpg,93,False
7.5,315.jpg,95,False
7.5,316.jpg,95,False
7.5,317.jpg,94,False
7.5,318.jpg,90,False
7.5,319.jpg,98,False
7.5,320.jpg,90,False
7.5,321.jpg,94,False
7.5,322.jpg,90,False
7.5,323.jpg,98,False
7.5,324.jpg,92,False
7.5,325.jpg,98,False
7.5,326.jpg,92,False
7.5,327.jpg,98,False
7.5,328.jpg,90,False
7.5,329.jpg,98,False
7.5,330.jpg,94,False
7.5,331.jpg,94,False
7.5,332.jpg,88,False
7.5,333.jpg,98,False
7.5,334.jpg,86,False
7.5,335.jpg,94,False
7.5,336.jpg,92,False
7.5,337.jpg,100,False
7.5,338.jpg,90,False
7.5,339.jpg,98,False
7.5,340.jpg,98,False
7.5,341.jpg,94,False
7.5,342.jpg,90,False
7.5,343.jpg,98,False
7.5,344.jpg,93,False
7.5,345.jpg,98,False
7.5,346.jpg,88,False
7.5,347.jpg,98,False
7.5,348.jpg,92,False
7.5,349.jpg,98,False
7.5,350.jpg,90,False
7.5,351.jpg,98,False
7.5,352.jpg,94,False
7.5,353.jpg,98,False
7.5,354.jpg,90,False
7.5,355.jpg,95,False
7.5,356.jpg,92,False
7.5,357.jpg,97,False
7.5,358.jpg,90,False
7.5,359.jpg,98,False
7.5,360.jpg,89,False
7.5,361.jpg,98,False
7.5,362.jpg,94,False
7.5,363.jpg,98,False
7.5,364.jpg,91,False
7.5,365.jpg,98,False
7.5,366.jpg,89,False
7.5,367.jpg,95,False
7.5,368.jpg,92,False
7.5,369.jpg,98,False
7.5,370.jpg,93,False
7.5,371.jpg,98,False
7.5,372.jpg,90,False
7.5,373.jpg,98,False
7.5,374.jpg,87,False
7.5,375.jpg,100,False
7.5,376.jpg,89,False
7.5,377.jpg,95,False
7.5,378.jpg,89,False
7.5,379.jpg,95,False
7.5,380.jpg,90,False
7.5,381.jpg,98,False
7.5,382.jpg,89,False
7.5,383.jpg,95,False
7.5,384.jpg,89,False
7.5,385.jpg,92,False
7.5,386.jpg,92,False
7.5,387.jpg,100,False
7.5,388.jpg,56,True
7.5,389.jpg,37,True
7.5,390.jpg,98,False
7.5,391.jpg,100,False
7.5,392.jpg,90,False
7.5,393.jpg,95,False
7.5,394.jpg,90,False
7.5,395.jpg,98,False
7.5,396.jpg,88,False
7.5,397.jpg,94,False
7.5,398.jpg,92,False
7.5,399.jpg,100,False
7.5,400.jpg,89,False
7.5,401.jpg,98,False
7.5,402.jpg,90,False
7.5,403.jpg,98,False
7.5,404.jpg,95,False
7.5,405.jpg,98,False
7.5,406.jpg,89,False
7.5,407.jpg,99,False
7.5,408.jpg,94,False
7.5,409.jpg,98,False
7.5,410.jpg,92,False
7.5,411.jpg,98,False
7.5,412.jpg,95,False
7.5,413.jpg,95,False
7.5,414.jpg,92,False
7.5,415.jpg,98,False
7.5,416.jpg,93,False
7.5,417.jpg,92,False
7.5,418.jpg,86,False
7.5,419.jpg,94,False
7.5,420.jpg,89,False
7.5,421.jpg,98,False
7.5,422.jpg,86,False
7.5,423.jpg,96,False
7.5,424.jpg,89,False
7.5,425.jpg,94,False
7.5,426.jpg,95,False
7.5,427.jpg,98,False
7.5,428.jpg,92,False
7.5,429.jpg,98,False
7.5,430.jpg,94,False
7.5,431.jpg,95,False
7.5,432.jpg,93,False
7.5,433.jpg,98,False
7.5,434.jpg,87,False
7.5,435.jpg,94,False
7.5,436.jpg,91,False
7.5,437.jpg,98,False
7.5,438.jpg,89,False
7.5,439.jpg,95,False
7.5,440.jpg,95,False
7.5,441.jpg,98,False
7.5,442.jpg,89,False
7.5,443.jpg,95,False
7.5,444.jpg,92,False
7.5,445.jpg,100,False
7.5,446.jpg,90,False
7.5,447.jpg,98,False
7.5,448.jpg,90,False
7.5,449.jpg,98,False
7.5,450.jpg,94,False
7.5,451.jpg,98,False
7.5,452.jpg,92,False
7.5,453.jpg,100,False
7.5,454.jpg,90,False
7.5,455.jpg,100,False
7.5,456.jpg,89,False
7.5,457.jpg,94,False
7.5,458.jpg,95,False
7.5,459.jpg,94,False
7.5,460.jpg,90,False
7.5,461.jpg,100,False
7.5,462.jpg,87,False
7.5,463.jpg,98,False
7.5,464.jpg,86,False
7.5,465.jpg,95,False
7.5,466.jpg,90,False
7.5,467.jpg,94,False
7.5,468.jpg,92,False
7.5,469.jpg,98,False
7.5,470.jpg,95,False
7.5,471.jpg,98,False
7.5,472.jpg,94,False
7.5,473.jpg,98,False
7.5,474.jpg,92,False
7.5,475.jpg,100,False
7.5,476.jpg,96,False
7.5,477.jpg,98,False
7.5,478.jpg,91,False
7.5,479.jpg,95,False
7.5,480.jpg,88,False
7.5,481.jpg,94,False
7.5,482.jpg,90,False
7.5,483.jpg,97,False
7.5,484.jpg,93,False
7.5,485.jpg,98,False
7.5,486.jpg,90,False
7.5,487.jpg,98,False
7.5,488.jpg,95,False
7.5,489.jpg,100,False
7.5,490.jpg,97,False
7.5,491.jpg,98,False
7.5,492.jpg,95,False
7.5,493.jpg,98,False
7.5,494.jpg,90,False
7.5,495.jpg,96,False
7.5,496.jpg,89,False
7.5,497.jpg,100,False
7.5,498.jpg,94,False
7.5,499.jpg,98,False
7.5,500.jpg,94,False
7.5,501.jpg,94,False
7.5,502.jpg,93,False
7.5,503.jpg,98,False
7.5,504.jpg,92,False
7.5,505.jpg,98,False
7.5,506.jpg,90,False
7.5,507.jpg,100,False
7.5,508.jpg,89,False
7.5,509.jpg,98,False
7.5,510.jpg,95,False
7.5,511.jpg,98,False
7.5,512.jpg,90,False
7.5,513.jpg,98,False
7.5,514.jpg,89,False
7.5,515.jpg,100,False
7.5,516.jpg,94,False
7.5,517.jpg,98,False
7.5,518.jpg,90,False
7.5,519.jpg,98,False
7.5,520.jpg,91,False
7.5,521.jpg,98,False
7.5,522.jpg,90,False
7.5,523.jpg,95,False
7.5,524.jpg,95,False
7.5,525.jpg,100,False
7.5,526.jpg,89,False
7.5,527.jpg,100,False
7.5,528.jpg,89,False
7.5,529.jpg,98,False
7.5,530.jpg,90,False
7.5,531.jpg,98,False
7.5,532.jpg,92,False
7.5,533.jpg,100,False
7.5,534.jpg,89,False
7.5,535.jpg,94,False
7.5,536.jpg,90,False
7.5,537.jpg,100,False
7.5,538.jpg,89,False
7.5,539.jpg,98,False
7.5,540.jpg,90,False
7.5,541.jpg,98,False
7.5,542.jpg,90,False
7.5,543.jpg,98,False
7.5,544.jpg,90,False
7.5,545.jpg,95,False
7.5,546.jpg,90,False
7.5,547.jpg,98,False
7.5,548.jpg,92,False
7.5,549.jpg,98,False
7.5,550.jpg,92,False
7.5,551.jpg,98,False
7.5,552.jpg,93,False
7.5,553.jpg,95,False
7.5,554.jpg,92,False
7.5,555.jpg,98,False
7.5,556.jpg,92,False
7.5,557.jpg,98,False
7.5,558.jpg,93,False
7.5,559.jpg,98,False
7.5,560.jpg,91,False
7.5,561.jpg,98,False
7.5,562.jpg,86,False
7.5,563.jpg,97,False
7.5,564.jpg,92,False
7.5,565.jpg,97,False
7.5,566.jpg,92,False
7.5,567.jpg,98,False
7.5,568.jpg,90,False
7.5,569.jpg,98,False
7.5,570.jpg,92,False
7.5,571.jpg,98,False
7.5,572.jpg,90,False
7.5,573.jpg,96,False
7.5,574.jpg,95,False
7.5,575.jpg,95,False
7.5,576.jpg,92,False
7.5,577.jpg,98,False
7.5,578.jpg,92,False
7.5,579.jpg,98,False
7.5,580.jpg,90,False
7.5,581.jpg,94,False
7.5,582.jpg,90,False
7.5,583.jpg,98,False
7.5,584.jpg,94,False
7.5,585.jpg,98,False
7.5,586.jpg,90,False
7.5,587.jpg,98,False
7.5,588.jpg,93,False
7.5,589.jpg,98,False
7.5,590.jpg,89,False
7.5,591.jpg,100,False
7.5,592.jpg,89,False
7.5,593.jpg,98,False
7.5,594.jpg,89,False
7.5,595.jpg,98,False
7.5,596.jpg,90,False
7.5,597.jpg,98,False
7.5,598.jpg,89,False
7.5,599.jpg,98,False
7.5,600.jpg,90,False
7.5,601.jpg,98,False
7.5,602.jpg,92,False
7.5,603.jpg,100,False
7.5,604.jpg,95,False
7.5,605.jpg,96,False
7.5,606.jpg,92,False
7.5,607.jpg,98,False
7.5,608.jpg,94,False
7.5,609.jpg,98,False
7.5,610.jpg,89,False
7.5,611.jpg,100,False
7.5,612.jpg,90,False
7.5,613.jpg,98,False
7.5,614.jpg,90,False
7.5,615.jpg,100,False
7.5,616.jpg,89,False
7.5,617.jpg,100,False
7.5,618.jpg,89,False
7.5,619.jpg,92,False
7.5,620.jpg,90,False
7.5,621.jpg,98,False
7.5,622.jpg,92,False
7.5,623.jpg,98,False
7.5,624.jpg,88,False
7.5,625.jpg,94,False
7.5,626.jpg,90,False
7.5,627.jpg,98,False
7.5,628.jpg,85,True
7.5,629.jpg,92,False
7.5,630.jpg,92,False
7.5,631.jpg,100,False
7.5,632.jpg,98,False
7.5,633.jpg,98,False
7.5,634.jpg,92,False
7.5,635.jpg,100,False
7.5,636.jpg,94,False
7.5,637.jpg,95,False
7.5,638.jpg,92,False
7.5,639.jpg,98,False
7.5,640.jpg,94,False
7.5,641.jpg,95,False
7.5,642.jpg,89,False
7.5,643.jpg,94,False
7.5,644.jpg,92,False
7.5,645.jpg,98,False
7.5,646.jpg,89,False
7.5,647.jpg,98,False
7.5,648.jpg,89,False
7.5,649.jpg,98,False
7.5,650.jpg,90,False
7.5,651.jpg,98,False
7.5,652.jpg,92,False
7.5,653.jpg,98,False
7.5,654.jpg,95,False
7.5,655.jpg,98,False
7.5,656.jpg,92,False
7.5,657.jpg,98,False
7.5,658.jpg,92,False
7.5,659.jpg,98,False
7.5,660.jpg,94,False
7.5,661.jpg,98,False
7.5,662.jpg,89,False
7.5,663.jpg,98,False
7.5,664.jpg,90,False
7.5,665.jpg,95,False
7.5,666.jpg,95,False
7.5,667.jpg,98,False
7.5,668.jpg,94,False
7.5,669.jpg,98,False
7.5,670.jpg,89,False
7.5,671.jpg,98,False
7.5,672.jpg,90,False
7.5,673.jpg,98,False
7.5,674.jpg,90,False
7.5,675.jpg,98,False
7.5,676.jpg,93,False
7.5,677.jpg,95,False
7.5,678.jpg,92,False
7.5,679.jpg,98,False
7.5,680.jpg,90,False
7.5,681.jpg,96,False
7.5,682.jpg,94,False
7.5,683.jpg,95,False
7.5,684.jpg,95,False
7.5,685.jpg,98,False
7.5,686.jpg,94,False
7.5,687.jpg,98,False
7.5,688.jpg,92,False
7.5,689.jpg,95,False
7.5,690.jpg,92,False
7.5,691.jpg,98,False
7.5,692.jpg,94,False
7.5,693.jpg,98,False
7.5,694.jpg,90,False
7.5,695.jpg,98,False
7.5,696.jpg,90,False
7.5,697.jpg,100,False
7.5,698.jpg,90,False
7.5,699.jpg,100,False
7.5,700.jpg,93,False
7.5,701.jpg,98,False
7.5,702.jpg,90,False
7.5,703.jpg,95,False
7.5,704.jpg,90,False
7.5,705.jpg,98,False
7.5,706.jpg,89,False
7.5,707.jpg,98,False
7.5,708.jpg,90,False
7.5,709.jpg,95,False
7.5,710.jpg,90,False
7.5,711.jpg,100,False
7.5,712.jpg,92,False
7.5,713.jpg,98,False
7.5,714.jpg,90,False
7.5,715.jpg,100,False
7.5,716.jpg,92,False
7.5,717.jpg,98,False
7.5,718.jpg,94,False
7.5,719.jpg,100,False
7.5,720.jpg,94,False
7.5,721.jpg,98,False
7.5,722.jpg,90,False
7.5,723.jpg,98,False
7.5,724.jpg,92,False
7.5,725.jpg,92,False
7.5,726.jpg,90,False
7.5,727.jpg,100,False
7.5,728.jpg,90,False
7.5,729.jpg,98,False
7.5,730.jpg,94,False
7.5,731.jpg,97,False
7.5,732.jpg,90,False
7.5,733.jpg,98,False
7.5,734.jpg,92,False
7.5,735.jpg,100,False
7.5,736.jpg,95,False
7.5,737.jpg,94,False
7.5,738.jpg,89,False
7.5,739.jpg,98,False
7.5,740.jpg,93,False
7.5,741.jpg,98,False
7.5,742.jpg,92,False
7.5,743.jpg,98,False
7.5,744.jpg,96,False
7.5,745.jpg,98,False
7.5,746.jpg,95,False
7.5,747.jpg,98,False
7.5,748.jpg,90,False
7.5,749.jpg,96,False
7.5,750.jpg,90,False
7.5,751.jpg,94,False
7.5,752.jpg,92,False
7.5,753.jpg,98,False
7.5,754.jpg,91,False
7.5,755.jpg,98,False
7.5,756.jpg,87,False
7.5,757.jpg,95,False
7.5,758.jpg,93,False
7.5,759.jpg,98,False
7.5,760.jpg,90,False
7.5,761.jpg,98,False
7.5,762.jpg,92,False
7.5,763.jpg,98,False
7.5,764.jpg,92,False
7.5,765.jpg,94,False
7.5,766.jpg,91,False
7.5,767.jpg,98,False
7.5,768.jpg,92,False
7.5,769.jpg,98,False
7.5,770.jpg,95,False
7.5,771.jpg,100,False
7.5,772.jpg,90,False
7.5,773.jpg,98,False
7.5,774.jpg,92,False
7.5,775.jpg,98,False
7.5,776.jpg,92,False
7.5,777.jpg,102,False
7.5,778.jpg,88,False
7.5,779.jpg,100,False
7.5,780.jpg,92,False
7.5,781.jpg,98,False
7.5,782.jpg,96,False
7.5,783.jpg,98,False
7.5,784.jpg,94,False
7.5,785.jpg,98,False
7.5,786.jpg,85,True
7.5,787.jpg,98,False
7.5,788.jpg,95,False
7.5,789.jpg,98,False
7.5,790.jpg,89,False
7.5,791.jpg,98,False
7.5,792.jpg,90,False
7.5,793.jpg,97,False
7.5,794.jpg,90,False
7.5,795.jpg,98,False
7.5,796.jpg,89,False
7.5,797.jpg,98,False
7.5,798.jpg,88,False
7.5,799.jpg,100,False
7.5,800.jpg,93,False
7.5,801.jpg,95,False
7.5,802.jpg,92,False
7.5,803.jpg,100,False
7.5,804.jpg,92,False
7.5,805.jpg,98,False
7.5,806.jpg,92,False
7.5,807.jpg,98,False
7.5,808.jpg,92,False
7.5,809.jpg,95,False
7.5,810.jpg,94,False
7.5,811.jpg,95,False
7.5,812.jpg,96,False
7.5,813.jpg,98,False
7.5,814.jpg,94,False
7.5,815.jpg,98,False
7.5,816.jpg,92,False
7.5,817.jpg,98,False
7.5,818.jpg,94,False
7.5,819.jpg,100,False
7.5,820.jpg,95,False
7.5,821.jpg,98,False
7.5,822.jpg,90,False
7.5,823.jpg,100,False
7.5,824.jpg,92,False
7.5,825.jpg,96,False
7.5,826.jpg,98,False
7.5,827.jpg,98,False
7.5,828.jpg,92,False
7.5,829.jpg,98,False
7.5,830.jpg,90,False
7.5,831.jpg,96,False
7.5,832.jpg,93,False
7.5,833.jpg,98,False
7.5,834.jpg,90,False
7.5,835.jpg,96,False
7.5,836.jpg,90,False
7.5,837.jpg,100,False
7.5,838.jpg,93,False
7.5,839.jpg,96,False
7.5,840.jpg,90,False
7.5,841.jpg,98,False
7.5,842.jpg,92,False
7.5,843.jpg,98,False
7.5,844.jpg,86,False
7.5,845.jpg,95,False
7.5,846.jpg,90,False
7.5,847.jpg,98,False
7.5,848.jpg,89,False
7.5,849.jpg,95,False
7.5,850.jpg,92,False
7.5,851.jpg,97,False
7.5,852.jpg,90,False
7.5,853.jpg,98,False
7.5,854.jpg,94,False
7.5,855.jpg,100,False
7.5,856.jpg,95,False
7.5,857.jpg,100,False
7.5,858.jpg,91,False
7.5,859.jpg,99,False
7.5,860.jpg,92,False
7.5,861.jpg,98,False
7.5,862.jpg,89,False
7.5,863.jpg,98,False
7.5,864.jpg,94,False
7.5,865.jpg,98,False
7.5,866.jpg,93,False
7.5,867.jpg,94,False
7.5,868.jpg,92,False
7.5,869.jpg,98,False
7.5,870.jpg,90,False
7.5,871.jpg,98,False
7.5,872.jpg,92,False
7.5,873.jpg,98,False
7.5,874.jpg,89,False
7.5,875.jpg,98,False
7.5,876.jpg,94,False
7.5,877.jpg,98,False
7.5,878.jpg,94,False
7.5,879.jpg,98,False
7.5,880.jpg,94,False
7.5,881.jpg,98,False
7.5,882.jpg,94,False
7.5,883.jpg,98,False
7.5,884.jpg,93,False
7.5,885.jpg,98,False
7.5,886.jpg,88,False
7.5,887.jpg,74,True
7.5,888.jpg,89,False
7.5,889.jpg,96,False
7.5,890.jpg,94,False
7.5,891.jpg,97,False
7.5,892.jpg,92,False
7.5,893.jpg,98,False
7.5,894.jpg,95,False
7.5,895.jpg,95,False
7.5,896.jpg,89,False
7.5,897.jpg,101,False
7.5,898.jpg,93,False
7.5,899.jpg,98,False
7.5,900.jpg,95,False
7.5,901.jpg,98,False
7.5,902.jpg,89,False
7.5,903.jpg,98,False
7.5,904.jpg,90,False
7.5,905.jpg,95,False
7.5,906.jpg,89,False
7.5,907.jpg,98,False
7.5,908.jpg,91,False
7.5,909.jpg,99,False
7.5,910.jpg,92,False
7.5,911.jpg,100,False
7.5,912.jpg,89,False
7.5,913.jpg,98,False
7.5,914.jpg,92,False
7.5,915.jpg,98,False
7.5,916.jpg,94,False
7.5,917.jpg,98,False
7.5,918.jpg,90,False
7.5,919.jpg,98,False
7.5,920.jpg,90,False
7.5,921.jpg,100,False
7.5,922.jpg,90,False
7.5,923.jpg,100,False
7.5,924.jpg,95,False
7.5,925.jpg,100,False
7.5,926.jpg,95,False
7.5,927.jpg,100,False
7.5,928.jpg,90,False
7.5,929.jpg,98,False
7.5,930.jpg,86,False
7.5,931.jpg,95,False
7.5,932.jpg,89,False
7.5,933.jpg,100,False
7.5,934.jpg,88,False
7.5,935.jpg,98,False
7.5,936.jpg,90,False
7.5,937.jpg,98,False
7.5,938.jpg,95,False
7.5,939.jpg,98,False
7.5,940.jpg,90,False
7.5,941.jpg,100,False
7.5,942.jpg,94,False
7.5,943.jpg,98,False
7.5,944.jpg,90,False
7.5,945.jpg,95,False
7.5,946.jpg,91,False
7.5,947.jpg,99,False
7.5,948.jpg,94,False
7.5,949.jpg,95,False
7.5,950.jpg,89,False
7.5,951.jpg,98,False
7.5,952.jpg,94,False
7.5,953.jpg,95,False
7.5,954.jpg,88,False
7.5,955.jpg,98,False
7.5,956.jpg,90,False
7.5,957.jpg,100,False
7.5,958.jpg,88,False
7.5,959.jpg,37,True
7.5,960.jpg,91,False
7.5,961.jpg,98,False
7.5,962.jpg,90,False
7.5,963.jpg,98,False
7.5,964.jpg,89,False
7.5,965.jpg,95,False
7.5,966.jpg,94,False
7.5,967.jpg,99,False
7.5,968.jpg,90,False
7.5,969.jpg,95,False
7.5,970.jpg,89,False
7.5,971.jpg,95,False
7.5,972.jpg,89,False
7.5,973.jpg,98,False
7.5,974.jpg,92,False
7.5,975.jpg,95,False
7.5,976.jpg,90,False
7.5,977.jpg,98,False
7.5,978.jpg,89,False
7.5,979.jpg,92,False
7.5,980.jpg,95,False
7.5,981.jpg,98,False
7.5,982.jpg,92,False
7.5,983.jpg,100,False
7.5,984.jpg,92,False
7.5,985.jpg,98,False
7.5,986.jpg,89,False
7.5,987.jpg,98,False
7.5,988.jpg,92,False
7.5,989.jpg,98,False
7.5,990.jpg,94,False
7.5,991.jpg,98,False
7.5,992.jpg,92,False
7.5,993.jpg,98,False
7.5,994.jpg,90,False
7.5,995.jpg,98,False
7.5,996.jpg,95,False
7.5,997.jpg,98,False
7.5,998.jpg,98,False
7.5,999.jpg,100,False
7.5,1000.jpg,90,False
7.5,1001.jpg,98,False
7.5,1002.jpg,92,False
7.5,1003.jpg,98,False
7.5,1004.jpg,89,False
7.5,1005.jpg,98,False
7.5,1006.jpg,90,False
7.5,1007.jpg,98,False
7.5,1008.jpg,88,False
7.5,1009.jpg,92,False
7.5,1010.jpg,90,False
7.5,1011.jpg,96,False
7.5,1012.jpg,95,False
7.5,1013.jpg,100,False
7.5,1014.jpg,94,False
7.5,1015.jpg,100,False
7.5,1016.jpg,89,False
7.5,1017.jpg,98,False
7.5,1018.jpg,89,False
7.5,1019.jpg,100,False
7.5,1020.jpg,94,False
7.5,1021.jpg,98,False
7.5,1022.jpg,95,False
7.5,1023.jpg,98,False
7.5,1024.jpg,92,False
7.5,1025.jpg,98,False
7.5,1026.jpg,89,False
7.5,1027.jpg,95,False
7.5,1028.jpg,95,False
7.5,1029.jpg,100,False
7.5,1030.jpg,88,False
7.5,1031.jpg,98,False
7.5,1032.jpg,92,False
7.5,1033.jpg,98,False
7.5,1034.jpg,90,False
7.5,1035.jpg,98,False
7.5,1036.jpg,92,False
7.5,1037.jpg,94,False
7.5,1038.jpg,89,False
7.5,1039.jpg,92,False
7.5,1040.jpg,92,False
7.5,1041.jpg,94,False
7.5,1042.jpg,94,False
7.5,1043.jpg,100,False
7.5,1044.jpg,90,False
7.5,1045.jpg,98,False
7.5,1046.jpg,89,False
7.5,1047.jpg,100,False
7.5,1048.jpg,94,False
7.5,1049.jpg,97,False
7.5,1050.jpg,90,False
7.5,1051.jpg,100,False
7.5,1052.jpg,95,False
7.5,1053.jpg,98,False
7.5,1054.jpg,94,False
7.5,1055.jpg,98,False
7.5,1056.jpg,88,False
7.5,1057.jpg,98,False
7.5,1058.jpg,90,False
7.5,1059.jpg,95,False
7.5,1060.jpg,95,False
7.5,1061.jpg,98,False
7.5,1062.jpg,90,False
7.5,1063.jpg,99,False
7.5,1064.jpg,90,False
7.5,1065.jpg,95,False
7.5,1066.jpg,90,False
7.5,1067.jpg,98,False
7.5,1068.jpg,91,False
7.5,1069.jpg,95,False
7.5,1070.jpg,94,False
7.5,1071.jpg,100,False
7.5,1072.jpg,94,False
7.5,1073.jpg,98,False
7.5,1074.jpg,92,False
7.5,1075.jpg,94,False
7.5,1076.jpg,92,False
7.5,1077.jpg,98,False
7.5,1078.jpg,91,False
7.5,1079.jpg,98,False
7.5,1080.jpg,90,False
7.5,1081.jpg,100,False
7.5,1082.jpg,90,False
7.5,1083.jpg,98,False
7.5,1084.jpg,90,False
7.5,1085.jpg,98,False
7.5,1086.jpg,92,False
7.5,1087.jpg,100,False
7.5,1088.jpg,90,False
7.5,1089.jpg,100,False
7.5,1090.jpg,92,False
7.5,1091.jpg,98,False
7.5,1092.jpg,92,False
7.5,1093.jpg,95,False
7.5,1094.jpg,90,False
7.5,1095.jpg,98,False
7.5,1096.jpg,94,False
7.5,1097.jpg,94,False
7.5,1098.jpg,92,False
7.5,1099.jpg,95,False
7.5,1100.jpg,91,False
7.5,1101.jpg,98,False
7.5,1102.jpg,94,False
7.5,1103.jpg,98,False
7.5,1104.jpg,95,False
7.5,1105.jpg,98,False
7.5,1106.jpg,91,False
7.5,1107.jpg,98,False
7.5,1108.jpg,92,False
7.5,1109.jpg,98,False
7.5,1110.jpg,91,False
7.5,1111.jpg,98,False
7.5,1112.jpg,92,False
7.5,1113.jpg,98,False
7.5,1114.jpg,93,False
7.5,1115.jpg,95,False
7.5,1116.jpg,93,False
7.5,1117.jpg,99,False
7.5,1118.jpg,93,False
7.5,1119.jpg,98,False
7.5,1120.jpg,92,False
7.5,1121.jpg,98,False
7.5,1122.jpg,91,False
7.5,1123.jpg,98,False
7.5,1124.jpg,95,False
7.5,1125.jpg,98,False
7.5,1126.jpg,92,False
7.5,1127.jpg,98,False
7.5,1128.jpg,88,False
7.5,1129.jpg,98,False
7.5,1130.jpg,93,False
7.5,1131.jpg,98,False
7.5,1132.jpg,90,False
7.5,1133.jpg,98,False
7.5,1134.jpg,89,False
7.5,1135.jpg,98,False
7.5,1136.jpg,93,False
7.5,1137.jpg,95,False
7.5,1138.jpg,92,False
7.5,1139.jpg,100,False
7.5,1140.jpg,89,False
7.5,1141.jpg,92,False
7.5,1142.jpg,87,False
7.5,1143.jpg,98,False
7.5,1144.jpg,89,False
7.5,1145.jpg,98,False
7.5,1146.jpg,90,False
7.5,1147.jpg,100,False
7.5,1148.jpg,92,False
7.5,1149.jpg,98,False
7.5,1150.jpg,90,False
7.5,1151.jpg,100,False
7.5,1152.jpg,92,False
7.5,1153.jpg,98,False
7.5,1154.jpg,89,False
7.5,1155.jpg,98,False
7.5,1156.jpg,86,False
7.5,1157.jpg,96,False
7.5,1158.jpg,89,False
7.5,1159.jpg,98,False
7.5,1160.jpg,90,False
7.5,1161.jpg,98,False
7.5,1162.jpg,88,False
7.5,1163.jpg,98,False
7.5,1164.jpg,89,False
7.5,1165.jpg,98,False
7.5,1166.jpg,90,False
7.5,1167.jpg,98,False
7.5,1168.jpg,92,False
7.5,1169.jpg,98,False
7.5,1170.jpg,91,False
7.5,1171.jpg,98,False
7.5,1172.jpg,90,False
7.5,1173.jpg,100,False
7.5,1174.jpg,94,False
7.5,1175.jpg,100,False
7.5,1176.jpg,90,False
7.5,1177.jpg,98,False
7.5,1178.jpg,93,False
7.5,1179.jpg,99,False
7.5,1180.jpg,95,False
7.5,1181.jpg,98,False
7.5,1182.jpg,90,False
7.5,1183.jpg,98,False
7.5,1184.jpg,91,False
7.5,1185.jpg,98,False
7.5,1186.jpg,92,False
7.5,1187.jpg,98,False
7.5,1188.jpg,89,False
7.5,1189.jpg,98,False
7.5,1190.jpg,92,False
7.5,1191.jpg,98,False
7.5,1192.jpg,90,False
7.5,1193.jpg,95,False
7.5,1194.jpg,90,False
7.5,1195.jpg,98,False
7.5,1196.jpg,89,False
7.5,1197.jpg,100,False
7.5,1198.jpg,90,False
7.5,1199.jpg,95,False
7.5,1200.jpg,92,False
7.5,1201.jpg,97,False
7.5,1202.jpg,89,False
7.5,1203.jpg,98,False
7.5,1204.jpg,90,False
7.5,1205.jpg,98,False
7.5,1206.jpg,92,False
7.5,1207.jpg,98,False
7.5,1208.jpg,90,False
7.5,1209.jpg,98,False
7.5,1210.jpg,92,False
7.5,1211.jpg,95,False
7.5,1212.jpg,94,False
7.5,1213.jpg,98,False
7.5,1214.jpg,88,False
7.5,1215.jpg,98,False
7.5,1216.jpg,94,False
7.5,1217.jpg,98,False
7.5,1218.jpg,90,False
7.5,1219.jpg,95,False
7.5,1220.jpg,90,False
7.5,1221.jpg,99,False
7.5,1222.jpg,89,False
7.5,1223.jpg,100,False
7.5,1224.jpg,91,False
7.5,1225.jpg,98,False
7.5,1226.jpg,90,False
7.5,1227.jpg,98,False
7.5,1228.jpg,92,False
7.5,1229.jpg,100,False
7.5,1230.jpg,94,False
7.5,1231.jpg,94,False
7.5,1232.jpg,92,False
7.5,1233.jpg,100,False
7.5,1234.jpg,92,False
7.5,1235.jpg,98,False
7.5,1236.jpg,95,False
7.5,1237.jpg,98,False
7.5,1238.jpg,95,False
7.5,1239.jpg,98,False
7.5,1240.jpg,90,False
7.5,1241.jpg,100,False
7.5,1242.jpg,94,False
7.5,1243.jpg,100,False
7.5,1244.jpg,90,False
7.5,1245.jpg,94,False
7.5,1246.jpg,92,False
7.5,1247.jpg,100,False
7.5,1248.jpg,90,False
7.5,1249.jpg,95,False
7.5,1250.jpg,89,False
7.5,1251.jpg,100,False
7.5,1252.jpg,89,False
7.5,1253.jpg,99,False
7.5,1254.jpg,88,False
7.5,1255.jpg,94,False
7.5,1256.jpg,89,False
7.5,1257.jpg,100,False
7.5,1258.jpg,89,False
7.5,1259.jpg,100,False
7.5,1260.jpg,92,False
7.5,1261.jpg,100,False
7.5,1262.jpg,88,False
7.5,1263.jpg,98,False
7.5,1264.jpg,90,False
7.5,1265.jpg,95,False
7.5,1266.jpg,90,False
7.5,1267.jpg,94,False
7.5,1268.jpg,92,False
7.5,1269.jpg,98,False
7.5,1270.jpg,92,False
7.5,1271.jpg,95,False
7.5,1272.jpg,89,False
7.5,1273.jpg,98,False
7.5,1274.jpg,94,False
7.5,1275.jpg,100,False
7.5,1276.jpg,92,False
7.5,1277.jpg,98,False
7.5,1278.jpg,88,False
7.5,1279.jpg,98,False
7.5,1280.jpg,97,False
7.5,1281.jpg,98,False
7.5,1282.jpg,90,False
7.5,1283.jpg,98,False
7.5,1284.jpg,94,False
7.5,1285.jpg,98,False
7.5,1286.jpg,90,False
7.5,1287.jpg,94,False
7.5,1288.jpg,92,False
7.5,1289.jpg,100,False
7.5,1290.jpg,86,False
7.5,1291.jpg,98,False
7.5,1292.jpg,89,False
7.5,1293.jpg,100,False
7.5,1294.jpg,92,False
7.5,1295.jpg,95,False
7.5,1296.jpg,88,False
7.5,1297.jpg,95,False
7.5,1298.jpg,90,False
7.5,1299.jpg,98,False
7.5,1300.jpg,95,False
7.5,1301.jpg,98,False
7.5,1302.jpg,92,False
7.5,1303.jpg,94,False
7.5,1304.jpg,92,False
7.5,1305.jpg,98,False
7.5,1306.jpg,95,False
7.5,1307.jpg,98,False
7.5,1308.jpg,92,False
7.5,1309.jpg,98,False
7.5,1310.jpg,90,False
7.5,1311.jpg,100,False
7.5,1312.jpg,89,False
7.5,1313.jpg,98,False
7.5,1314.jpg,89,False
7.5,1315.jpg,98,False
7.5,1316.jpg,92,False
7.5,1317.jpg,98,False
7.5,1318.jpg,90,False
7.5,1319.jpg,98,False
7.5,1320.jpg,92,False
7.5,1321.jpg,100,False
7.5,1322.jpg,90,False
7.5,1323.jpg,98,False
7.5,1324.jpg,92,False
7.5,1325.jpg,98,False
7.5,1326.jpg,92,False
7.5,1327.jpg,96,False
7.5,1328.jpg,92,False
7.5,1329.jpg,98,False
7.5,1330.jpg,89,False
7.5,1331.jpg,98,False
7.5,1332.jpg,90,False
7.5,1333.jpg,98,False
7.5,1334.jpg,95,False
7.5,1335.jpg,98,False
7.5,1336.jpg,94,False
7.5,1337.jpg,100,False
7.5,1338.jpg,90,False
7.5,1339.jpg,98,False
7.5,1340.jpg,92,False
7.5,1341.jpg,98,False
7.5,1342.jpg,93,False
7.5,1343.jpg,98,False
7.5,1344.jpg,90,False
7.5,1345.jpg,98,False
7.5,1346.jpg,93,False
7.5,1347.jpg,100,False
7.5,1348.jpg,90,False
7.5,1349.jpg,99,False
7.5,1350.jpg,90,False
7.5,1351.jpg,98,False
7.5,1352.jpg,90,False
7.5,1353.jpg,98,False
7.5,1354.jpg,89,False
7.5,1355.jpg,98,False
7.5,1356.jpg,89,False
7.5,1357.jpg,96,False
7.5,1358.jpg,90,False
7.5,1359.jpg,98,False
7.5,1360.jpg,92,False
7.5,1361.jpg,98,False
7.5,1362.jpg,93,False
7.5,1363.jpg,100,False
7.5,1364.jpg,92,False
7.5,1365.jpg,98,False
7.5,1366.jpg,96,False
7.5,1367.jpg,100,False
7.5,1368.jpg,94,False
7.5,1369.jpg,94,False
7.5,1370.jpg,90,False
7.5,1371.jpg,98,False
7.5,1372.jpg,92,False
7.5,1373.jpg,98,False
7.5,1374.jpg,90,False
7.5,1375.jpg,98,False
7.5,1376.jpg,88,False
7.5,1377.jpg,86,False
7.5,1378.jpg,90,False
7.5,1379.jpg,100,False
7.5,1380.jpg,90,False
7.5,1381.jpg,98,False
7.5,1382.jpg,92,False
7.5,1383.jpg,98,False
7.5,1384.jpg,92,False
7.5,1385.jpg,98,False
7.5,1386.jpg,90,False
7.5,1387.jpg,98,False
7.5,1388.jpg,92,False
7.5,1389.jpg,100,False
7.5,1390.jpg,89,False
7.5,1391.jpg,92,False
7.5,1392.jpg,92,False
7.5,1393.jpg,95,False
7.5,1394.jpg,86,False
7.5,1395.jpg,97,False
7.5,1396.jpg,91,False
7.5,1397.jpg,101,False
7.5,1398.jpg,90,False
7.5,1399.jpg,100,False
7.5,1400.jpg,89,False
7.5,1401.jpg,98,False
7.5,1402.jpg,95,False
7.5,1403.jpg,98,False
7.5,1404.jpg,89,False
7.5,1405.jpg,94,False
7.5,1406.jpg,90,False
7.5,1407.jpg,98,False
7.5,1408.jpg,92,False
7.5,1409.jpg,98,False
7.5,1410.jpg,90,False
7.5,1411.jpg,96,False
7.5,1412.jpg,90,False
7.5,1413.jpg,97,False
7.5,1414.jpg,90,False
7.5,1415.jpg,98,False
7.5,1416.jpg,89,False
7.5,1417.jpg,100,False
7.5,1418.jpg,90,False
7.5,1419.jpg,98,False
7.5,1420.jpg,90,False
7.5,1421.jpg,100,False
7.5,1422.jpg,94,False
7.5,1423.jpg,95,False
7.5,1424.jpg,92,False
7.5,1425.jpg,95,False
7.5,1426.jpg,92,False
7.5,1427.jpg,98,False
7.5,1428.jpg,92,False
7.5,1429.jpg,95,False
7.5,1430.jpg,92,False
7.5,1431.jpg,98,False
7.5,1432.jpg,88,False
7.5,1433.jpg,97,False
7.5,1434.jpg,90,False
7.5,1435.jpg,98,False
7.5,1436.jpg,88,False
7.5,1437.jpg,94,False
7.5,1438.jpg,89,False
7.5,1439.jpg,97,False
7.5,1440.jpg,92,False
7.5,1441.jpg,94,False
7.5,1442.jpg,93,False
7.5,1443.jpg,98,False
7.5,1444.jpg,92,False
7.5,1445.jpg,98,False
7.5,1446.jpg,89,False
7.5,1447.jpg,95,False
7.5,1448.jpg,89,False
7.5,1449.jpg,98,False
7.5,1450.jpg,92,False
7.5,1451.jpg,95,False
7.5,1452.jpg,92,False
7.5,1453.jpg,98,False
7.5,1454.jpg,92,False
7.5,1455.jpg,99,False
7.5,1456.jpg,92,False
7.5,1457.jpg,98,False
7.5,1458.jpg,90,False
7.5,1459.jpg,98,False
7.5,1460.jpg,95,False
7.5,1461.jpg,100,False
7.5,1462.jpg,94,False
7.5,1463.jpg,100,False
7.5,1464.jpg,87,False
7.5,1465.jpg,95,False
7.5,1466.jpg,92,False
7.5,1467.jpg,98,False
7.5,1468.jpg,90,False
7.5,1469.jpg,100,False
7.5,1470.jpg,91,False
7.5,1471.jpg,99,False
7.5,1472.jpg,91,False
7.5,1473.jpg,98,False
7.5,1474.jpg,90,False
7.5,1475.jpg,100,False
7.5,1476.jpg,90,False
7.5,1477.jpg,98,False
7.5,1478.jpg,90,False
7.5,1479.jpg,98,False
7.5,1480.jpg,90,False
7.5,1481.jpg,98,False
7.5,1482.jpg,92,False
7.5,1483.jpg,98,False
7.5,1484.jpg,92,False
7.5,1485.jpg,100,False
7.5,1486.jpg,96,False
7.5,1487.jpg,101,False
7.5,1488.jpg,94,False
7.5,1489.jpg,98,False
7.5,1490.jpg,89,False
7.5,1491.jpg,98,False
7.5,1492.jpg,92,False
7.5,1493.jpg,100,False
7.5,1494.jpg,92,False
7.5,1495.jpg,98,False
7.5,1496.jpg,95,False
7.5,1497.jpg,98,False
7.5,1498.jpg,89,False
7.5,1499.jpg,98,False
7.5,1500.jpg,94,False
7.5,1501.jpg,98,False
7.5,1502.jpg,90,False
7.5,1503.jpg,94,False
7.5,1504.jpg,92,False
7.5,1505.jpg,98,False
7.5,1506.jpg,94,False
7.5,1507.jpg,98,False
7.5,1508.jpg,94,False
7.5,1509.jpg,95,False
7.5,1510.jpg,90,False
7.5,1511.jpg,98,False
7.5,1512.jpg,90,False
7.5,1513.jpg,98,False
7.5,1514.jpg,90,False
7.5,1515.jpg,98,False
7.5,1516.jpg,92,False
7.5,1517.jpg,94,False
7.5,1518.jpg,90,False
7.5,1519.jpg,98,False
7.5,1520.jpg,94,False
7.5,1521.jpg,98,False
7.5,1522.jpg,90,False
7.5,1523.jpg,98,False
7.5,1524.jpg,92,False
7.5,1525.jpg,98,False
7.5,1526.jpg,89,False
7.5,1527.jpg,100,False
7.5,1528.jpg,98,False
7.5,1529.jpg,98,False
7.5,1530.jpg,90,False
7.5,1531.jpg,98,False
7.5,1532.jpg,92,False
7.5,1533.jpg,92,False
7.5,1534.jpg,95,False
7.5,1535.jpg,98,False
7.5,1536.jpg,90,False
7.5,1537.jpg,100,False
7.5,1538.jpg,92,False
7.5,1539.jpg,98,False
7.5,1540.jpg,90,False
7.5,1541.jpg,98,False
7.5,1542.jpg,89,False
7.5,1543.jpg,92,False
7.5,1544.jpg,92,False
7.5,1545.jpg,100,False
7.5,1546.jpg,89,False
7.5,1547.jpg,95,False
7.5,1548.jpg,90,False
7.5,1549.jpg,100,False
7.5,1550.jpg,90,False
7.5,1551.jpg,98,False
7.5,1552.jpg,93,False
7.5,1553.jpg,100,False
7.5,1554.jpg,90,False
7.5,1555.jpg,100,False
7.5,1556.jpg,89,False
7.5,1557.jpg,98,False
7.5,1558.jpg,88,False
7.5,1559.jpg,98,False
7.5,1560.jpg,90,False
7.5,1561.jpg,98,False
7.5,1562.jpg,92,False
7.5,1563.jpg,98,False
7.5,1564.jpg,90,False
7.5,1565.jpg,98,False
7.5,1566.jpg,90,False
7.5,1567.jpg,98,False
7.5,1568.jpg,90,False
7.5,1569.jpg,100,False
7.5,1570.jpg,89,False
7.5,1571.jpg,96,False
7.5,1572.jpg,92,False
7.5,1573.jpg,98,False
7.5,1574.jpg,89,False
7.5,1575.jpg,98,False
7.5,1576.jpg,92,False
7.5,1577.jpg,98,False
7.5,1578.jpg,89,False
7.5,1579.jpg,100,False
7.5,1580.jpg,90,False
7.5,1581.jpg,100,False
7.5,1582.jpg,90,False
7.5,1583.jpg,92,False
7.5,1584.jpg,92,False
7.5,1585.jpg,100,False
7.5,1586.jpg,92,False
7.5,1587.jpg,98,False
7.5,1588.jpg,90,False
7.5,1589.jpg,98,False
7.5,1590.jpg,92,False
7.5,1591.jpg,98,False
7.5,1592.jpg,90,False
7.5,1593.jpg,98,False
7.5,1594.jpg,89,False
7.5,1595.jpg,98,False
7.5,1596.jpg,98,False
7.5,1597.jpg,94,False
7.5,1598.jpg,92,False
7.5,1599.jpg,95,False
7.5,1600.jpg,89,False
7.5,1601.jpg,98,False
7.5,1602.jpg,72,True
7.5,1603.jpg,37,True
7.5,1604.jpg,92,False
7.5,1605.jpg,95,False
7.5,1606.jpg,87,False
7.5,1607.jpg,94,False
7.5,1608.jpg,89,False
7.5,1609.jpg,98,False
7.5,1610.jpg,89,False
7.5,1611.jpg,100,False
7.5,1612.jpg,90,False
7.5,1613.jpg,98,False
7.5,1614.jpg,94,False
7.5,1615.jpg,99,False
7.5,1616.jpg,92,False
7.5,1617.jpg,98,False
7.5,1618.jpg,89,False
7.5,1619.jpg,97,False
7.5,1620.jpg,90,False
7.5,1621.jpg,100,False
7.5,1622.jpg,93,False
7.5,1623.jpg,95,False
7.5,1624.jpg,90,False
7.5,1625.jpg,98,False
7.5,1626.jpg,89,False
7.5,1627.jpg,97,False
7.5,1628.jpg,92,False
7.5,1629.jpg,98,False
7.5,1630.jpg,89,False
7.5,1631.jpg,98,False
7.5,1632.jpg,92,False
7.5,1633.jpg,98,False
7.5,1634.jpg,94,False
7.5,1635.jpg,95,False
7.5,1636.jpg,96,False
7.5,1637.jpg,98,False
7.5,1638.jpg,90,False
7.5,1639.jpg,100,False
7.5,1640.jpg,90,False
7.5,1641.jpg,100,False
7.5,1642.jpg,96,False
7.5,1643.jpg,98,False
7.5,1644.jpg,93,False
7.5,1645.jpg,98,False
7.5,1646.jpg,91,False
7.5,1647.jpg,98,False
7.5,1648.jpg,94,False
7.5,1649.jpg,98,False
7.5,1650.jpg,89,False
7.5,1651.jpg,98,False
7.5,1652.jpg,89,False
7.5,1653.jpg,98,False
7.5,1654.jpg,90,False
7.5,1655.jpg,95,False
7.5,1656.jpg,89,False
7.5,1657.jpg,96,False
7.5,1658.jpg,89,False
7.5,1659.jpg,100,False
7.5,1660.jpg,94,False
7.5,1661.jpg,98,False
7.5,1662.jpg,88,False
7.5,1663.jpg,98,False
7.5,1664.jpg,92,False
7.5,1665.jpg,98,False
7.5,1666.jpg,92,False
7.5,1667.jpg,99,False
7.5,1668.jpg,90,False
7.5,1669.jpg,98,False
7.5,1670.jpg,92,False
7.5,1671.jpg,98,False
7.5,1672.jpg,89,False
7.5,1673.jpg,100,False
7.5,1674.jpg,94,False
7.5,1675.jpg,98,False
7.5,1676.jpg,93,False
7.5,1677.jpg,99,False
7.5,1678.jpg,89,False
7.5,1679.jpg,97,False
7.5,1680.jpg,92,False
7.5,1681.jpg,98,False
7.5,1682.jpg,94,False
7.5,1683.jpg,95,False
7.5,1684.jpg,90,False
7.5,1685.jpg,106,False
7.5,1686.jpg,91,False
7.5,1687.jpg,98,False
7.5,1688.jpg,90,False
7.5,1689.jpg,98,False
7.5,1690.jpg,92,False
7.5,1691.jpg,100,False
7.5,1692.jpg,98,False
7.5,1693.jpg,98,False
7.5,1694.jpg,91,False
7.5,1695.jpg,94,False
7.5,1696.jpg,94,False
7.5,1697.jpg,98,False
7.5,1698.jpg,92,False
7.5,1699.jpg,98,False
7.5,1700.jpg,90,False
7.5,1701.jpg,98,False
7.5,1702.jpg,93,False
7.5,1703.jpg,98,False
7.5,1704.jpg,94,False
7.5,1705.jpg,100,False
7.5,1706.jpg,90,False
7.5,1707.jpg,98,False
7.5,1708.jpg,90,False
7.5,1709.jpg,98,False
7.5,1710.jpg,90,False
7.5,1711.jpg,98,False
7.5,1712.jpg,90,False
7.5,1713.jpg,95,False
7.5,1714.jpg,89,False
7.5,1715.jpg,95,False
7.5,1716.jpg,92,False
7.5,1717.jpg,98,False
7.5,1718.jpg,92,False
7.5,1719.jpg,98,False
7.5,1720.jpg,88,False
7.5,1721.jpg,94,False
7.5,1722.jpg,90,False
7.5,1723.jpg,98,False
7.5,1724.jpg,89,False
7.5,1725.jpg,98,False
7.5,1726.jpg,95,False
7.5,1727.jpg,95,False
7.5,1728.jpg,93,False
7.5,1729.jpg,98,False
7.5,1730.jpg,90,False
7.5,1731.jpg,98,False
7.5,1732.jpg,89,False
7.5,1733.jpg,98,False
7.5,1734.jpg,90,False
7.5,1735.jpg,98,False
7.5,1736.jpg,89,False
7.5,1737.jpg,98,False
7.5,1738.jpg,91,False
7.5,1739.jpg,95,False
7.5,1740.jpg,92,False
7.5,1741.jpg,95,False
7.5,1742.jpg,90,False
7.5,1743.jpg,94,False
7.5,1744.jpg,90,False
7.5,1745.jpg,100,False
7.5,1746.jpg,90,False
7.5,1747.jpg,98,False
7.5,1748.jpg,93,False
7.5,1749.jpg,98,False
7.5,1750.jpg,89,False
7.5,1751.jpg,98,False
7.5,1752.jpg,93,False
7.5,1753.jpg,97,False
7.5,1754.jpg,90,False
7.5,1755.jpg,98,False
7.5,1756.jpg,92,False
7.5,1757.jpg,95,False
7.5,1758.jpg,89,False
7.5,1759.jpg,95,False
7.5,1760.jpg,89,False
7.5,1761.jpg,98,False
7.5,1762.jpg,90,False
7.5,1763.jpg,98,False
7.5,1764.jpg,95,False
7.5,1765.jpg,98,False
7.5,1766.jpg,89,False
7.5,1767.jpg,98,False
7.5,1768.jpg,88,False
7.5,1769.jpg,100,False
7.5,1770.jpg,92,False
7.5,1771.jpg,98,False
7.5,1772.jpg,93,False
7.5,1773.jpg,98,False
7.5,1774.jpg,89,False
7.5,1775.jpg,94,False
7.5,1776.jpg,92,False
7.5,1777.jpg,95,False
7.5,1778.jpg,89,False
7.5,1779.jpg,98,False
7.5,1780.jpg,92,False
7.5,1781.jpg,98,False
7.5,1782.jpg,92,False
7.5,1783.jpg,98,False
7.5,1784.jpg,94,False
7.5,1785.jpg,97,False
7.5,1786.jpg,92,False
7.5,1787.jpg,95,False
7.5,1788.jpg,92,False
7.5,1789.jpg,94,False
7.5,1790.jpg,92,False
7.5,1791.jpg,95,False
7.5,1792.jpg,90,False
7.5,1793.jpg,98,False
7.5,1794.jpg,92,False
7.5,1795.jpg,98,False
7.5,1796.jpg,89,False
7.5,1797.jpg,98,False
7.5,1798.jpg,90,False
7.5,1799.jpg,100,False
7.5,1800.jpg,90,False
7.5,1801.jpg,98,False
7.5,1802.jpg,91,False
7.5,1803.jpg,99,False
7.5,1804.jpg,90,False
7.5,1805.jpg,98,False
7.5,1806.jpg,90,False
7.5,1807.jpg,95,False
7.5,1808.jpg,89,False
7.5,1809.jpg,98,False
7.5,1810.jpg,94,False
7.5,1811.jpg,95,False
